video_id,gloss,split,source,status,resolution,width,height,aspect_ratio,fps,total_frames,duration_seconds,size_kb,size_mb,message,url
69241,book,train,aslbrick,VALID,1280x720,1280,720,16:9,29.97,75,2.503,2941.75,2.873,OK,http://aslbricks.org/New/ASL-Videos/book.mp4
65225,book,train,aslsignbank,VALID,656x370,656,370,16:9,23.98,61,2.544,280.56,0.274,OK,https://aslsignbank.haskins.yale.edu/dictionary/protected_media/glossvideo/ASL/BO/BOOK-418.mp4
68011,book,train,valencia-asl,VALID,848x480,848,480,16:9,29.97,55,1.835,74.06,0.072,OK,https://www.youtube.com/watch?v=0UsjUE-TXns
68208,book,train,lillybauer,MISSING,,,,,,,,,,File không tồn tại,https://www.youtube.com/watch?v=1QOYOZ3g-aY
68012,book,train,valencia-asl,VALID,1280x720,1280,720,16:9,30.0,113,3.767,588.72,0.575,OK,https://www.youtube.com/watch?v=aGtIHKEdCds
70212,book,val,northtexas,VALID,626x360,626,360,16:9,29.97,100,3.337,103.28,0.101,OK,https://www.youtube.com/watch?v=hjS0dQDgbjo
70266,book,train,northtexas,VALID,626x360,626,360,16:9,29.97,121,4.037,207.34,0.202,OK,https://www.youtube.com/watch?v=WGfiiDgrq1I
07085,book,train,aslpro,MISSING,,,,,,,,,,File không tồn tại,http://www.aslpro.com/main/b/book_english_grammar.swf
07086,book,train,aslpro,MISSING,,,,,,,,,,File không tồn tại,http://www.aslpro.com/main/b/book_geography.swf
07087,book,train,aslpro,MISSING,,,,,,,,,,File không tồn tại,http://www.aslpro.com/main/b/book_geometry.swf
07069,book,train,signschool,VALID,1280x720,1280,720,16:9,23.98,30,1.251,215.28,0.21,OK,https://signstock.blob.core.windows.net/signschool/videos/SignSchool%20Book.mp4
07088,book,train,aslpro,MISSING,,,,,,,,,,File không tồn tại,http://www.aslpro.com/main/b/book_history.swf
07089,book,train,aslpro,MISSING,,,,,,,,,,File không tồn tại,http://www.aslpro.com/main/b/book_law.swf
07090,book,train,aslpro,MISSING,,,,,,,,,,File không tồn tại,http://www.aslpro.com/main/b/book_literature.swf
07091,book,train,aslpro,MISSING,,,,,,,,,,File không tồn tại,http://www.aslpro.com/main/b/book_math.swf
07092,book,test,aslpro,MISSING,,,,,,,,,,File không tồn tại,http://www.aslpro.com/main/b/book_medicine.swf
07093,book,test,aslpro,MISSING,,,,,,,,,,File không tồn tại,http://www.aslpro.com/main/b/book_music.swf
07068,book,train,startasl,VALID,736x414,736,414,16:9,29.97,68,2.269,235.12,0.23,OK,https://s3-us-west-1.amazonaws.com/files.startasl.com/asldictionary/book.mp4
07094,book,val,aslpro,MISSING,,,,,,,,,,File không tồn tại,http://www.aslpro.com/main/b/book_photography.swf
07095,book,test,aslpro,MISSING,,,,,,,,,,File không tồn tại,http://www.aslpro.com/main/b/book_science.swf
07096,book,val,aslpro,MISSING,,,,,,,,,,File không tồn tại,http://www.aslpro.com/main/b/book_spelling.swf
07097,book,train,aslpro,MISSING,,,,,,,,,,File không tồn tại,http://www.aslpro.com/main/b/book.swf
07070,book,train,asldeafined,VALID,640x480,640,480,4:3,30.0,86,2.867,580.56,0.567,OK,https://media.asldeafined.com/vocabulary/1466684225.687.mp4
07098,book,val,aslpro,MISSING,,,,,,,,,,File không tồn tại,http://www.aslpro.com/main/b/book_trigonometry.swf
07099,book,val,aslsearch,MISSING,,,,,,,,,,File không tồn tại,http://www.aslsearch.com/signs/videos/book.mp4
07071,book,train,handspeak,MISSING,,,,,,,,,,File không tồn tại,https://www.handspeak.com/word/b/book2.mp4
07072,book,test,handspeak,MISSING,,,,,,,,,,File không tồn tại,https://www.handspeak.com/word/b/book.mp4
07073,book,train,handspeak,MISSING,,,,,,,,,,File không tồn tại,https://www.handspeak.com/word/b/books-pile.mp4
67424,book,train,asllex,MISSING,,,,,,,,,,File không tồn tại,https://youtu.be/3-GrhsVs830
07074,book,train,signingsavvy,MISSING,,,,,,,,,,File không tồn tại,https://www.signingsavvy.com/signs/mp4/14/14326.mp4
07075,book,train,aslu,VALID,1920x1080,1920,1080,16:9,29.97,82,2.736,358.04,0.35,OK,https://www.youtube.com/watch?v=Kwvw-K6GYW8
07076,book,train,aslu,VALID,1920x1080,1920,1080,16:9,30.0,107,3.567,498.97,0.487,OK,https://www.youtube.com/watch?v=XjWSfh50kAU
07077,book,train,aslpro,MISSING,,,,,,,,,,File không tồn tại,http://www.aslpro.com/main/b/book_accounting.swf
07078,book,train,aslpro,MISSING,,,,,,,,,,File không tồn tại,http://www.aslpro.com/main/b/book_algebra.swf
07079,book,train,aslpro,MISSING,,,,,,,,,,File không tồn tại,http://www.aslpro.com/main/b/book_anatomy.swf
07080,book,train,aslpro,MISSING,,,,,,,,,,File không tồn tại,http://www.aslpro.com/main/b/book_art_history.swf
07081,book,train,aslpro,MISSING,,,,,,,,,,File không tồn tại,http://www.aslpro.com/main/b/book_art.swf
07082,book,train,aslpro,MISSING,,,,,,,,,,File không tồn tại,http://www.aslpro.com/main/b/book_business.swf
07083,book,val,aslpro,MISSING,,,,,,,,,,File không tồn tại,http://www.aslpro.com/main/b/book_chemistry.swf
07084,book,train,aslpro,MISSING,,,,,,,,,,File không tồn tại,http://www.aslpro.com/main/b/book_coloring.swf
69302,drink,val,aslbrick,VALID,1920x1080,1920,1080,16:9,29.97,77,2.569,6066.62,5.924,OK,http://aslbricks.org/New/ASL-Videos/drink.mp4
65539,drink,train,aslsignbank,VALID,656x370,656,370,16:9,23.98,44,1.835,72.06,0.07,OK,https://aslsignbank.haskins.yale.edu/dictionary/protected_media/glossvideo/ASL/DR/DRINK-119.mp4
70173,drink,val,northtexas,VALID,628x480,628,480,4:3,29.97,122,4.071,456.53,0.446,OK,https://www.youtube.com/watch?v=F5Wef1_PtLk
68538,drink,val,lillybauer,MISSING,,,,,,,,,,File không tồn tại,https://www.youtube.com/watch?v=HZMTQJdBZ9g
68042,drink,val,valencia-asl,VALID,1280x720,1280,720,16:9,30.0,88,2.933,366.67,0.358,OK,https://www.youtube.com/watch?v=KRc_WYI1DgA
68660,drink,train,lillybauer,MISSING,,,,,,,,,,File không tồn tại,https://www.youtube.com/watch?v=Lk2Vws8homw
68041,drink,train,valencia-asl,VALID,1280x720,1280,720,16:9,24.98,88,3.523,320.14,0.313,OK,https://www.youtube.com/watch?v=Nc7rSopCpI8
17725,drink,train,aslu,MISSING,,,,,,,,,,File không tồn tại,https://www.youtube.com/watch?v=537MWOtCl78
17726,drink,train,aslu,MISSING,,,,,,,,,,File không tồn tại,https://www.youtube.com/watch?v=6gU3Ln98sWA
17727,drink,train,nabboud,MISSING,,,,,,,,,,File không tồn tại,https://www.youtube.com/watch?v=Ddd2ZZNFhVI
17728,drink,train,aslu,MISSING,,,,,,,,,,File không tồn tại,https://www.youtube.com/watch?v=g3rl9_LYqzI
17710,drink,train,startasl,VALID,736x414,736,414,16:9,29.97,70,2.336,242.77,0.237,OK,https://s3-us-west-1.amazonaws.com/files.startasl.com/asldictionary/drink.mp4
17729,drink,train,aslu,VALID,1920x1080,1920,1080,16:9,29.97,72,2.402,672.45,0.657,OK,https://www.youtube.com/watch?v=i0opsQ2zB1Q
17730,drink,test,aslu,VALID,1920x1080,1920,1080,16:9,29.97,82,2.736,830.92,0.811,OK,https://www.youtube.com/watch?v=k6cNmM9WgUs
17731,drink,train,aslu,VALID,1920x1080,1920,1080,16:9,29.97,72,2.402,315.73,0.308,OK,https://www.youtube.com/watch?v=LqJM7wcUixQ
17732,drink,train,aslpro,MISSING,,,,,,,,,,File không tồn tại,http://www.aslpro.com/main/d/drink.swf
17733,drink,train,aslsearch,MISSING,,,,,,,,,,File không tồn tại,http://www.aslsearch.com/signs/videos/drink-alcohol.mp4
65540,drink,train,aslsignbank,VALID,656x370,656,370,16:9,23.98,46,1.918,77.24,0.075,OK,https://aslsignbank.haskins.yale.edu/dictionary/protected_media/glossvideo/ASL/DR/DRINK-120.mp4
17734,drink,val,aslsearch,MISSING,,,,,,,,,,File không tồn tại,http://www.aslsearch.com/signs/videos/drink.mp4
17711,drink,train,signschool,VALID,854x480,854,480,16:9,29.97,81,2.703,170.93,0.167,OK,https://signstock.blob.core.windows.net/signschool/videos/db_uploads/SignSchool%20Drink%20(correct)-0UzEF7ru0sQ.mp4
17712,drink,train,signschool,VALID,1920x1080,1920,1080,16:9,23.98,43,1.793,619.74,0.605,OK,https://signstock.blob.core.windows.net/signschool/videos/db_uploads/SignSchool%20Drink-L6hHRIQzWBo.mp4
17713,drink,test,asldeafined,VALID,640x480,640,480,4:3,30.0,91,3.033,606.07,0.592,OK,https://media.asldeafined.com/vocabulary/1467773819.9825.mp4
17714,drink,train,handspeak,MISSING,,,,,,,,,,File không tồn tại,https://www.handspeak.com/word/d/drink2.mp4
17715,drink,train,handspeak,MISSING,,,,,,,,,,File không tồn tại,https://www.handspeak.com/word/d/drink-alcohol.mp4
17716,drink,test,handspeak,MISSING,,,,,,,,,,File không tồn tại,https://www.handspeak.com/word/d/drink-british.mp4
17717,drink,train,handspeak,MISSING,,,,,,,,,,File không tồn tại,https://www.handspeak.com/word/d/drink.mp4
17718,drink,test,handspeak,MISSING,,,,,,,,,,File không tồn tại,https://www.handspeak.com/word/d/drink-mug.mp4
17709,drink,train,spreadthesign,VALID,320x240,320,240,4:3,25.0,105,4.2,89.04,0.087,OK,https://media.spreadthesign.com/video/mp4/13/153289.mp4
67594,drink,train,asllex,MISSING,,,,,,,,,,File không tồn tại,https://youtu.be/yawcLQIhQiE
17719,drink,train,handspeak,MISSING,,,,,,,,,,File không tồn tại,https://www.handspeak.com/word/d/drink-plu.mp4
17720,drink,train,signingsavvy,MISSING,,,,,,,,,,File không tồn tại,https://www.signingsavvy.com/signs/mp4/14/14885.mp4
17721,drink,train,signingsavvy,MISSING,,,,,,,,,,File không tồn tại,https://www.signingsavvy.com/signs/mp4/23/23388.mp4
17722,drink,train,signingsavvy,MISSING,,,,,,,,,,File không tồn tại,https://www.signingsavvy.com/signs/mp4/23/23388.mp4
17723,drink,train,signingsavvy,MISSING,,,,,,,,,,File không tồn tại,https://www.signingsavvy.com/signs/mp4/23/23389.mp4
17724,drink,val,signingsavvy,MISSING,,,,,,,,,,File không tồn tại,https://www.signingsavvy.com/signs/mp4/7/7796.mp4
12306,computer,test,asl5200,VALID,480x320,480,320,3:2,25.0,60,2.4,67.32,0.066,OK,https://www.youtube.com/watch?v=PPmQd2zWdP0
68028,computer,train,valencia-asl,VALID,1280x720,1280,720,16:9,25.04,89,3.554,379.58,0.371,OK,https://www.youtube.com/watch?v=H-tAzh-nuV8
69054,computer,train,lillybauer,MISSING,,,,,,,,,,File không tồn tại,https://www.youtube.com/watch?v=YEFd7zsUNXU
12328,computer,train,signingsavvy,MISSING,,,,,,,,,,File không tồn tại,https://www.signingsavvy.com/signs/mp4/6/6326.mp4
12329,computer,train,aslu,VALID,1920x1080,1920,1080,16:9,29.97,120,4.004,1186.36,1.159,OK,https://www.youtube.com/watch?v=97IwdVSOQho
12330,computer,train,aslu,VALID,1920x1080,1920,1080,16:9,29.97,104,3.47,524.38,0.512,OK,https://www.youtube.com/watch?v=cujhpwWi1yY
12312,computer,val,startasl,VALID,1280x720,1280,720,16:9,29.97,101,3.37,715.43,0.699,OK,https://s3-us-west-1.amazonaws.com/files.startasl.com/asldictionary/computer-2.mp4
12331,computer,train,aslu,VALID,1920x1080,1920,1080,16:9,29.97,78,2.603,195.26,0.191,OK,https://www.youtube.com/watch?v=fY11M3Dxxx0
12332,computer,test,nabboud,MISSING,,,,,,,,,,File không tồn tại,https://www.youtube.com/watch?v=lVo6MByRMHY
12333,computer,val,aslu,VALID,1920x1080,1920,1080,16:9,29.97,102,3.403,794.51,0.776,OK,https://www.youtube.com/watch?v=-_RSZM-lLXE
12335,computer,val,aslu,VALID,1920x1080,1920,1080,16:9,29.97,76,2.536,206.37,0.202,OK,https://www.youtube.com/watch?v=vK4GwJaDcWU
12336,computer,test,nabboud,MISSING,,,,,,,,,,File không tồn tại,https://www.youtube.com/watch?v=-wmqgdmwySo
12311,computer,train,spreadthesign,VALID,320x240,320,240,4:3,29.97,72,2.402,165.09,0.161,OK,https://media.spreadthesign.com/video/mp4/13/51378.mp4
12337,computer,train,aslpro,MISSING,,,,,,,,,,File không tồn tại,http://www.aslpro.com/main/c/computer.swf
12338,computer,train,aslsearch,MISSING,,,,,,,,,,File không tồn tại,http://www.aslsearch.com/signs/videos/computer.mp4
12313,computer,train,startasl,VALID,1280x720,1280,720,16:9,29.97,81,2.703,653.35,0.638,OK,https://s3-us-west-1.amazonaws.com/files.startasl.com/asldictionary/computer.mp4
12314,computer,train,signschool,VALID,1920x1080,1920,1080,16:9,29.97,43,1.435,539.58,0.527,OK,https://signstock.blob.core.windows.net/signschool/videos/db_uploads/Computer%203-ZIm7kG5ie_M.mp4
12315,computer,val,signschool,VALID,1920x1080,1920,1080,16:9,29.97,57,1.902,784.54,0.766,OK,https://signstock.blob.core.windows.net/signschool/videos/db_uploads/Computer%205-wOn7bu44o4s.mp4
12316,computer,train,signschool,VALID,1920x1080,1920,1080,16:9,29.97,43,1.435,508.91,0.497,OK,https://signstock.blob.core.windows.net/signschool/videos/db_uploads/SignSchool%20Computer%201-_2YnCKHJy6U.mp4
12317,computer,train,signschool,VALID,1920x1080,1920,1080,16:9,29.97,53,1.768,607.48,0.593,OK,https://signstock.blob.core.windows.net/signschool/videos/db_uploads/SignSchool%20Computer%202-_HHzYqXw-xU.mp4
12318,computer,train,signschool,VALID,1920x1080,1920,1080,16:9,29.97,45,1.502,536.65,0.524,OK,https://signstock.blob.core.windows.net/signschool/videos/db_uploads/SignSchool%20Computer%204-1f6Cc5NXBgw.mp4
12319,computer,train,signschool,VALID,1920x1080,1920,1080,16:9,29.97,40,1.335,451.37,0.441,OK,https://signstock.blob.core.windows.net/signschool/videos/db_uploads/SignSchool%20Republic%20of%20Congo-b6U1CIWIPIw.mp4
12320,computer,test,asldeafined,VALID,640x480,640,480,4:3,30.0,102,3.4,704.49,0.688,OK,https://media.asldeafined.com/vocabulary/1466901185.5915.mp4
67519,computer,test,asllex,MISSING,,,,,,,,,,File không tồn tại,https://youtu.be/u1xoXux2NaE
12321,computer,train,handspeak,MISSING,,,,,,,,,,File không tồn tại,https://www.handspeak.com/word/c/computer-arm2.mp4
12322,computer,train,handspeak,MISSING,,,,,,,,,,File không tồn tại,https://www.handspeak.com/word/c/computer-arm.mp4
12323,computer,train,handspeak,MISSING,,,,,,,,,,File không tồn tại,https://www.handspeak.com/word/c/computer-head.mp4
12324,computer,train,handspeak,MISSING,,,,,,,,,,File không tồn tại,https://www.handspeak.com/word/c/computer-old2.mp4
12326,computer,val,signingsavvy,MISSING,,,,,,,,,,File không tồn tại,https://www.signingsavvy.com/signs/mp4/6/6011.mp4
12327,computer,train,signingsavvy,MISSING,,,,,,,,,,File không tồn tại,https://www.signingsavvy.com/signs/mp4/6/6012.mp4
05724,before,train,asl5200,VALID,480x320,480,320,3:2,25.0,47,1.88,34.81,0.034,OK,https://www.youtube.com/watch?v=pDqITge_TGs
70348,before,train,northtexas,VALID,626x360,626,360,16:9,29.97,96,3.203,105.81,0.103,OK,https://www.youtube.com/watch?v=bq-HmgjGzmw
68007,before,train,valencia-asl,VALID,1280x720,1280,720,16:9,30.0,101,3.367,246.8,0.241,OK,https://www.youtube.com/watch?v=IYH-gBXXl8I
05744,before,train,aslu,VALID,852x480,852,480,16:9,29.97,68,2.269,170.26,0.166,OK,https://www.youtube.com/watch?v=MvtVsr3P098
05746,before,val,aslu,VALID,852x480,852,480,16:9,29.97,49,1.635,86.32,0.084,OK,https://www.youtube.com/watch?v=PeO4kaKvoVM
05728,before,train,signschool,VALID,1920x1080,1920,1080,16:9,23.98,26,1.084,570.88,0.557,OK,https://signstock.blob.core.windows.net/signschool/videos/db_uploads/SignSchool%20Before%202-02xxXtC3G8c.mp4
05747,before,train,aslu,VALID,1920x1080,1920,1080,16:9,29.97,76,2.536,175.7,0.172,OK,https://www.youtube.com/watch?v=TQMe2WDz9QE
05748,before,train,aslpro,MISSING,,,,,,,,,,File không tồn tại,http://www.aslpro.com/main/b/before.swf
05749,before,train,aslsearch,MISSING,,,,,,,,,,File không tồn tại,http://www.aslsearch.com/signs/videos/before3.mp4
05750,before,val,aslsearch,MISSING,,,,,,,,,,File không tồn tại,http://www.aslsearch.com/signs/videos/before.mp4
05729,before,train,signschool,VALID,1920x1080,1920,1080,16:9,29.97,52,1.735,593.03,0.579,OK,https://signstock.blob.core.windows.net/signschool/videos/db_uploads/SignSchool%20Before-kM8O_piLegw.mp4
05730,before,train,signschool,VALID,1920x1080,1920,1080,16:9,23.98,31,1.293,400.42,0.391,OK,https://signstock.blob.core.windows.net/signschool/videos/db_uploads/SignSchool%20Before-Se78WI3j-mI.mp4
65167,before,train,aslsignbank,VALID,656x370,656,370,16:9,23.98,58,2.419,185.01,0.181,OK,https://aslsignbank.haskins.yale.edu/dictionary/protected_media/glossvideo/ASL/BE/BEFORE-37.mp4
05731,before,train,signschool,VALID,1920x1080,1920,1080,16:9,23.98,45,1.877,674.55,0.659,OK,https://signstock.blob.core.windows.net/signschool/videos/db_uploads/SignSchool%20Last-0SLfkAHELAs.mp4
05732,before,train,asldeafined,VALID,640x480,640,480,4:3,30.0,86,2.867,549.4,0.537,OK,https://media.asldeafined.com/vocabulary/1466681314.2550.mp4
05733,before,train,asldeafined,VALID,640x480,640,480,4:3,30.0,108,3.6,707.51,0.691,OK,https://media.asldeafined.com/vocabulary/1466681379.1244.mp4
05734,before,train,asldeafined,VALID,640x480,640,480,4:3,30.0,81,2.7,582.04,0.568,OK,https://media.asldeafined.com/vocabulary/1468755772.9751.mp4
05735,before,test,handspeak,MISSING,,,,,,,,,,File không tồn tại,https://www.handspeak.com/word/b/before-long.mp4
05736,before,val,handspeak,MISSING,,,,,,,,,,File không tồn tại,https://www.handspeak.com/word/b/before.mp4
05727,before,test,startasl,VALID,1280x720,1280,720,16:9,29.97,87,2.903,644.64,0.63,OK,https://s3-us-west-1.amazonaws.com/files.startasl.com/asldictionary/before.mp4
05737,before,val,handspeak,MISSING,,,,,,,,,,File không tồn tại,https://www.handspeak.com/word/b/before-past.mp4
05739,before,test,signingsavvy,MISSING,,,,,,,,,,File không tồn tại,https://www.signingsavvy.com/signs/mp4/22/22829.mp4
05740,before,train,signingsavvy,MISSING,,,,,,,,,,File không tồn tại,https://www.signingsavvy.com/signs/mp4/22/22831.mp4
05741,before,test,signingsavvy,MISSING,,,,,,,,,,File không tồn tại,https://www.signingsavvy.com/signs/mp4/5/5971.mp4
05742,before,train,signingsavvy,MISSING,,,,,,,,,,File không tồn tại,https://www.signingsavvy.com/signs/mp4/6/6164.mp4
05743,before,train,signingsavvy,MISSING,,,,,,,,,,File không tồn tại,https://www.signingsavvy.com/signs/mp4/9/9194.mp4
09847,chair,test,asl5200,VALID,480x320,480,320,3:2,25.0,60,2.4,53.49,0.052,OK,https://www.youtube.com/watch?v=PPmQd2zWdP0
70230,chair,train,northtexas,VALID,626x360,626,360,16:9,29.97,131,4.371,147.36,0.144,OK,https://www.youtube.com/watch?v=4Nh1iFv2BMc
68580,chair,train,lillybauer,MISSING,,,,,,,,,,File không tồn tại,https://www.youtube.com/watch?v=j2hvnGiBrRI
70263,chair,train,northtexas,VALID,626x360,626,360,16:9,29.97,118,3.937,113.92,0.111,OK,https://www.youtube.com/watch?v=WGfiiDgrq1I
68019,chair,train,valencia-asl,MISSING,,,,,,,,,,File không tồn tại,https://www.youtube.com/watch?v=zICB0wesqvY
09865,chair,train,aslpro,MISSING,,,,,,,,,,File không tồn tại,http://www.aslpro.com//main/c/chair_stacking.swf
09866,chair,train,aslpro,MISSING,,,,,,,,,,File không tồn tại,http://www.aslpro.com/main/c/chair.swf
09848,chair,train,spreadthesign,VALID,320x240,320,240,4:3,25.0,96,3.84,114.57,0.112,OK,https://media.spreadthesign.com/video/mp4/13/74909.mp4
09867,chair,test,aslpro,MISSING,,,,,,,,,,File không tồn tại,http://www.aslpro.com//main/c/chair_wood.swf
09869,chair,train,aslsearch,MISSING,,,,,,,,,,File không tồn tại,http://www.aslsearch.com/signs/videos/chair.mp4
09849,chair,train,startasl,VALID,1280x720,1280,720,16:9,29.97,81,2.703,607.74,0.593,OK,https://s3-us-west-1.amazonaws.com/files.startasl.com/asldictionary/chair.mp4
09850,chair,train,signschool,VALID,1920x1080,1920,1080,16:9,23.98,31,1.293,485.44,0.474,OK,https://signstock.blob.core.windows.net/signschool/videos/db_uploads/SignSchool%20Chair-mVdtJjs-_20.mp4
09851,chair,val,asldeafined,VALID,640x480,640,480,4:3,30.0,92,3.067,586.08,0.572,OK,https://media.asldeafined.com/vocabulary/1466729509.9229.mp4
65328,chair,train,aslsignbank,VALID,656x370,656,370,16:9,23.98,59,2.46,182.31,0.178,OK,https://aslsignbank.haskins.yale.edu/dictionary/protected_media/glossvideo/ASL/CH/CHAIR-378.mp4
09853,chair,train,handspeak,MISSING,,,,,,,,,,File không tồn tại,https://www.handspeak.com/word/c/chair.mp4
09854,chair,val,signingsavvy,MISSING,,,,,,,,,,File không tồn tại,https://www.signingsavvy.com/signs/mp4/7/7821.mp4
09855,chair,test,aslu,VALID,1920x1080,1920,1080,16:9,30.0,94,3.133,503.58,0.492,OK,https://www.youtube.com/watch?v=8vc2vD9N4tk
09856,chair,train,nabboud,MISSING,,,,,,,,,,File không tồn tại,https://www.youtube.com/watch?v=dXz1i9gTR4w
67483,chair,val,asllex,MISSING,,,,,,,,,,File không tồn tại,https://youtu.be/K47c4lIJQvI
09857,chair,train,aslpro,MISSING,,,,,,,,,,File không tồn tại,http://www.aslpro.com//main/c/chair_director.swf
09858,chair,train,aslpro,MISSING,,,,,,,,,,File không tồn tại,http://www.aslpro.com//main/c/chair_folding.swf
09859,chair,train,aslpro,MISSING,,,,,,,,,,File không tồn tại,http://www.aslpro.com//main/c/chair_lawn_folding.swf
09860,chair,train,aslpro,MISSING,,,,,,,,,,File không tồn tại,http://www.aslpro.com//main/c/chair_lawn.swf
09861,chair,train,aslpro,MISSING,,,,,,,,,,File không tồn tại,http://www.aslpro.com//main/c/chair_loveseat.swf
09862,chair,val,aslpro,MISSING,,,,,,,,,,File không tồn tại,http://www.aslpro.com//main/c/chair_recliner.swf
09863,chair,train,aslpro,MISSING,,,,,,,,,,File không tồn tại,http://www.aslpro.com//main/c/chair_rocking_1.swf
24857,go,test,asl5200,VALID,480x320,480,320,3:2,25.0,40,1.6,48.72,0.048,OK,https://www.youtube.com/watch?v=YdHKN_wHZqo
69345,go,val,aslbrick,VALID,1280x720,1280,720,16:9,29.97,67,2.236,2872.88,2.806,OK,http://aslbricks.org/New/ASL-Videos/go.mp4
68292,go,train,lillybauer,MISSING,,,,,,,,,,File không tồn tại,https://www.youtube.com/watch?v=7IkKMzvSsFM
24955,go,train,signingsavvy,MISSING,,,,,,,,,,File không tồn tại,https://www.signingsavvy.com/signs/mp4/23/23400.mp4
24956,go,train,signingsavvy,MISSING,,,,,,,,,,File không tồn tại,https://www.signingsavvy.com/signs/mp4/23/23401.mp4
24941,go,train,startasl,VALID,736x414,736,414,16:9,29.97,66,2.202,224.61,0.219,OK,https://s3-us-west-1.amazonaws.com/files.startasl.com/asldictionary/go.mp4
24960,go,test,signingsavvy,MISSING,,,,,,,,,,File không tồn tại,https://www.signingsavvy.com/signs/mp4/23/23517.mp4
24961,go,train,signingsavvy,MISSING,,,,,,,,,,File không tồn tại,https://www.signingsavvy.com/signs/mp4/23/23517.mp4
24962,go,train,signingsavvy,MISSING,,,,,,,,,,File không tồn tại,https://www.signingsavvy.com/signs/mp4/23/23519.mp4
24965,go,train,nabboud,MISSING,,,,,,,,,,File không tồn tại,https://www.youtube.com/watch?v=jknOnIhAbNo
24969,go,train,aslu,VALID,1920x1080,1920,1080,16:9,29.97,90,3.003,221.77,0.217,OK,https://www.youtube.com/watch?v=ZEyH-t5ALCs
24970,go,train,aslu,VALID,1920x1080,1920,1080,16:9,29.97,90,3.003,221.77,0.217,OK,https://www.youtube.com/watch?v=ZEyH-t5ALCs
24971,go,train,nabboud,MISSING,,,,,,,,,,File không tồn tại,https://www.youtube.com/watch?v=ZyL9f_qoGug
24972,go,train,aslpro,MISSING,,,,,,,,,,File không tồn tại,http://www.aslpro.com/main/g/go.swf
65824,go,train,aslsignbank,VALID,656x370,656,370,16:9,23.98,41,1.71,104.44,0.102,OK,https://aslsignbank.haskins.yale.edu/dictionary/protected_media/glossvideo/ASL/GO/GO-469.mp4
24973,go,train,aslsearch,MISSING,,,,,,,,,,File không tồn tại,http://www.aslsearch.com/signs/videos/go.mp4
24943,go,train,signschool,VALID,854x480,854,480,16:9,29.97,61,2.035,218.14,0.213,OK,https://signstock.blob.core.windows.net/signschool/videos/db_uploads/SignSchool%20go-c3j44FTrL9c.mp4
24946,go,val,signschool,VALID,1920x1080,1920,1080,16:9,23.98,33,1.376,466.41,0.455,OK,https://signstock.blob.core.windows.net/signschool/videos/db_uploads/SignSchool%20To%20Go-BeOwDK5YI0U.mp4
24947,go,train,asldeafined,VALID,640x480,640,480,4:3,30.0,63,2.1,467.85,0.457,OK,https://media.asldeafined.com/vocabulary/1468549286.5649.mp4
24948,go,val,handspeak,MISSING,,,,,,,,,,File không tồn tại,https://www.handspeak.com/word/g/go.mp4
24940,go,train,spreadthesign,VALID,320x240,320,240,4:3,25.0,88,3.52,114.2,0.112,OK,https://media.spreadthesign.com/video/mp4/13/58507.mp4
67715,go,test,asllex,MISSING,,,,,,,,,,File không tồn tại,https://youtu.be/QfVrSA3yrSc
24950,go,train,handspeak,MISSING,,,,,,,,,,File không tồn tại,https://www.handspeak.com/word/g/go-to2.mp4
24951,go,train,handspeak,MISSING,,,,,,,,,,File không tồn tại,https://www.handspeak.com/word/g/go-to.mp4
24952,go,val,signingsavvy,MISSING,,,,,,,,,,File không tồn tại,https://www.signingsavvy.com/signs/mp4/22/22235.mp4
24954,go,train,signingsavvy,MISSING,,,,,,,,,,File không tồn tại,https://www.signingsavvy.com/signs/mp4/23/23400.mp4
11305,clothes,test,asl5200,VALID,480x320,480,320,3:2,25.0,60,2.4,57.93,0.057,OK,https://www.youtube.com/watch?v=PPmQd2zWdP0
68870,clothes,train,lillybauer,MISSING,,,,,,,,,,File không tồn tại,https://www.youtube.com/watch?v=RVnoNW53qFU
68024,clothes,train,valencia-asl,VALID,848x480,848,480,16:9,29.97,72,2.402,187.04,0.183,OK,https://www.youtube.com/watch?v=Xmrvvk8l3_w
11327,clothes,train,aslpro,MISSING,,,,,,,,,,File không tồn tại,http://www.aslpro.com//main/c/clothes.swf
11328,clothes,train,aslpro,MISSING,,,,,,,,,,File không tồn tại,http://www.aslpro.com//main/c/clothes_winter.swf
11310,clothes,train,startasl,VALID,1280x720,1280,720,16:9,29.97,89,2.97,576.26,0.563,OK,https://s3-us-west-1.amazonaws.com/files.startasl.com/asldictionary/clothes.mp4
11329,clothes,train,aslpro,MISSING,,,,,,,,,,File không tồn tại,http://www.aslpro.com//main/c/clothes_womens.swf
11330,clothes,train,aslsearch,MISSING,,,,,,,,,,File không tồn tại,http://www.aslsearch.com/signs/videos/clothes.mp4
11311,clothes,test,asldeafined,VALID,640x480,640,480,4:3,30.0,93,3.1,598.2,0.584,OK,https://media.asldeafined.com/vocabulary/1466899298.7370.mp4
11312,clothes,train,handspeak,MISSING,,,,,,,,,,File không tồn tại,https://www.handspeak.com/word/c/clothes.mp4
11313,clothes,train,signingsavvy,MISSING,,,,,,,,,,File không tồn tại,https://www.signingsavvy.com/signs/mp4/6/6566.mp4
11314,clothes,val,aslu,VALID,1920x1080,1920,1080,16:9,29.97,57,1.902,244.01,0.238,OK,https://www.youtube.com/watch?v=06hMAkUdQgg
11315,clothes,val,aslu,VALID,1920x1080,1920,1080,16:9,29.97,85,2.836,151.33,0.148,OK,https://www.youtube.com/watch?v=15czV0-SagI
11309,clothes,train,spreadthesign,VALID,320x240,320,240,4:3,29.97,67,2.236,79.56,0.078,OK,https://media.spreadthesign.com/video/mp4/13/399310.mp4
11316,clothes,train,aslu,VALID,1920x1080,1920,1080,16:9,30.0,102,3.4,566.05,0.553,OK,https://www.youtube.com/watch?v=mda48XkT9gQ
11317,clothes,train,aslpro,MISSING,,,,,,,,,,File không tồn tại,http://www.aslpro.com//main/c/clothes_boys.swf
11318,clothes,test,aslpro,MISSING,,,,,,,,,,File không tồn tại,http://www.aslpro.com//main/c/clothes_designer.swf
11319,clothes,val,aslpro,MISSING,,,,,,,,,,File không tồn tại,http://www.aslpro.com//main/c/clothes_fall.swf
11320,clothes,train,aslpro,MISSING,,,,,,,,,,File không tồn tại,http://www.aslpro.com//main/c/clothes_girls.swf
11321,clothes,train,aslpro,MISSING,,,,,,,,,,File không tồn tại,http://www.aslpro.com//main/c/clothes_irregular.swf
11322,clothes,train,aslpro,MISSING,,,,,,,,,,File không tồn tại,http://www.aslpro.com//main/c/clothes_mens.swf
11323,clothes,train,aslpro,MISSING,,,,,,,,,,File không tồn tại,http://www.aslpro.com//main/c/clothes_petite.swf
11324,clothes,train,aslpro,MISSING,,,,,,,,,,File không tồn tại,http://www.aslpro.com//main/c/clothes_plus_size.swf
11325,clothes,val,aslpro,MISSING,,,,,,,,,,File không tồn tại,http://www.aslpro.com//main/c/clothes_spring.swf
11326,clothes,train,aslpro,MISSING,,,,,,,,,,File không tồn tại,http://www.aslpro.com//main/c/clothes_summer.swf
63219,who,test,asl5200,VALID,480x320,480,320,3:2,25.0,77,3.08,57.81,0.056,OK,https://www.youtube.com/watch?v=A5dihMAjeTE
69534,who,train,aslbrick,VALID,1280x720,1280,720,16:9,29.97,63,2.102,2598.08,2.537,OK,http://aslbricks.org/New/ASL-Videos/who.mp4
68890,who,train,lillybauer,MISSING,,,,,,,,,,File không tồn tại,https://www.youtube.com/watch?v=SQUHKsHMUiw
68183,who,train,valencia-asl,VALID,848x480,848,480,16:9,29.97,51,1.702,143.96,0.141,OK,https://www.youtube.com/watch?v=Xx8ZjswBRLY
63239,who,train,aslu,VALID,1920x1080,1920,1080,16:9,30.0,100,3.333,437.15,0.427,OK,https://www.youtube.com/watch?v=pBnGrdxhxHQ
63240,who,train,aslu,VALID,1920x1080,1920,1080,16:9,29.97,72,2.402,554.57,0.542,OK,https://www.youtube.com/watch?v=_V31e361KV8
63241,who,train,aslpro,MISSING,,,,,,,,,,File không tồn tại,http://www.aslpro.com/main/w/who.swf
63242,who,train,aslsearch,MISSING,,,,,,,,,,File không tồn tại,http://www.aslsearch.com/signs/videos/who.mp4
63226,who,test,startasl,VALID,736x414,736,414,16:9,29.97,67,2.236,234.96,0.229,OK,https://s3-us-west-1.amazonaws.com/files.startasl.com/asldictionary/who.mp4
63227,who,train,signschool,VALID,1920x1080,1920,1080,16:9,29.97,36,1.201,381.35,0.372,OK,https://signstock.blob.core.windows.net/signschool/videos/db_uploads/SignSchool%20Who%202-P20hHY3qUEQ.mp4
63228,who,train,signschool,VALID,1920x1080,1920,1080,16:9,29.97,40,1.335,452.14,0.442,OK,https://signstock.blob.core.windows.net/signschool/videos/db_uploads/SignSchool%20Who-rehp_kwiS-I.mp4
63229,who,val,signschool,VALID,1920x1080,1920,1080,16:9,23.98,47,1.96,628.46,0.614,OK,https://signstock.blob.core.windows.net/signschool/videos/db_uploads/SignSchool%20Who-wmIY6Yo-vp8.mp4
63230,who,val,signschool,VALID,1920x1080,1920,1080,16:9,29.97,61,2.035,595.85,0.582,OK,https://signstock.blob.core.windows.net/signschool/videos/db_uploads/SignSchool%20Who-xchfz0eTaP8.mp4
63231,who,train,asldeafined,VALID,640x480,640,480,4:3,30.0,93,3.1,604.01,0.59,OK,https://media.asldeafined.com/vocabulary/1468928348.68.mp4
66778,who,train,aslsignbank,VALID,656x370,656,370,16:9,23.98,58,2.419,187.93,0.184,OK,https://aslsignbank.haskins.yale.edu/dictionary/protected_media/glossvideo/ASL/WH/WHO-1430.mp4
63232,who,train,asldeafined,VALID,640x480,640,480,4:3,30.0,155,5.167,874.64,0.854,OK,https://media.asldeafined.com/vocabulary/1539176590.1089.mp4
63233,who,test,handspeak,MISSING,,,,,,,,,,File không tồn tại,https://www.handspeak.com/word/w/who.mp4
63234,who,val,handspeak,MISSING,,,,,,,,,,File không tồn tại,https://www.handspeak.com/word/w/who-old.mp4
66779,who,train,aslsignbank,VALID,656x370,656,370,16:9,23.98,54,2.252,178.81,0.175,OK,https://aslsignbank.haskins.yale.edu/dictionary/protected_media/glossvideo/ASL/WH/WHO-2236.mp4
66780,who,train,aslsignbank,MISSING,,,,,,,,,,File không tồn tại,https://aslsignbank.haskins.yale.edu/dictionary/protected_media/glossvideo/WH/WHO-2283.mp4
63225,who,train,spreadthesign,VALID,320x240,320,240,4:3,29.97,111,3.704,134.02,0.131,OK,https://media.spreadthesign.com/video/mp4/13/51811.mp4
67066,who,train,asllex,MISSING,,,,,,,,,,File không tồn tại,https://youtu.be/gDkZ2Zn3Sjg
63236,who,train,signingsavvy,MISSING,,,,,,,,,,File không tồn tại,https://www.signingsavvy.com/signs/mp4/9/9019.mp4
63237,who,val,signingsavvy,MISSING,,,,,,,,,,File không tồn tại,https://www.signingsavvy.com/signs/mp4/9/9020.mp4
63238,who,train,nabboud,MISSING,,,,,,,,,,File không tồn tại,https://www.youtube.com/watch?v=dnDu1DxXWo4
08909,candy,train,asl5200,VALID,480x320,480,320,3:2,25.0,53,2.12,40.18,0.039,OK,https://www.youtube.com/watch?v=PPmQd2zWdP0
68018,candy,train,valencia-asl,VALID,1280x720,1280,720,16:9,20.0,69,3.45,380.94,0.372,OK,https://www.youtube.com/watch?v=LMQ4kaHPS48
70326,candy,train,northtexas,VALID,626x360,626,360,16:9,29.97,126,4.204,172.56,0.169,OK,https://www.youtube.com/watch?v=pc0-gVEETVg
68790,candy,train,lillybauer,MISSING,,,,,,,,,,File không tồn tại,https://www.youtube.com/watch?v=PfobLrBH5G8
08928,candy,train,aslpro,MISSING,,,,,,,,,,File không tồn tại,http://www.aslpro.com/main/c/candy.swf
08929,candy,val,aslsearch,MISSING,,,,,,,,,,File không tồn tại,http://www.aslsearch.com/signs/videos/candy.mp4
08916,candy,train,startasl,VALID,736x414,736,414,16:9,29.97,88,2.936,310.9,0.304,OK,https://s3-us-west-1.amazonaws.com/files.startasl.com/asldictionary/candy.mp4
08917,candy,train,signschool,VALID,1920x1080,1920,1080,16:9,29.97,32,1.068,519.64,0.507,OK,https://signstock.blob.core.windows.net/signschool/videos/db_uploads/SignSchool%20Candy%2C%20It%27s%20Nothing%202-dsVi-FR4eBg.mp4
08918,candy,val,signschool,VALID,1920x1080,1920,1080,16:9,29.97,30,1.001,457.5,0.447,OK,https://signstock.blob.core.windows.net/signschool/videos/db_uploads/SignSchool%20Candy%2C%20It%27s%20Nothing-YX3NQ7iEwiE.mp4
08919,candy,train,signschool,VALID,1920x1080,1920,1080,16:9,29.97,86,2.87,897.33,0.876,OK,https://signstock.blob.core.windows.net/signschool/videos/db_uploads/SignSchool%20Candy-v1iNoQ1DZ7c.mp4
08920,candy,train,signschool,VALID,1920x1080,1920,1080,16:9,29.97,75,2.503,782.08,0.764,OK,https://signstock.blob.core.windows.net/signschool/videos/db_uploads/SignSchool%20Cute-Dl2ekdgVRTg.mp4
08921,candy,train,asldeafined,VALID,640x480,640,480,4:3,30.0,58,1.933,420.4,0.411,OK,https://media.asldeafined.com/vocabulary/1471144833.8086.mp4
08922,candy,val,handspeak,MISSING,,,,,,,,,,File không tồn tại,https://www.handspeak.com/word/c/candy-sweet.mp4
08923,candy,train,handspeak,MISSING,,,,,,,,,,File không tồn tại,https://www.handspeak.com/word/c/candy-usa.mp4
65298,candy,train,aslsignbank,VALID,656x370,656,370,16:9,23.98,59,2.46,142.27,0.139,OK,https://aslsignbank.haskins.yale.edu/dictionary/protected_media/glossvideo/ASL/CA/CANDY_1-66.mp4
08924,candy,train,signingsavvy,MISSING,,,,,,,,,,File không tồn tại,https://www.signingsavvy.com/signs/mp4/6/6123.mp4
65299,candy,train,aslsignbank,VALID,656x370,656,370,16:9,23.98,62,2.585,155.48,0.152,OK,https://aslsignbank.haskins.yale.edu/dictionary/protected_media/glossvideo/ASL/CA/CANDY_1-67.mp4
65300,candy,test,aslsignbank,VALID,656x370,656,370,16:9,23.98,64,2.669,155.53,0.152,OK,https://aslsignbank.haskins.yale.edu/dictionary/protected_media/glossvideo/ASL/CA/CANDY_2-1014.mp4
08915,candy,test,spreadthesign,VALID,320x240,320,240,4:3,29.97,94,3.136,131.81,0.129,OK,https://media.spreadthesign.com/video/mp4/13/51294.mp4
67468,candy,val,asllex,MISSING,,,,,,,,,,File không tồn tại,https://youtu.be/kymMYu5qPhY
67470,candy,train,asllex,MISSING,,,,,,,,,,File không tồn tại,https://youtu.be/xK2QEO7Xld4
08925,candy,test,signingsavvy,MISSING,,,,,,,,,,File không tồn tại,https://www.signingsavvy.com/signs/mp4/7/7906.mp4
08926,candy,train,aslu,VALID,1920x1080,1920,1080,16:9,29.97,78,2.603,202.92,0.198,OK,https://www.youtube.com/watch?v=EfJ4xLiX5IA
08927,candy,train,aslu,VALID,1920x1080,1920,1080,16:9,29.97,73,2.436,727.98,0.711,OK,https://www.youtube.com/watch?v=nmD3uqyVAC0
65415,cousin,test,aslsignbank,VALID,656x370,656,370,16:9,23.98,70,2.919,259.22,0.253,OK,https://aslsignbank.haskins.yale.edu/dictionary/protected_media/glossvideo/ASL/CO/COUSIN-1171.mp4
70332,cousin,train,northtexas,MISSING,,,,,,,,,,File không tồn tại,https://www.youtube.com/watch?v=bq-HmgjGzmw
68592,cousin,train,lillybauer,MISSING,,,,,,,,,,File không tồn tại,https://www.youtube.com/watch?v=jC6sHiZBEyI
13647,cousin,train,aslsearch,MISSING,,,,,,,,,,File không tồn tại,http://www.aslsearch.com/signs/videos/cousin3.mp4
13648,cousin,train,aslsearch,MISSING,,,,,,,,,,File không tồn tại,http://www.aslsearch.com/signs/videos/cousin.mp4
13631,cousin,train,startasl,VALID,1280x720,1280,720,16:9,29.97,71,2.369,469.2,0.458,OK,https://s3-us-west-1.amazonaws.com/files.startasl.com/asldictionary/cousin-female.mp4
13632,cousin,train,startasl,VALID,1280x720,1280,720,16:9,29.97,71,2.369,462.99,0.452,OK,https://s3-us-west-1.amazonaws.com/files.startasl.com/asldictionary/cousin-male.mp4
13633,cousin,val,signschool,VALID,854x480,854,480,16:9,29.97,94,3.136,257.91,0.252,OK,https://signstock.blob.core.windows.net/signschool/videos/db_uploads/SignSchool%20Cousin-WACMzmRGgY8.mp4
13634,cousin,val,asldeafined,VALID,640x480,640,480,4:3,30.0,96,3.2,603.48,0.589,OK,https://media.asldeafined.com/vocabulary/1466904377.9296.mp4
13635,cousin,test,asldeafined,VALID,640x480,640,480,4:3,30.0,106,3.533,675.35,0.66,OK,https://media.asldeafined.com/vocabulary/1466904400.1624.mp4
13636,cousin,train,asldeafined,VALID,640x480,640,480,4:3,30.0,131,4.367,741.91,0.725,OK,https://media.asldeafined.com/vocabulary/1539177107.4884.mp4
13637,cousin,train,handspeak,MISSING,,,,,,,,,,File không tồn tại,https://www.handspeak.com/word/c/cousin-female.mp4
13638,cousin,train,handspeak,MISSING,,,,,,,,,,File không tồn tại,https://www.handspeak.com/word/c/cousin-male.mp4
13630,cousin,train,spreadthesign,VALID,320x240,320,240,4:3,29.97,106,3.537,116.29,0.114,OK,https://media.spreadthesign.com/video/mp4/13/47501.mp4
13639,cousin,val,handspeak,MISSING,,,,,,,,,,File không tồn tại,https://www.handspeak.com/word/c/cousin.mp4
67535,cousin,test,asllex,MISSING,,,,,,,,,,File không tồn tại,https://youtu.be/mBNbzPNTVqk
13640,cousin,train,signingsavvy,MISSING,,,,,,,,,,File không tồn tại,https://www.signingsavvy.com/signs/mp4/6/6148.mp4
13641,cousin,val,signingsavvy,MISSING,,,,,,,,,,File không tồn tại,https://www.signingsavvy.com/signs/mp4/6/6150.mp4
13642,cousin,train,signingsavvy,MISSING,,,,,,,,,,File không tồn tại,https://www.signingsavvy.com/signs/mp4/6/6568.mp4
13643,cousin,train,aslu,VALID,1920x1080,1920,1080,16:9,29.97,76,2.536,198.13,0.193,OK,https://www.youtube.com/watch?v=e9-jd3sf6us
13644,cousin,train,aslpro,MISSING,,,,,,,,,,File không tồn tại,http://www.aslpro.com/main/c/cousin_female.swf
13645,cousin,train,aslpro,MISSING,,,,,,,,,,File không tồn tại,http://www.aslpro.com/main/c/cousin_male.swf
13646,cousin,train,aslsearch,MISSING,,,,,,,,,,File không tồn tại,http://www.aslsearch.com/signs/videos/cousin2.mp4
14855,deaf,test,asl5200,VALID,480x320,480,320,3:2,25.0,47,1.88,43.79,0.043,OK,https://www.youtube.com/watch?v=ChIupJBcxjs
70015,deaf,train,northtexas,VALID,626x360,626,360,16:9,29.97,92,3.07,116.7,0.114,OK,https://www.youtube.com/watch?v=25ymRY7hbjs
68586,deaf,train,lillybauer,MISSING,,,,,,,,,,File không tồn tại,https://www.youtube.com/watch?v=J9hiREjgVe0
68033,deaf,train,valencia-asl,VALID,1280x720,1280,720,16:9,20.0,86,4.3,676.73,0.661,OK,https://www.youtube.com/watch?v=Qvn5RGyb0po
14899,deaf,train,aslu,MISSING,,,,,,,,,,File không tồn tại,https://www.youtube.com/watch?v=sP4e9vRUCYM
14900,deaf,train,nabboud,MISSING,,,,,,,,,,File không tồn tại,https://www.youtube.com/watch?v=YsLUNOu9jXU
14882,deaf,train,startasl,VALID,736x414,736,414,16:9,29.97,108,3.604,382.34,0.373,OK,https://s3-us-west-1.amazonaws.com/files.startasl.com/asldictionary/deaf.mp4
14901,deaf,val,aslpro,MISSING,,,,,,,,,,File không tồn tại,http://www.aslpro.com/main/d/deaf_1.swf
14903,deaf,val,aslsearch,MISSING,,,,,,,,,,File không tồn tại,http://www.aslsearch.com/signs/videos/deaf.mp4
14883,deaf,test,signschool,VALID,1920x1080,1920,1080,16:9,29.97,24,0.801,335.15,0.327,OK,https://signstock.blob.core.windows.net/signschool/videos/db_uploads/SignSchool%20Deaf%202-1tMYCoZB0lE.mp4
14884,deaf,train,signschool,VALID,1920x1080,1920,1080,16:9,29.97,38,1.268,388.22,0.379,OK,https://signstock.blob.core.windows.net/signschool/videos/db_uploads/SignSchool%20Deaf%202-VoHLEG8FIH4.mp4
14885,deaf,train,signschool,VALID,1920x1080,1920,1080,16:9,29.97,26,0.868,314.15,0.307,OK,https://signstock.blob.core.windows.net/signschool/videos/db_uploads/SignSchool%20Deaf-bHRhz2geOTA.mp4
14886,deaf,train,signschool,VALID,1280x720,1280,720,16:9,29.97,38,1.268,190.88,0.186,OK,https://signstock.blob.core.windows.net/signschool/videos/SignSchool%20Deaf.mp4
65445,deaf,train,aslsignbank,VALID,656x370,656,370,16:9,23.98,52,2.168,284.36,0.278,OK,https://aslsignbank.haskins.yale.edu/dictionary/protected_media/glossvideo/ASL/DE/DEAF-103.mp4
14887,deaf,val,asldeafined,VALID,640x480,640,480,4:3,30.0,62,2.067,422.71,0.413,OK,https://media.asldeafined.com/vocabulary/1466906743.302.mp4
14888,deaf,test,asldeafined,VALID,640x480,640,480,4:3,30.0,66,2.2,395.76,0.386,OK,https://media.asldeafined.com/vocabulary/1522766619.2346.mp4
14889,deaf,train,handspeak,MISSING,,,,,,,,,,File không tồn tại,https://www.handspeak.com/word/d/deaf2.mp4
14891,deaf,val,handspeak,MISSING,,,,,,,,,,File không tồn tại,https://www.handspeak.com/word/d/deaf.mp4
14893,deaf,train,signingsavvy,MISSING,,,,,,,,,,File không tồn tại,https://www.signingsavvy.com/signs/mp4/23/23016.mp4
14894,deaf,train,signingsavvy,MISSING,,,,,,,,,,File không tồn tại,https://www.signingsavvy.com/signs/mp4/23/23017.mp4
14895,deaf,train,nabboud,MISSING,,,,,,,,,,File không tồn tại,https://www.youtube.com/watch?v=5Dr7V1fbTFU
14896,deaf,train,scott,VALID,1280x720,1280,720,16:9,29.97,121,4.037,158.78,0.155,OK,https://www.youtube.com/watch?v=IgT0jDp56ZM
14898,deaf,train,aslu,VALID,1920x1080,1920,1080,16:9,59.94,185,3.086,540.36,0.528,OK,https://www.youtube.com/watch?v=ofL3HMkLDOc
65717,fine,test,aslsignbank,VALID,656x370,656,370,16:9,23.98,45,1.877,76.08,0.074,OK,https://aslsignbank.haskins.yale.edu/dictionary/protected_media/glossvideo/ASL/FI/FINE-455.mp4
70234,fine,test,northtexas,VALID,626x360,626,360,16:9,29.97,109,3.637,217.92,0.213,OK,https://www.youtube.com/watch?v=4Nh1iFv2BMc
68048,fine,train,valencia-asl,VALID,1280x720,1280,720,16:9,30.0,92,3.067,498.98,0.487,OK,https://www.youtube.com/watch?v=Yey5VEZE-_g
21885,fine,train,aslu,VALID,720x480,720,480,3:2,29.97,142,4.738,176.09,0.172,OK,https://www.youtube.com/watch?v=IuBUE7SH1Wk
21886,fine,val,aslu,VALID,1920x1080,1920,1080,16:9,29.97,79,2.636,219.87,0.215,OK,https://www.youtube.com/watch?v=OHHKerxHJjQ
21887,fine,val,aslu,VALID,1920x1080,1920,1080,16:9,29.97,79,2.636,444.07,0.434,OK,https://www.youtube.com/watch?v=YSTnrscx1UY
21888,fine,train,aslpro,MISSING,,,,,,,,,,File không tồn tại,http://www.aslpro.com/main/f/fine.swf
21870,fine,train,startasl,VALID,1280x720,1280,720,16:9,29.97,65,2.169,439.6,0.429,OK,https://s3-us-west-1.amazonaws.com/files.startasl.com/asldictionary/fine2.mp4
21889,fine,train,aslpro,MISSING,,,,,,,,,,File không tồn tại,http://www.aslpro.com//main/f/fine_ticket.swf
21890,fine,test,aslsearch,MISSING,,,,,,,,,,File không tồn tại,http://www.aslsearch.com/signs/videos/cost.mp4
21891,fine,train,aslsearch,MISSING,,,,,,,,,,File không tồn tại,http://www.aslsearch.com/signs/videos/fine.mp4
21871,fine,train,startasl,VALID,736x414,736,414,16:9,29.97,79,2.636,296.99,0.29,OK,https://s3-us-west-1.amazonaws.com/files.startasl.com/asldictionary/fine.mp4
21872,fine,val,signschool,VALID,854x480,854,480,16:9,29.97,77,2.569,199.68,0.195,OK,https://signstock.blob.core.windows.net/signschool/videos/db_uploads/SignSchool%20fine5-4SzwErJNYTc.mp4
21869,fine,train,spreadthesign,VALID,320x240,320,240,4:3,25.0,84,3.36,91.96,0.09,OK,https://media.spreadthesign.com/video/mp4/13/92669.mp4
21874,fine,val,asldeafined,VALID,640x480,640,480,4:3,30.0,90,3.0,629.81,0.615,OK,https://media.asldeafined.com/vocabulary/1468494312.7752.mp4
21875,fine,train,handspeak,MISSING,,,,,,,,,,File không tồn tại,https://www.handspeak.com/word/f/fine-charge.mp4
21876,fine,train,handspeak,MISSING,,,,,,,,,,File không tồn tại,https://www.handspeak.com/word/f/fine-good2.mp4
21878,fine,train,signingsavvy,MISSING,,,,,,,,,,File không tồn tại,https://www.signingsavvy.com/signs/mp4/14/14347.mp4
67660,fine,train,asllex,MISSING,,,,,,,,,,File không tồn tại,https://youtu.be/2RLybfKx4Js
67659,fine,train,asllex,MISSING,,,,,,,,,,File không tồn tại,https://youtu.be/lTp1ICCGCxA
21883,fine,train,signingsavvy,MISSING,,,,,,,,,,File không tồn tại,https://www.signingsavvy.com/signs/mp4/6/6355.mp4
21884,fine,train,aslu,VALID,1920x1080,1920,1080,16:9,29.97,66,2.202,216.6,0.212,OK,https://www.youtube.com/watch?v=atyYSgDudAU
27194,help,test,asl5200,VALID,480x320,480,320,3:2,25.0,47,1.88,45.66,0.045,OK,https://www.youtube.com/watch?v=SiBub8VD5wo
69364,help,val,aslbrick,VALID,1920x1080,1920,1080,16:9,29.97,75,2.503,5980.23,5.84,OK,http://aslbricks.org/New/ASL-Videos/help.mp4
27219,help,val,nabboud,MISSING,,,,,,,,,,File không tồn tại,https://www.youtube.com/watch?v=RStYX5OXPjE
27220,help,val,aslpro,MISSING,,,,,,,,,,File không tồn tại,http://www.aslpro.com/main/h/help.swf
27221,help,train,aslsearch,MISSING,,,,,,,,,,File không tồn tại,http://www.aslsearch.com/signs/videos/help.mp4
27206,help,train,startasl,VALID,736x414,736,414,16:9,29.97,71,2.369,246.83,0.241,OK,https://s3-us-west-1.amazonaws.com/files.startasl.com/asldictionary/help.mp4
27207,help,train,signschool,VALID,1920x1080,1920,1080,16:9,29.97,58,1.935,585.31,0.572,OK,https://signstock.blob.core.windows.net/signschool/videos/db_uploads/SignSchool%20Stamp%2C%20Help-2bSAr25HPXY.mp4
27208,help,train,asldeafined,VALID,640x480,640,480,4:3,30.0,68,2.267,503.99,0.492,OK,https://media.asldeafined.com/vocabulary/1468580671.3652.mp4
27209,help,test,asldeafined,VALID,640x480,640,480,4:3,30.01,59,1.966,445.84,0.435,OK,https://media.asldeafined.com/vocabulary/1471136062.8464.mp4
27210,help,train,handspeak,MISSING,,,,,,,,,,File không tồn tại,https://www.handspeak.com/word/h/help2.mp4
27211,help,train,handspeak,MISSING,,,,,,,,,,File không tồn tại,https://www.handspeak.com/word/h/help-me.mp4
27212,help,train,handspeak,MISSING,,,,,,,,,,File không tồn tại,https://www.handspeak.com/word/h/help.mp4
65890,help,train,aslsignbank,VALID,656x370,656,370,16:9,23.98,59,2.46,172.48,0.168,OK,https://aslsignbank.haskins.yale.edu/dictionary/protected_media/glossvideo/ASL/HE/HELP-2562.mp4
27213,help,test,signingsavvy,MISSING,,,,,,,,,,File không tồn tại,https://www.signingsavvy.com/signs/mp4/23/23431.mp4
27214,help,train,signingsavvy,MISSING,,,,,,,,,,File không tồn tại,https://www.signingsavvy.com/signs/mp4/5/5871.mp4
65891,help,val,aslsignbank,VALID,656x370,656,370,16:9,23.98,59,2.46,160.02,0.156,OK,https://aslsignbank.haskins.yale.edu/dictionary/protected_media/glossvideo/ASL/HE/HELP-2563.mp4
65889,help,train,aslsignbank,VALID,656x370,656,370,16:9,23.98,62,2.585,168.06,0.164,OK,https://aslsignbank.haskins.yale.edu/dictionary/protected_media/glossvideo/ASL/HE/HELP-483.mp4
67757,help,train,asllex,MISSING,,,,,,,,,,File không tồn tại,https://youtu.be/OWXmFhatan8
27215,help,train,signingsavvy,MISSING,,,,,,,,,,File không tồn tại,https://www.signingsavvy.com/signs/mp4/6/6389.mp4
27216,help,train,signingsavvy,MISSING,,,,,,,,,,File không tồn tại,https://www.signingsavvy.com/signs/mp4/9/9918.mp4
27217,help,train,signingsavvy,MISSING,,,,,,,,,,File không tồn tại,https://www.signingsavvy.com/signs/mp4/9/9936.mp4
27218,help,train,nabboud,MISSING,,,,,,,,,,File không tồn tại,https://www.youtube.com/watch?v=l31UXgChCS4
38482,no,test,asl5200,VALID,480x320,480,320,3:2,25.0,80,3.2,58.0,0.057,OK,https://www.youtube.com/watch?v=1_jXxjd0lKE
69411,no,val,aslbrick,VALID,1280x720,1280,720,16:9,29.97,67,2.236,2723.02,2.659,OK,http://aslbricks.org/New/ASL-Videos/no.mp4
68110,no,val,valencia-asl,VALID,1280x720,1280,720,16:9,25.06,112,4.469,688.74,0.673,OK,https://www.youtube.com/watch?v=BqmquW0f1ok
68406,no,val,lillybauer,MISSING,,,,,,,,,,File không tồn tại,https://www.youtube.com/watch?v=Dd95RFhtSs4
38539,no,train,scott,VALID,1280x720,1280,720,16:9,29.97,105,3.504,928.2,0.906,OK,https://www.youtube.com/watch?v=nyUDOPmQlZQ
38540,no,train,aslu,MISSING,,,,,,,,,,File không tồn tại,https://www.youtube.com/watch?v=pkzfT9cYvH0
38541,no,train,aslu,VALID,1920x1080,1920,1080,16:9,29.97,86,2.87,196.23,0.192,OK,https://www.youtube.com/watch?v=QJXKaOSyl4o
38542,no,train,aslpro,MISSING,,,,,,,,,,File không tồn tại,http://www.aslpro.com/main/n/no.swf
38525,no,test,startasl,VALID,736x414,736,414,16:9,29.97,65,2.169,229.59,0.224,OK,https://s3-us-west-1.amazonaws.com/files.startasl.com/asldictionary/no.mp4
38544,no,train,aslsearch,MISSING,,,,,,,,,,File không tồn tại,http://www.aslsearch.com/signs/videos/no.mp4
38527,no,train,signschool,VALID,1920x1080,1920,1080,16:9,29.97,46,1.535,404.38,0.395,OK,https://signstock.blob.core.windows.net/signschool/videos/db_uploads/SignSchool%20No-hwa_U71nr74.mp4
38529,no,train,asldeafined,VALID,640x480,640,480,4:3,30.0,107,3.567,743.76,0.726,OK,https://media.asldeafined.com/vocabulary/1468719269.5533.mp4
38530,no,train,asldeafined,VALID,640x480,640,480,4:3,30.0,53,1.767,322.61,0.315,OK,https://media.asldeafined.com/vocabulary/1522767129.7038.mp4
38531,no,test,handspeak,MISSING,,,,,,,,,,File không tồn tại,https://www.handspeak.com/word/n/no.mp4
38532,no,train,signingsavvy,MISSING,,,,,,,,,,File không tồn tại,https://www.signingsavvy.com/signs/mp4/23/23547.mp4
38533,no,val,signingsavvy,MISSING,,,,,,,,,,File không tồn tại,https://www.signingsavvy.com/signs/mp4/23/23949.mp4
66183,no,train,aslsignbank,VALID,656x370,656,370,16:9,29.97,68,2.269,65.11,0.064,OK,https://aslsignbank.haskins.yale.edu/dictionary/protected_media/glossvideo/ASL/NO/NO-512.mp4
38524,no,train,spreadthesign,VALID,320x240,320,240,4:3,29.97,80,2.669,129.05,0.126,OK,https://media.spreadthesign.com/video/mp4/13/48823.mp4
67934,no,train,asllex,MISSING,,,,,,,,,,File không tồn tại,https://youtu.be/jGsh6zd3eUQ
38534,no,train,signingsavvy,MISSING,,,,,,,,,,File không tồn tại,https://www.signingsavvy.com/signs/mp4/6/6400.mp4
38536,no,train,nabboud,MISSING,,,,,,,,,,File không tồn tại,https://www.youtube.com/watch?v=lgNwgl10VSg
38538,no,train,aslu,VALID,720x480,720,480,3:2,28.63,76,2.655,156.97,0.153,OK,https://www.youtube.com/watch?v=mskmnqYYsGw
57919,thin,train,asl5200,VALID,480x320,480,320,3:2,25.0,50,2.0,53.35,0.052,OK,https://www.youtube.com/watch?v=x6CehcknaH8
57948,thin,val,signingsavvy,MISSING,,,,,,,,,,File không tồn tại,https://www.signingsavvy.com/signs/mp4/22/22387.mp4
57949,thin,train,signingsavvy,MISSING,,,,,,,,,,File không tồn tại,https://www.signingsavvy.com/signs/mp4/22/22387.mp4
57950,thin,train,aslu,VALID,1920x1080,1920,1080,16:9,30.0,67,2.233,222.68,0.217,OK,https://www.youtube.com/watch?v=5IGeT5NK79A
57952,thin,train,aslpro,MISSING,,,,,,,,,,File không tồn tại,http://www.aslpro.com/main/t/thin.swf
57934,thin,train,startasl,VALID,1280x720,1280,720,16:9,29.97,90,3.003,582.91,0.569,OK,https://s3-us-west-1.amazonaws.com/files.startasl.com/asldictionary/thin-2.mp4
57953,thin,train,aslsearch,MISSING,,,,,,,,,,File không tồn tại,http://www.aslsearch.com/signs/videos/skinny.mp4
57935,thin,train,startasl,VALID,1280x720,1280,720,16:9,29.97,90,3.003,609.39,0.595,OK,https://s3-us-west-1.amazonaws.com/files.startasl.com/asldictionary/thin.mp4
57936,thin,train,signschool,VALID,1920x1080,1920,1080,16:9,23.98,29,1.209,498.19,0.487,OK,https://signstock.blob.core.windows.net/signschool/videos/db_uploads/SignSchool%20Thin%202-aLghoMT6IhA.mp4
57937,thin,train,signschool,VALID,1920x1080,1920,1080,16:9,29.97,31,1.034,336.69,0.329,OK,https://signstock.blob.core.windows.net/signschool/videos/db_uploads/SignSchool%20Thin%202-cXEknONHNEc.mp4
66606,thin,train,aslsignbank,VALID,656x370,656,370,16:9,23.98,62,2.585,146.72,0.143,OK,https://aslsignbank.haskins.yale.edu/dictionary/protected_media/glossvideo/ASL/TH/THIN-2192.mp4
57939,thin,train,signschool,VALID,1920x1080,1920,1080,16:9,29.97,37,1.235,407.16,0.398,OK,https://signstock.blob.core.windows.net/signschool/videos/db_uploads/SignSchool%20Thin-5G1gWM4HnBI.mp4
57940,thin,train,signschool,VALID,1920x1080,1920,1080,16:9,29.97,30,1.001,331.32,0.324,OK,https://signstock.blob.core.windows.net/signschool/videos/db_uploads/SignSchool%20Thin-85Xp1i_NN-E.mp4
57941,thin,test,signschool,VALID,1920x1080,1920,1080,16:9,23.98,30,1.251,403.59,0.394,OK,https://signstock.blob.core.windows.net/signschool/videos/db_uploads/SignSchool%20Thin-fTYMARYgieE.mp4
57942,thin,train,asldeafined,VALID,640x480,640,480,4:3,30.0,73,2.433,513.67,0.502,OK,https://media.asldeafined.com/vocabulary/1468944700.6887.mp4
66607,thin,val,aslsignbank,VALID,656x370,656,370,16:9,23.98,72,3.003,273.41,0.267,OK,https://aslsignbank.haskins.yale.edu/dictionary/protected_media/glossvideo/ASL/TH/THIN-2465.mp4
57933,thin,val,spreadthesign,VALID,320x240,320,240,4:3,29.97,90,3.003,160.67,0.157,OK,https://media.spreadthesign.com/video/mp4/13/50888.mp4
67299,thin,train,asllex,MISSING,,,,,,,,,,File không tồn tại,https://youtu.be/LCJYxgYwsVE
57943,thin,test,asldeafined,VALID,640x480,640,480,4:3,30.0,119,3.967,725.77,0.709,OK,https://media.asldeafined.com/vocabulary/1546575308.9841.mp4
57944,thin,test,handspeak,MISSING,,,,,,,,,,File không tồn tại,https://www.handspeak.com/word/t/thin2.mp4
57945,thin,val,handspeak,MISSING,,,,,,,,,,File không tồn tại,https://www.handspeak.com/word/t/thin.mp4
57947,thin,train,signingsavvy,MISSING,,,,,,,,,,File không tồn tại,https://www.signingsavvy.com/signs/mp4/22/22386.mp4
62152,walk,test,asl5200,VALID,480x320,480,320,3:2,25.0,63,2.52,67.47,0.066,OK,https://www.youtube.com/watch?v=A5dihMAjeTE
68852,walk,val,lillybauer,MISSING,,,,,,,,,,File không tồn tại,https://www.youtube.com/watch?v=r9Rten33zC8
68918,walk,val,lillybauer,MISSING,,,,,,,,,,File không tồn tại,https://www.youtube.com/watch?v=tRJ29Rh8pGg
68177,walk,val,valencia-asl,VALID,1280x720,1280,720,16:9,20.0,113,5.65,851.22,0.831,OK,https://www.youtube.com/watch?v=XdA0TlfPB48
62173,walk,train,aslu,VALID,1920x1080,1920,1080,16:9,29.97,80,2.669,355.87,0.348,OK,https://www.youtube.com/watch?v=xFxoieTtJlA
62174,walk,train,aslpro,MISSING,,,,,,,,,,File không tồn tại,http://www.aslpro.com/main/w/walk.swf
62175,walk,train,aslsearch,MISSING,,,,,,,,,,File không tồn tại,http://www.aslsearch.com/signs/videos/walk.mp4
62159,walk,train,startasl,VALID,736x414,736,414,16:9,29.97,87,2.903,300.51,0.293,OK,https://s3-us-west-1.amazonaws.com/files.startasl.com/asldictionary/walk.mp4
62160,walk,test,signschool,VALID,1920x1080,1920,1080,16:9,29.97,29,0.968,322.18,0.315,OK,https://signstock.blob.core.windows.net/signschool/videos/db_uploads/SignSchool%20Walk%202-lSM2XoWrTUY.mp4
62163,walk,train,signschool,VALID,1920x1080,1920,1080,16:9,29.97,34,1.134,387.86,0.379,OK,https://signstock.blob.core.windows.net/signschool/videos/db_uploads/SignSchool%20Walk-MyDb3_nPts4.mp4
62164,walk,train,asldeafined,VALID,640x480,640,480,4:3,30.0,81,2.7,607.49,0.593,OK,https://media.asldeafined.com/vocabulary/1468926910.5698.mp4
62165,walk,train,handspeak,MISSING,,,,,,,,,,File không tồn tại,https://www.handspeak.com/word/w/walk2.mp4
66743,walk,train,aslsignbank,VALID,656x370,656,370,16:9,23.98,53,2.21,108.47,0.106,OK,https://aslsignbank.haskins.yale.edu/dictionary/protected_media/glossvideo/ASL/WA/WALK-1407.mp4
62166,walk,test,handspeak,MISSING,,,,,,,,,,File không tồn tại,https://www.handspeak.com/word/w/walk.mp4
66742,walk,train,aslsignbank,VALID,656x370,656,370,16:9,23.98,66,2.752,279.93,0.273,OK,https://aslsignbank.haskins.yale.edu/dictionary/protected_media/glossvideo/ASL/WA/WALK-314.mp4
62158,walk,val,spreadthesign,VALID,320x240,320,240,4:3,29.97,94,3.136,170.08,0.166,OK,https://media.spreadthesign.com/video/mp4/13/50935.mp4
67036,walk,train,asllex,MISSING,,,,,,,,,,File không tồn tại,https://youtu.be/hhgODkjRmcg
62168,walk,train,signingsavvy,MISSING,,,,,,,,,,File không tồn tại,https://www.signingsavvy.com/signs/mp4/23/23053.mp4
62169,walk,train,signingsavvy,MISSING,,,,,,,,,,File không tồn tại,https://www.signingsavvy.com/signs/mp4/23/23054.mp4
62170,walk,train,signingsavvy,MISSING,,,,,,,,,,File không tồn tại,https://www.signingsavvy.com/signs/mp4/9/9209.mp4
62171,walk,train,aslu,VALID,1920x1080,1920,1080,16:9,29.97,73,2.436,189.66,0.185,OK,https://www.youtube.com/watch?v=5iv2XtBzogU
62172,walk,train,nabboud,MISSING,,,,,,,,,,File không tồn tại,https://www.youtube.com/watch?v=U32Kznk2a70
64201,year,test,asl5200,VALID,480x320,480,320,3:2,25.0,77,3.08,72.52,0.071,OK,https://www.youtube.com/watch?v=BRO-oYGV224
64211,year,val,signschool,VALID,1920x1080,1920,1080,16:9,29.97,51,1.702,645.49,0.63,OK,https://signstock.blob.core.windows.net/signschool/videos/db_uploads/SignSchool%20Year-8JUNM67_g9g.mp4
68416,year,val,lillybauer,MISSING,,,,,,,,,,File không tồn tại,https://www.youtube.com/watch?v=DnDbjT1fq8I
68190,year,val,valencia-asl,VALID,1280x720,1280,720,16:9,20.0,89,4.45,318.96,0.311,OK,https://www.youtube.com/watch?v=dsuL3WA2Krw
70306,year,train,northtexas,VALID,626x360,626,360,16:9,29.97,130,4.338,199.6,0.195,OK,https://www.youtube.com/watch?v=pc0-gVEETVg
68992,year,train,lillybauer,MISSING,,,,,,,,,,File không tồn tại,https://www.youtube.com/watch?v=w9jgHLG_4ow
64223,year,train,aslpro,MISSING,,,,,,,,,,File không tồn tại,http://www.aslpro.com/main/y/year.swf
64224,year,train,aslsearch,MISSING,,,,,,,,,,File không tồn tại,http://www.aslsearch.com/signs/videos/year.mp4
64210,year,test,startasl,VALID,736x414,736,414,16:9,29.97,79,2.636,298.2,0.291,OK,https://s3-us-west-1.amazonaws.com/files.startasl.com/asldictionary/year.mp4
64212,year,train,signschool,VALID,1920x1080,1920,1080,16:9,29.97,52,1.735,623.46,0.609,OK,https://signstock.blob.core.windows.net/signschool/videos/db_uploads/SignSchool%20Year-VAtU8WanjmE.mp4
66818,year,train,aslsignbank,VALID,656x370,656,370,16:9,23.98,53,2.21,190.68,0.186,OK,https://aslsignbank.haskins.yale.edu/dictionary/protected_media/glossvideo/ASL/YE/YEAR-1469.mp4
64213,year,train,asldeafined,VALID,640x480,640,480,4:3,30.0,97,3.233,626.56,0.612,OK,https://media.asldeafined.com/vocabulary/1468774917.4615.mp4
66816,year,train,aslsignbank,VALID,656x370,656,370,16:9,23.98,58,2.419,253.11,0.247,OK,https://aslsignbank.haskins.yale.edu/dictionary/protected_media/glossvideo/ASL/YE/YEAR-656.mp4
64209,year,test,spreadthesign,VALID,320x240,320,240,4:3,29.97,70,2.336,89.45,0.087,OK,https://media.spreadthesign.com/video/mp4/13/51103.mp4
64215,year,train,handspeak,MISSING,,,,,,,,,,File không tồn tại,https://www.handspeak.com/word/y/year-inf.mp4
64216,year,val,handspeak,MISSING,,,,,,,,,,File không tồn tại,https://www.handspeak.com/word/y/year.mp4
67012,year,train,asllex,MISSING,,,,,,,,,,File không tồn tại,https://youtu.be/21Naa_OgS4A
64217,year,train,handspeak,MISSING,,,,,,,,,,File không tồn tại,https://www.handspeak.com/word/y/years.mp4
64219,year,train,signingsavvy,MISSING,,,,,,,,,,File không tồn tại,https://www.signingsavvy.com/signs/mp4/7/7723.mp4
64218,year,train,signingsavvy,MISSING,,,,,,,,,,File không tồn tại,https://www.signingsavvy.com/signs/mp4/7/7228.mp4
64221,year,train,aslu,VALID,1920x1080,1920,1080,16:9,29.97,88,2.936,872.98,0.853,OK,https://www.youtube.com/watch?v=jw_R6ttIrgg
64222,year,train,aslu,VALID,1920x1080,1920,1080,16:9,29.97,96,3.203,205.29,0.2,OK,https://www.youtube.com/watch?v=zTIJAgTai40
64275,yes,test,asl5200,VALID,480x320,480,320,3:2,25.0,70,2.8,53.5,0.052,OK,https://www.youtube.com/watch?v=BRO-oYGV224
69546,yes,val,aslbrick,VALID,1280x720,1280,720,16:9,29.97,72,2.402,2962.09,2.893,OK,http://aslbricks.org/New/ASL-Videos/yes.mp4
64287,yes,val,asldeafined,VALID,640x480,640,480,4:3,30.0,68,2.267,427.8,0.418,OK,https://media.asldeafined.com/vocabulary/1468774983.6377.mp4
68192,yes,val,valencia-asl,VALID,1280x720,1280,720,16:9,24.98,86,3.443,362.37,0.354,OK,https://www.youtube.com/watch?v=-on_5PoBEak
64290,yes,train,handspeak,MISSING,,,,,,,,,,File không tồn tại,https://www.handspeak.com/word/y/yes.mp4
64284,yes,train,signschool,VALID,1920x1080,1920,1080,16:9,29.97,56,1.869,587.92,0.574,OK,https://signstock.blob.core.windows.net/signschool/videos/db_uploads/SignSchool%20Yes-Kg0VRsnehgQ.mp4
64291,yes,train,signingsavvy,MISSING,,,,,,,,,,File không tồn tại,https://www.signingsavvy.com/signs/mp4/23/23544.mp4
64292,yes,train,signingsavvy,MISSING,,,,,,,,,,File không tồn tại,https://www.signingsavvy.com/signs/mp4/23/23545.mp4
64293,yes,test,signingsavvy,MISSING,,,,,,,,,,File không tồn tại,https://www.signingsavvy.com/signs/mp4/23/23546.mp4
64294,yes,train,aslu,VALID,1920x1080,1920,1080,16:9,29.97,60,2.002,146.19,0.143,OK,https://www.youtube.com/watch?v=0usayvOXzHo
64295,yes,train,aslu,VALID,1920x1080,1920,1080,16:9,29.97,60,2.002,512.73,0.501,OK,https://www.youtube.com/watch?v=3J2KaRL9i_Q
64296,yes,train,scott,VALID,1280x720,1280,720,16:9,29.97,120,4.004,960.48,0.938,OK,https://www.youtube.com/watch?v=gpNDuOwyW7Q
66820,yes,train,aslsignbank,VALID,656x370,656,370,16:9,23.98,47,1.96,146.35,0.143,OK,https://aslsignbank.haskins.yale.edu/dictionary/protected_media/glossvideo/ASL/YE/YES-1472.mp4
64297,yes,test,aslu,VALID,852x480,852,480,16:9,29.97,47,1.568,124.0,0.121,OK,https://www.youtube.com/watch?v=JLNxO35tB-U
64280,yes,train,spreadthesign,VALID,320x240,320,240,4:3,29.97,63,2.102,50.19,0.049,OK,https://media.spreadthesign.com/video/mp4/13/485639.mp4
64298,yes,val,nabboud,MISSING,,,,,,,,,,File không tồn tại,https://www.youtube.com/watch?v=wc2A8AZepy4
64299,yes,train,aslpro,MISSING,,,,,,,,,,File không tồn tại,http://www.aslpro.com/main/y/yes.swf
64300,yes,train,aslsearch,MISSING,,,,,,,,,,File không tồn tại,http://www.aslsearch.com/signs/videos/yes.mp4
64281,yes,train,startasl,VALID,736x414,736,414,16:9,29.97,71,2.369,239.66,0.234,OK,https://s3-us-west-1.amazonaws.com/files.startasl.com/asldictionary/yes.mp4
64288,yes,train,asldeafined,VALID,640x480,640,480,4:3,29.99,54,1.801,325.19,0.318,OK,https://media.asldeafined.com/vocabulary/1522767427.6654.mp4
64289,yes,train,handspeak,MISSING,,,,,,,,,,File không tồn tại,https://www.handspeak.com/word/y/yes-fs.mp4
64283,yes,train,signschool,VALID,1920x1080,1920,1080,16:9,23.98,22,0.917,333.57,0.326,OK,https://signstock.blob.core.windows.net/signschool/videos/db_uploads/SignSchool%20Yes-IIWhF2S6saQ.mp4
01912,all,val,asl5200,VALID,480x320,480,320,3:2,25.0,50,2.0,52.98,0.052,OK,https://www.youtube.com/watch?v=jPn0FQxkdBc
69206,all,train,aslbrick,VALID,1920x1080,1920,1080,16:9,29.97,89,2.97,7519.87,7.344,OK,http://aslbricks.org/New/ASL-Videos/all.mp4
68001,all,val,valencia-asl,VALID,1280x720,1280,720,16:9,20.0,69,3.45,518.1,0.506,OK,https://www.youtube.com/watch?v=Gmj2_uVjhqI
68720,all,test,lillybauer,MISSING,,,,,,,,,,File không tồn tại,https://www.youtube.com/watch?v=My4w56H6qwk
02002,all,train,aslpro,MISSING,,,,,,,,,,File không tồn tại,http://www.aslpro.com/main/a/all.swf
02003,all,train,aslsearch,MISSING,,,,,,,,,,File không tồn tại,http://www.aslsearch.com/signs/videos/all.mp4
01987,all,train,startasl,VALID,1280x720,1280,720,16:9,29.97,75,2.503,563.37,0.55,OK,https://s3-us-west-1.amazonaws.com/files.startasl.com/asldictionary/all.mp4
01988,all,train,asldeafined,VALID,640x480,640,480,4:3,30.0,144,4.8,950.45,0.928,OK,https://media.asldeafined.com/vocabulary/1466172884.2656.mp4
01989,all,train,handspeak,MISSING,,,,,,,,,,File không tồn tại,https://www.handspeak.com/word/a/all.mp4
01990,all,train,handspeak,MISSING,,,,,,,,,,File không tồn tại,https://www.handspeak.com/word/a/all-you.mp4
01991,all,train,signingsavvy,MISSING,,,,,,,,,,File không tồn tại,https://www.signingsavvy.com/signs/mp4/22/22936.mp4
01992,all,train,signingsavvy,MISSING,,,,,,,,,,File không tồn tại,https://www.signingsavvy.com/signs/mp4/22/22937.mp4
65043,all,train,aslsignbank,VALID,656x370,656,370,16:9,23.98,61,2.544,199.02,0.194,OK,https://aslsignbank.haskins.yale.edu/dictionary/protected_media/glossvideo/ASL/AL/ALL-11.mp4
01995,all,train,aslu,VALID,1920x1080,1920,1080,16:9,29.97,95,3.17,461.39,0.451,OK,https://www.youtube.com/watch?v=0DgYClc0e-E
01986,all,test,spreadthesign,VALID,320x240,320,240,4:3,25.0,83,3.32,88.85,0.087,OK,https://media.spreadthesign.com/video/mp4/13/244016.mp4
67356,all,train,asllex,MISSING,,,,,,,,,,File không tồn tại,https://youtu.be/-lxp0xh1smo
01996,all,test,aslu,VALID,852x480,852,480,16:9,29.97,76,2.536,92.22,0.09,OK,https://www.youtube.com/watch?v=BEfH2a6OfRA
01997,all,val,aslu,MISSING,,,,,,,,,,File không tồn tại,https://www.youtube.com/watch?v=fE1BI5KxKJM
01998,all,train,nabboud,MISSING,,,,,,,,,,File không tồn tại,https://www.youtube.com/watch?v=iERRGfH_giQ
01999,all,val,nabboud,MISSING,,,,,,,,,,File không tồn tại,https://www.youtube.com/watch?v=k3c4uVHBFR4
02000,all,train,aslu,VALID,852x480,852,480,16:9,29.97,68,2.269,110.12,0.108,OK,https://www.youtube.com/watch?v=n1PjPqcHswk
06455,black,test,asl5200,VALID,480x320,480,320,3:2,25.0,50,2.0,37.77,0.037,OK,https://www.youtube.com/watch?v=pDqITge_TGs
69236,black,val,aslbrick,VALID,1280x720,1280,720,16:9,29.97,63,2.102,2540.33,2.481,OK,http://aslbricks.org/New/ASL-Videos/black.mp4
68230,black,val,lillybauer,MISSING,,,,,,,,,,File không tồn tại,https://www.youtube.com/watch?v=2YRASxmXLD0
70244,black,train,northtexas,VALID,626x360,626,360,16:9,29.97,96,3.203,107.33,0.105,OK,https://www.youtube.com/watch?v=WprUBqi3iBc
06472,black,train,startasl,VALID,736x414,736,414,16:9,29.97,91,3.036,321.32,0.314,OK,https://s3-us-west-1.amazonaws.com/files.startasl.com/asldictionary/black.mp4
06473,black,train,signschool,VALID,1920x1080,1920,1080,16:9,23.98,56,2.335,734.15,0.717,OK,https://signstock.blob.core.windows.net/signschool/videos/db_uploads/SignSchool%20Black-Mr3gdFh3A28.mp4
06474,black,train,asldeafined,VALID,640x480,640,480,4:3,30.0,80,2.667,515.08,0.503,OK,https://media.asldeafined.com/vocabulary/1466682549.1836.mp4
06475,black,train,handspeak,MISSING,,,,,,,,,,File không tồn tại,https://www.handspeak.com/word/b/black.mp4
06476,black,val,signingsavvy,MISSING,,,,,,,,,,File không tồn tại,https://www.signingsavvy.com/signs/mp4/6/6787.mp4
06477,black,train,signingsavvy,MISSING,,,,,,,,,,File không tồn tại,https://www.signingsavvy.com/signs/mp4/7/7145.mp4
06478,black,train,signingsavvy,MISSING,,,,,,,,,,File không tồn tại,https://www.signingsavvy.com/signs/mp4/8/8384.mp4
06480,black,train,aslu,VALID,852x480,852,480,16:9,29.97,88,2.936,229.33,0.224,OK,https://www.youtube.com/watch?v=DQdDGulGFwc
65200,black,train,aslsignbank,VALID,656x370,656,370,16:9,23.98,47,1.96,252.35,0.246,OK,https://aslsignbank.haskins.yale.edu/dictionary/protected_media/glossvideo/ASL/BL/BLACK-415.mp4
06471,black,train,spreadthesign,VALID,320x240,320,240,4:3,29.97,77,2.569,66.79,0.065,OK,https://media.spreadthesign.com/video/mp4/13/357947.mp4
67414,black,train,asllex,MISSING,,,,,,,,,,File không tồn tại,https://youtu.be/kCT-we5dguI
06481,black,test,scott,VALID,1280x720,1280,720,16:9,29.97,106,3.537,184.0,0.18,OK,https://www.youtube.com/watch?v=HoDXS3W8lEM
06482,black,train,aslu,VALID,1920x1080,1920,1080,16:9,29.97,59,1.969,237.2,0.232,OK,https://www.youtube.com/watch?v=Huy9y5RyKAU
06483,black,test,aslu,VALID,852x480,852,480,16:9,29.97,81,2.703,54.33,0.053,OK,https://www.youtube.com/watch?v=O5_4x8p5t4U
06484,black,train,nabboud,MISSING,,,,,,,,,,File không tồn tại,https://www.youtube.com/watch?v=TLoZKdMeA8w
06485,black,train,aslpro,MISSING,,,,,,,,,,File không tồn tại,http://www.aslpro.com/main/b/black.swf
06486,black,train,aslsearch,MISSING,,,,,,,,,,File không tồn tại,http://www.aslsearch.com/signs/videos/black.mp4
69281,cool,train,aslbrick,VALID,640x480,640,480,4:3,29.97,77,2.569,708.2,0.692,OK,http://aslbricks.org/New/ASL-Videos/cool.mp4
65403,cool,train,aslsignbank,VALID,656x370,656,370,16:9,23.98,74,3.086,231.3,0.226,OK,https://aslsignbank.haskins.yale.edu/dictionary/protected_media/glossvideo/ASL/CO/COOL-1158.mp4
70271,cool,test,northtexas,VALID,626x360,626,360,16:9,29.97,148,4.938,166.91,0.163,OK,https://www.youtube.com/watch?v=WGfiiDgrq1I
13213,cool,train,signingsavvy,MISSING,,,,,,,,,,File không tồn tại,https://www.signingsavvy.com/signs/mp4/24/24134.mp4
13214,cool,train,aslu,VALID,1920x1080,1920,1080,16:9,29.97,89,2.97,106.51,0.104,OK,https://www.youtube.com/watch?v=pH3DDpGQe_E
13197,cool,val,signschool,VALID,1920x1080,1920,1080,16:9,23.98,26,1.084,379.04,0.37,OK,https://signstock.blob.core.windows.net/signschool/videos/db_uploads/SignSchool%20Cool%203-2zFEI2o-HXc.mp4
13216,cool,train,aslsearch,MISSING,,,,,,,,,,File không tồn tại,http://www.aslsearch.com/signs/videos/cool2.mp4
13217,cool,train,aslsearch,MISSING,,,,,,,,,,File không tồn tại,http://www.aslsearch.com/signs/videos/cool.mp4
13198,cool,test,signschool,VALID,1920x1080,1920,1080,16:9,29.97,31,1.034,327.62,0.32,OK,https://signstock.blob.core.windows.net/signschool/videos/db_uploads/SignSchool%20Cool%20cool-wonohTR_Bv4.mp4
13199,cool,train,signschool,VALID,1920x1080,1920,1080,16:9,29.97,56,1.869,596.7,0.583,OK,https://signstock.blob.core.windows.net/signschool/videos/db_uploads/SignSchool%20Cool%2C%20Cool%20Down-8l_h3RsEM-4.mp4
13200,cool,train,signschool,VALID,1920x1080,1920,1080,16:9,23.98,23,0.959,330.19,0.322,OK,https://signstock.blob.core.windows.net/signschool/videos/db_uploads/SignSchool%20Cool-5aJkQai-PKc.mp4
13201,cool,train,asldeafined,VALID,640x480,640,480,4:3,30.0,91,3.033,612.86,0.599,OK,https://media.asldeafined.com/vocabulary/1466903138.2211.mp4
65402,cool,val,aslsignbank,VALID,656x370,656,370,16:9,23.98,53,2.21,113.51,0.111,OK,https://aslsignbank.haskins.yale.edu/dictionary/protected_media/glossvideo/ASL/CO/COOL-575.mp4
13202,cool,train,asldeafined,VALID,640x480,640,480,4:3,30.0,76,2.533,496.19,0.485,OK,https://media.asldeafined.com/vocabulary/1466903216.3416.mp4
13203,cool,val,asldeafined,VALID,640x480,640,480,4:3,30.0,65,2.167,467.23,0.456,OK,https://media.asldeafined.com/vocabulary/1472219365.8123.mp4
13205,cool,train,handspeak,MISSING,,,,,,,,,,File không tồn tại,https://www.handspeak.com/word/c/cool-neat2.mp4
13196,cool,test,signschool,VALID,1920x1080,1920,1080,16:9,23.98,26,1.084,374.3,0.366,OK,https://signstock.blob.core.windows.net/signschool/videos/db_uploads/SignSchool%20Cool%202-qCqdPZVJTYY.mp4
13206,cool,train,handspeak,MISSING,,,,,,,,,,File không tồn tại,https://www.handspeak.com/word/c/cool-neat.mp4
13207,cool,val,handspeak,MISSING,,,,,,,,,,File không tồn tại,https://www.handspeak.com/word/c/cool-weather.mp4
13208,cool,train,signingsavvy,MISSING,,,,,,,,,,File không tồn tại,https://www.signingsavvy.com/signs/mp4/22/22660.mp4
13209,cool,train,signingsavvy,MISSING,,,,,,,,,,File không tồn tại,https://www.signingsavvy.com/signs/mp4/23/23043.mp4
21933,finish,test,asl5200,VALID,480x320,480,320,3:2,25.0,53,2.12,51.56,0.05,OK,https://www.youtube.com/watch?v=lWaQxL25Aew
70361,finish,test,northtexas,VALID,626x360,626,360,16:9,29.97,118,3.937,161.55,0.158,OK,https://www.youtube.com/watch?v=bq-HmgjGzmw
68050,finish,train,valencia-asl,VALID,1280x720,1280,720,16:9,30.0,98,3.267,367.98,0.359,OK,https://www.youtube.com/watch?v=JDc62QM6-GU
68674,finish,train,lillybauer,MISSING,,,,,,,,,,File không tồn tại,https://www.youtube.com/watch?v=luSKhV7GMUo
68688,finish,train,lillybauer,MISSING,,,,,,,,,,File không tồn tại,https://www.youtube.com/watch?v=Mh3UZ1UsXzw
21942,finish,val,startasl,VALID,736x414,736,414,16:9,29.97,68,2.269,235.75,0.23,OK,https://s3-us-west-1.amazonaws.com/files.startasl.com/asldictionary/finish.mp4
21943,finish,train,signschool,VALID,1920x1080,1920,1080,16:9,23.98,28,1.168,373.06,0.364,OK,https://signstock.blob.core.windows.net/signschool/videos/db_uploads/SignSchool%20Finish%202-BNOu92X_Hws.mp4
21944,finish,test,signschool,VALID,1920x1080,1920,1080,16:9,29.97,31,1.034,378.15,0.369,OK,https://signstock.blob.core.windows.net/signschool/videos/db_uploads/SignSchool%20Finish%2C%20That%27s%20Enough-UODQssr2FSc.mp4
21945,finish,train,asldeafined,VALID,640x480,640,480,4:3,30.0,69,2.3,494.14,0.483,OK,https://media.asldeafined.com/vocabulary/1468494387.7315.mp4
21946,finish,val,handspeak,MISSING,,,,,,,,,,File không tồn tại,https://www.handspeak.com/word/f/finish2.mp4
21949,finish,val,signingsavvy,MISSING,,,,,,,,,,File không tồn tại,https://www.signingsavvy.com/signs/mp4/23/23269.mp4
21950,finish,train,signingsavvy,MISSING,,,,,,,,,,File không tồn tại,https://www.signingsavvy.com/signs/mp4/7/7267.mp4
65721,finish,train,aslsignbank,VALID,656x370,656,370,16:9,23.98,43,1.793,107.87,0.105,OK,https://aslsignbank.haskins.yale.edu/dictionary/protected_media/glossvideo/ASL/FI/FINISH-456.mp4
21941,finish,train,spreadthesign,VALID,320x240,320,240,4:3,25.0,56,2.24,63.37,0.062,OK,https://media.spreadthesign.com/video/mp4/13/455668.mp4
67663,finish,train,asllex,MISSING,,,,,,,,,,File không tồn tại,https://youtu.be/_1MKB3Avehs
21951,finish,train,signingsavvy,MISSING,,,,,,,,,,File không tồn tại,https://www.signingsavvy.com/signs/mp4/8/8336.mp4
21952,finish,val,aslu,MISSING,,,,,,,,,,File không tồn tại,https://www.youtube.com/watch?v=7xQE2N0z7gM
21953,finish,train,aslu,VALID,1920x1080,1920,1080,16:9,29.97,50,1.668,476.12,0.465,OK,https://www.youtube.com/watch?v=v3ncKPr_8ro
21954,finish,train,aslu,VALID,720x480,720,480,3:2,28.63,77,2.689,161.35,0.158,OK,https://www.youtube.com/watch?v=WujjGy4syeI
21955,finish,train,aslu,VALID,720x480,720,480,3:2,28.63,77,2.689,161.35,0.158,OK,https://www.youtube.com/watch?v=WujjGy4syeI
21956,finish,train,aslpro,MISSING,,,,,,,,,,File không tồn tại,http://www.aslpro.com/main/f/finish.swf
28074,hot,test,asl5200,VALID,480x320,480,320,3:2,25.0,37,1.48,39.75,0.039,OK,https://www.youtube.com/watch?v=SiBub8VD5wo
69368,hot,val,aslbrick,VALID,1280x720,1280,720,16:9,29.97,57,1.902,2366.99,2.312,OK,http://aslbricks.org/New/ASL-Videos/hot.mp4
70270,hot,val,northtexas,VALID,626x360,626,360,16:9,29.97,100,3.337,131.61,0.129,OK,https://www.youtube.com/watch?v=WGfiiDgrq1I
28125,hot,train,aslsearch,MISSING,,,,,,,,,,File không tồn tại,http://www.aslsearch.com/signs/videos/heat2.mp4
28108,hot,train,startasl,VALID,736x414,736,414,16:9,29.97,69,2.302,241.47,0.236,OK,https://s3-us-west-1.amazonaws.com/files.startasl.com/asldictionary/hot.mp4
28109,hot,train,signschool,VALID,854x480,854,480,16:9,29.97,59,1.969,245.4,0.24,OK,https://signstock.blob.core.windows.net/signschool/videos/db_uploads/SignSchool%20Hot-9X3bjjuKGMM.mp4
28110,hot,train,signschool,VALID,1920x1080,1920,1080,16:9,29.97,35,1.168,387.47,0.378,OK,https://signstock.blob.core.windows.net/signschool/videos/db_uploads/SignSchool%20Hot-QCvXMjNN4PE.mp4
28111,hot,train,signschool,VALID,1920x1080,1920,1080,16:9,29.97,35,1.168,401.49,0.392,OK,https://signstock.blob.core.windows.net/signschool/videos/db_uploads/SignSchool%20Hot-wy-09ieHXhM.mp4
28112,hot,val,asldeafined,VALID,640x480,640,480,4:3,30.0,78,2.6,551.7,0.539,OK,https://media.asldeafined.com/vocabulary/1468638601.9688.mp4
28113,hot,train,handspeak,MISSING,,,,,,,,,,File không tồn tại,https://www.handspeak.com/word/h/hot2.mp4
28114,hot,train,handspeak,MISSING,,,,,,,,,,File không tồn tại,https://www.handspeak.com/word/h/hot.mp4
28115,hot,train,signingsavvy,MISSING,,,,,,,,,,File không tồn tại,https://www.signingsavvy.com/signs/mp4/14/14232.mp4
28116,hot,train,signingsavvy,MISSING,,,,,,,,,,File không tồn tại,https://www.signingsavvy.com/signs/mp4/6/6109.mp4
28107,hot,train,spreadthesign,VALID,320x240,320,240,4:3,25.0,81,3.24,93.28,0.091,OK,https://media.spreadthesign.com/video/mp4/13/58462.mp4
28118,hot,train,aslu,VALID,1920x1080,1920,1080,16:9,29.97,55,1.835,242.41,0.237,OK,https://www.youtube.com/watch?v=a0robonALIk
28119,hot,test,aslu,VALID,720x480,720,480,3:2,29.97,112,3.737,153.24,0.15,OK,https://www.youtube.com/watch?v=Eya_OdUAevw
28120,hot,train,aslu,MISSING,,,,,,,,,,File không tồn tại,https://www.youtube.com/watch?v=Eya_OdUAevw
28121,hot,test,aslu,VALID,1920x1080,1920,1080,16:9,29.97,56,1.869,259.95,0.254,OK,https://www.youtube.com/watch?v=F84dU7A7jI0
28122,hot,train,aslu,VALID,1920x1080,1920,1080,16:9,29.97,89,2.97,338.28,0.33,OK,https://www.youtube.com/watch?v=IqCHIu9NrZs
28123,hot,train,nabboud,MISSING,,,,,,,,,,File không tồn tại,https://www.youtube.com/watch?v=Ob3drndU_yM
28124,hot,train,aslpro,MISSING,,,,,,,,,,File không tồn tại,http://www.aslpro.com/main/h/hot.swf
69389,like,test,aslbrick,VALID,1280x720,1280,720,16:9,29.97,59,1.969,2406.89,2.35,OK,http://aslbricks.org/New/ASL-Videos/like.mp4
33266,like,train,spreadthesign,VALID,320x240,320,240,4:3,25.0,64,2.56,59.7,0.058,OK,https://media.spreadthesign.com/video/mp4/13/457551.mp4
68093,like,test,valencia-asl,VALID,1280x720,1280,720,16:9,30.0,90,3.0,207.58,0.203,OK,https://www.youtube.com/watch?v=0qeMFifNqC4
70299,like,train,northtexas,VALID,626x360,626,360,16:9,29.97,122,4.071,182.08,0.178,OK,https://www.youtube.com/watch?v=CSj7IScvZnE
33285,like,train,aslsearch,MISSING,,,,,,,,,,File không tồn tại,http://www.aslsearch.com/signs/videos/like4.mp4
33267,like,train,startasl,VALID,1280x720,1280,720,16:9,29.97,75,2.503,523.26,0.511,OK,https://s3-us-west-1.amazonaws.com/files.startasl.com/asldictionary/like.mp4
33286,like,test,aslsearch,MISSING,,,,,,,,,,File không tồn tại,http://www.aslsearch.com/signs/videos/like.mp4
33268,like,val,signschool,VALID,640x360,640,360,16:9,29.97,53,1.768,86.56,0.085,OK,https://signstock.blob.core.windows.net/signschool/videos/db_uploads/SignSchool%20really%20like-7y5Ye-2-ZBs.mp4
33269,like,train,asldeafined,VALID,640x480,640,480,4:3,30.0,72,2.4,506.52,0.495,OK,https://media.asldeafined.com/vocabulary/1468711783.5361.mp4
33270,like,val,asldeafined,VALID,640x480,640,480,4:3,30.0,78,2.6,546.91,0.534,OK,https://media.asldeafined.com/vocabulary/1468711809.2438.mp4
33271,like,val,handspeak,MISSING,,,,,,,,,,File không tồn tại,https://www.handspeak.com/word/l/like.mp4
33273,like,train,signingsavvy,MISSING,,,,,,,,,,File không tồn tại,https://www.signingsavvy.com/signs/mp4/14/14298.mp4
33274,like,train,signingsavvy,MISSING,,,,,,,,,,File không tồn tại,https://www.signingsavvy.com/signs/mp4/6/6394.mp4
33277,like,train,aslu,VALID,1920x1080,1920,1080,16:9,29.97,80,2.669,687.63,0.672,OK,https://www.youtube.com/watch?v=qK3SqANZheA
33278,like,train,scott,VALID,1280x720,1280,720,16:9,29.97,90,3.003,516.98,0.505,OK,https://www.youtube.com/watch?v=SbXfT74yfDI
33279,like,train,aslu,VALID,1920x1080,1920,1080,16:9,29.97,141,4.705,1378.94,1.347,OK,https://www.youtube.com/watch?v=vh7DN3usJgc
33280,like,val,aslu,VALID,1920x1080,1920,1080,16:9,29.97,141,4.705,1378.94,1.347,OK,https://www.youtube.com/watch?v=vh7DN3usJgc
33281,like,train,aslu,VALID,852x480,852,480,16:9,29.97,103,3.437,275.11,0.269,OK,https://www.youtube.com/watch?v=vzUKt2pjkRI
33282,like,train,aslu,VALID,852x480,852,480,16:9,29.97,103,3.437,275.11,0.269,OK,https://www.youtube.com/watch?v=vzUKt2pjkRI
33283,like,train,nabboud,MISSING,,,,,,,,,,File không tồn tại,https://www.youtube.com/watch?v=xKY35YaWuLE
33284,like,train,aslpro,MISSING,,,,,,,,,,File không tồn tại,http://www.aslpro.com/main/l/like.swf
34822,many,test,asl5200,VALID,480x320,480,320,3:2,25.0,57,2.28,49.15,0.048,OK,https://www.youtube.com/watch?v=IxO7unGawfk
69396,many,val,aslbrick,VALID,1280x720,1280,720,16:9,29.97,89,2.97,3911.71,3.82,OK,http://aslbricks.org/New/ASL-Videos/many.mp4
70308,many,val,northtexas,VALID,626x360,626,360,16:9,29.97,115,3.837,220.56,0.215,OK,https://www.youtube.com/watch?v=pc0-gVEETVg
34823,many,train,spreadthesign,VALID,320x240,320,240,4:3,25.0,71,2.84,66.86,0.065,OK,https://media.spreadthesign.com/video/mp4/13/246018.mp4
34824,many,train,startasl,VALID,1280x720,1280,720,16:9,29.97,67,2.236,529.53,0.517,OK,https://s3-us-west-1.amazonaws.com/files.startasl.com/asldictionary/many.mp4
34825,many,train,signschool,VALID,1920x1080,1920,1080,16:9,23.98,42,1.751,538.43,0.526,OK,https://signstock.blob.core.windows.net/signschool/videos/db_uploads/SignSchool%20Many%202-j0vvJVAAcBs.mp4
34826,many,train,signschool,VALID,1920x1080,1920,1080,16:9,23.98,35,1.46,535.17,0.523,OK,https://signstock.blob.core.windows.net/signschool/videos/db_uploads/SignSchool%20Many-RzCIBY5rsGA.mp4
34827,many,train,asldeafined,VALID,640x480,640,480,4:3,30.0,81,2.7,599.26,0.585,OK,https://media.asldeafined.com/vocabulary/1468713681.2568.mp4
34828,many,val,handspeak,MISSING,,,,,,,,,,File không tồn tại,https://www.handspeak.com/word/m/many2.mp4
34829,many,train,handspeak,MISSING,,,,,,,,,,File không tồn tại,https://www.handspeak.com/word/m/many.mp4
34830,many,train,signingsavvy,MISSING,,,,,,,,,,File không tồn tại,https://www.signingsavvy.com/signs/mp4/6/6570.mp4
34831,many,train,signingsavvy,MISSING,,,,,,,,,,File không tồn tại,https://www.signingsavvy.com/signs/mp4/8/8040.mp4
67873,many,train,asllex,MISSING,,,,,,,,,,File không tồn tại,https://youtu.be/eTmzHLtBOnU
34832,many,train,signingsavvy,MISSING,,,,,,,,,,File không tồn tại,https://www.signingsavvy.com/signs/mp4/8/8041.mp4
34833,many,train,nabboud,MISSING,,,,,,,,,,File không tồn tại,https://www.youtube.com/watch?v=3B2kbN-ai6Y
34834,many,test,aslu,VALID,1920x1080,1920,1080,16:9,29.97,93,3.103,202.49,0.198,OK,https://www.youtube.com/watch?v=7O2mS0Kz4CA
34835,many,train,aslu,VALID,1920x1080,1920,1080,16:9,29.97,97,3.237,1007.3,0.984,OK,https://www.youtube.com/watch?v=KBk8p5Xv2ow
34836,many,test,aslu,VALID,1920x1080,1920,1080,16:9,29.97,67,2.236,284.46,0.278,OK,https://www.youtube.com/watch?v=Ku9SWR4uSUI
34837,many,train,nabboud,MISSING,,,,,,,,,,File không tồn tại,https://www.youtube.com/watch?v=MHJPgvs2kP8
34838,many,train,aslpro,MISSING,,,,,,,,,,File không tồn tại,http://www.aslpro.com/main/m/many.swf
34839,many,train,aslsearch,MISSING,,,,,,,,,,File không tồn tại,http://www.aslsearch.com/signs/videos/many.mp4
36927,mother,test,asl5200,VALID,480x320,480,320,3:2,25.0,53,2.12,39.86,0.039,OK,https://www.youtube.com/watch?v=IxO7unGawfk
69402,mother,val,aslbrick,VALID,640x480,640,480,4:3,29.97,82,2.736,713.23,0.697,OK,http://aslbricks.org/New/ASL-Videos/mother.mp4
36945,mother,val,aslpro,MISSING,,,,,,,,,,File không tồn tại,http://www.aslpro.com/main/m/mother.swf
36946,mother,train,aslsearch,MISSING,,,,,,,,,,File không tồn tại,http://www.aslsearch.com/signs/videos/mama.mp4
36930,mother,train,startasl,VALID,736x414,736,414,16:9,29.97,68,2.269,239.41,0.234,OK,https://s3-us-west-1.amazonaws.com/files.startasl.com/asldictionary/mother.mp4
36931,mother,train,signschool,VALID,1920x1080,1920,1080,16:9,29.97,82,2.736,803.74,0.785,OK,https://signstock.blob.core.windows.net/signschool/videos/db_uploads/SignSchool%20Mother%20Wiggle-ZwJlF1W1GbE.mp4
36932,mother,train,signschool,VALID,640x360,640,360,16:9,29.97,75,2.503,119.04,0.116,OK,https://signstock.blob.core.windows.net/signschool/videos/SignSchool%20Mother.mp4
36933,mother,train,asldeafined,VALID,640x480,640,480,4:3,30.0,74,2.467,555.33,0.542,OK,https://media.asldeafined.com/vocabulary/1468716729.3803.mp4
36934,mother,val,handspeak,MISSING,,,,,,,,,,File không tồn tại,https://www.handspeak.com/word/m/mother2.mp4
36936,mother,train,signingsavvy,MISSING,,,,,,,,,,File không tồn tại,https://www.signingsavvy.com/signs/mp4/6/6508.mp4
36937,mother,train,signingsavvy,MISSING,,,,,,,,,,File không tồn tại,https://www.signingsavvy.com/signs/mp4/6/6509.mp4
36938,mother,train,aslu,VALID,852x480,852,480,16:9,29.97,83,2.769,217.82,0.213,OK,https://www.youtube.com/watch?v=4nGdzLPvoP4
66147,mother,train,aslsignbank,VALID,656x370,656,370,16:9,23.98,66,2.752,124.85,0.122,OK,https://aslsignbank.haskins.yale.edu/dictionary/protected_media/glossvideo/ASL/MO/MOTHER-1590.mp4
66146,mother,train,aslsignbank,VALID,656x370,656,370,16:9,23.98,61,2.544,141.51,0.138,OK,https://aslsignbank.haskins.yale.edu/dictionary/protected_media/glossvideo/ASL/MO/MOTHER-509.mp4
36929,mother,train,spreadthesign,VALID,320x240,320,240,4:3,29.97,61,2.035,98.73,0.096,OK,https://media.spreadthesign.com/video/mp4/13/48601.mp4
67908,mother,test,asllex,MISSING,,,,,,,,,,File không tồn tại,https://youtu.be/MEhxsAx_n6A
36939,mother,train,aslu,VALID,1920x1080,1920,1080,16:9,29.97,73,2.436,217.55,0.212,OK,https://www.youtube.com/watch?v=8yzUd0Md_uY
36940,mother,test,aslu,VALID,1920x1080,1920,1080,16:9,29.97,71,2.369,199.65,0.195,OK,https://www.youtube.com/watch?v=CMElqMGZrHc
36941,mother,train,aslu,VALID,1920x1080,1920,1080,16:9,29.97,91,3.036,306.96,0.3,OK,https://www.youtube.com/watch?v=gmBUPfuUbzc
36942,mother,train,aslu,VALID,1920x1080,1920,1080,16:9,29.97,81,2.703,229.45,0.224,OK,https://www.youtube.com/watch?v=qUkCg3rtEws
36944,mother,train,aslu,VALID,1920x1080,1920,1080,16:9,29.97,82,2.736,266.42,0.26,OK,https://www.youtube.com/watch?v=zv4zGZ92WAY
38982,now,test,asl5200,VALID,480x320,480,320,3:2,25.0,30,1.2,28.53,0.028,OK,https://www.youtube.com/watch?v=1_jXxjd0lKE
69413,now,val,aslbrick,VALID,1280x720,1280,720,16:9,29.97,60,2.002,2516.83,2.458,OK,http://aslbricks.org/New/ASL-Videos/now.mp4
38994,now,val,signschool,VALID,854x480,854,480,16:9,29.97,78,2.603,241.79,0.236,OK,https://signstock.blob.core.windows.net/signschool/videos/db_uploads/SignSchool%20now-0wcuocGAvNU.mp4
70345,now,train,northtexas,VALID,626x360,626,360,16:9,29.97,108,3.604,166.76,0.163,OK,https://www.youtube.com/watch?v=bq-HmgjGzmw
68694,now,train,lillybauer,MISSING,,,,,,,,,,File không tồn tại,https://www.youtube.com/watch?v=mKDG2tGn1Y8
68770,now,train,lillybauer,MISSING,,,,,,,,,,File không tồn tại,https://www.youtube.com/watch?v=OQM3x-HY2dM
68114,now,train,valencia-asl,VALID,1280x720,1280,720,16:9,25.0,84,3.36,536.35,0.524,OK,https://www.youtube.com/watch?v=vmGh2IPdSRU
38999,now,train,signingsavvy,MISSING,,,,,,,,,,File không tồn tại,https://www.signingsavvy.com/signs/mp4/7/7774.mp4
39000,now,val,signingsavvy,MISSING,,,,,,,,,,File không tồn tại,https://www.signingsavvy.com/signs/mp4/9/9785.mp4
39001,now,train,aslu,VALID,720x480,720,480,3:2,28.63,79,2.759,162.62,0.159,OK,https://www.youtube.com/watch?v=EtW1-NdM5qI
39002,now,train,aslu,VALID,720x480,720,480,3:2,28.63,79,2.759,162.62,0.159,OK,https://www.youtube.com/watch?v=EtW1-NdM5qI
39003,now,train,aslu,VALID,1920x1080,1920,1080,16:9,29.97,76,2.536,165.49,0.162,OK,https://www.youtube.com/watch?v=g2j70neQ_lI
38990,now,train,spreadthesign,VALID,320x240,320,240,4:3,25.0,78,3.12,110.17,0.108,OK,https://media.spreadthesign.com/video/mp4/13/111145.mp4
67937,now,train,asllex,MISSING,,,,,,,,,,File không tồn tại,https://youtu.be/hIPRC-_00vs
39004,now,train,aslu,VALID,1920x1080,1920,1080,16:9,29.97,82,2.736,400.79,0.391,OK,https://www.youtube.com/watch?v=OdOx4qaYlKI
39005,now,test,aslpro,MISSING,,,,,,,,,,File không tồn tại,http://www.aslpro.com/main/n/now.swf
39006,now,train,aslsearch,MISSING,,,,,,,,,,File không tồn tại,http://www.aslsearch.com/signs/videos/now.mp4
38991,now,test,spreadthesign,VALID,320x240,320,240,4:3,29.97,78,2.603,130.97,0.128,OK,https://media.spreadthesign.com/video/mp4/13/49006.mp4
38995,now,train,asldeafined,VALID,640x480,640,480,4:3,30.0,83,2.767,614.51,0.6,OK,https://media.asldeafined.com/vocabulary/1468719996.5074.mp4
38996,now,train,handspeak,MISSING,,,,,,,,,,File không tồn tại,https://www.handspeak.com/word/n/now.mp4
38997,now,train,signingsavvy,MISSING,,,,,,,,,,File không tồn tại,https://www.signingsavvy.com/signs/mp4/7/7687.mp4
40114,orange,test,asl5200,VALID,480x320,480,320,3:2,25.0,60,2.4,42.22,0.041,OK,https://www.youtube.com/watch?v=K1VPkuTMpP0
69422,orange,val,aslbrick,VALID,1280x720,1280,720,16:9,29.97,59,1.969,2451.21,2.394,OK,http://aslbricks.org/New/ASL-Videos/orange.mp4
70310,orange,val,northtexas,VALID,626x360,626,360,16:9,29.97,104,3.47,172.74,0.169,OK,https://www.youtube.com/watch?v=pc0-gVEETVg
70249,orange,train,northtexas,MISSING,,,,,,,,,,File không tồn tại,https://www.youtube.com/watch?v=WprUBqi3iBc
68122,orange,train,valencia-asl,VALID,848x480,848,480,16:9,29.97,61,2.035,79.88,0.078,OK,https://www.youtube.com/watch?v=WuwIz-vDMUc
40115,orange,train,spreadthesign,VALID,320x240,320,240,4:3,25.0,84,3.36,97.3,0.095,OK,https://media.spreadthesign.com/video/mp4/13/91534.mp4
40116,orange,train,startasl,VALID,736x414,736,414,16:9,29.97,79,2.636,290.49,0.284,OK,https://s3-us-west-1.amazonaws.com/files.startasl.com/asldictionary/orange.mp4
40117,orange,train,signschool,VALID,1920x1080,1920,1080,16:9,29.97,38,1.268,575.15,0.562,OK,https://signstock.blob.core.windows.net/signschool/videos/db_uploads/SignSchool%20Orange-mylSeGckZJs.mp4
40118,orange,val,asldeafined,VALID,640x480,640,480,4:3,30.0,88,2.933,625.52,0.611,OK,https://media.asldeafined.com/vocabulary/1468722445.5887.mp4
40119,orange,train,asldeafined,VALID,640x480,640,480,4:3,30.0,88,2.933,625.52,0.611,OK,https://media.asldeafined.com/vocabulary/1468722468.1582.mp4
40120,orange,train,handspeak,MISSING,,,,,,,,,,File không tồn tại,https://www.handspeak.com/word/o/orange.mp4
40121,orange,train,signingsavvy,MISSING,,,,,,,,,,File không tồn tại,https://www.signingsavvy.com/signs/mp4/14/14519.mp4
40122,orange,train,aslu,VALID,1920x1080,1920,1080,16:9,59.94,212,3.537,457.85,0.447,OK,https://www.youtube.com/watch?v=3VAeP_x9tFg
40123,orange,train,aslu,MISSING,,,,,,,,,,File không tồn tại,https://www.youtube.com/watch?v=gHyJ2zdCVHw
66246,orange,train,aslsignbank,VALID,656x370,656,370,16:9,29.97,64,2.135,69.56,0.068,OK,https://aslsignbank.haskins.yale.edu/dictionary/protected_media/glossvideo/ASL/OR/ORANGE-521.mp4
67949,orange,test,asllex,MISSING,,,,,,,,,,File không tồn tại,https://youtu.be/F4cpgfDA0ds
40124,orange,train,nabboud,MISSING,,,,,,,,,,File không tồn tại,https://www.youtube.com/watch?v=juHCHcRrGew
40126,orange,test,scott,MISSING,,,,,,,,,,File không tồn tại,https://www.youtube.com/watch?v=V3hT7-PIJz4
40128,orange,train,aslpro,MISSING,,,,,,,,,,File không tồn tại,http://www.aslpro.com/main/o/orange.swf
40129,orange,train,aslsearch,MISSING,,,,,,,,,,File không tồn tại,http://www.aslsearch.com/signs/videos/orange.mp4
40130,orange,train,aslsearch,MISSING,,,,,,,,,,File không tồn tại,http://www.aslsearch.com/signs/videos/orange.mp4
56552,table,test,asl5200,VALID,480x320,480,320,3:2,25.0,57,2.28,56.24,0.055,OK,https://www.youtube.com/watch?v=x6CehcknaH8
70323,table,val,northtexas,VALID,626x360,626,360,16:9,29.97,96,3.203,140.38,0.137,OK,https://www.youtube.com/watch?v=pc0-gVEETVg
68972,table,val,lillybauer,MISSING,,,,,,,,,,File không tồn tại,https://www.youtube.com/watch?v=VQMheRBg2Mw
56573,table,train,aslpro,MISSING,,,,,,,,,,File không tồn tại,http://www.aslpro.com//main/t/table_place_setting.swf
56574,table,train,aslpro,MISSING,,,,,,,,,,File không tồn tại,http://www.aslpro.com//main/t/table_stacking.swf
56557,table,train,signschool,VALID,1920x1080,1920,1080,16:9,23.98,39,1.626,543.74,0.531,OK,https://signstock.blob.core.windows.net/signschool/videos/db_uploads/SignSchool%20Booth%2C%20Desk%2C%20Table-8QbAD7Y9UEk.mp4
56576,table,train,aslpro,MISSING,,,,,,,,,,File không tồn tại,http://www.aslpro.com//main/t/table_umbrella_and_chairs.swf
56577,table,train,aslpro,MISSING,,,,,,,,,,File không tồn tại,http://www.aslpro.com//main/t/table_umbrella.swf
56578,table,val,aslpro,MISSING,,,,,,,,,,File không tồn tại,http://www.aslpro.com//main/t/table_vanity.swf
56579,table,train,aslsearch,MISSING,,,,,,,,,,File không tồn tại,http://www.aslsearch.com/signs/videos/counter2.mp4
56558,table,train,asldeafined,VALID,640x480,640,480,4:3,30.0,102,3.4,727.52,0.71,OK,https://media.asldeafined.com/vocabulary/1468942806.9415.mp4
56556,table,train,startasl,VALID,1280x720,1280,720,16:9,29.97,72,2.402,565.07,0.552,OK,https://s3-us-west-1.amazonaws.com/files.startasl.com/asldictionary/table.mp4
56560,table,train,handspeak,MISSING,,,,,,,,,,File không tồn tại,https://www.handspeak.com/word/t/table.mp4
56563,table,train,signingsavvy,MISSING,,,,,,,,,,File không tồn tại,https://www.signingsavvy.com/signs/mp4/9/9252.mp4
56564,table,train,nabboud,MISSING,,,,,,,,,,File không tồn tại,https://www.youtube.com/watch?v=DB5oSxy6rrc
67275,table,test,asllex,MISSING,,,,,,,,,,File không tồn tại,https://youtu.be/XtP6_KGsQwE
56566,table,train,aslu,VALID,1920x1080,1920,1080,16:9,29.97,104,3.47,523.62,0.511,OK,https://www.youtube.com/watch?v=mEgQI-DHntY
56567,table,test,aslu,VALID,1920x1080,1920,1080,16:9,29.97,82,2.736,566.22,0.553,OK,https://www.youtube.com/watch?v=UJINxF1cSUA
56568,table,train,aslpro,MISSING,,,,,,,,,,File không tồn tại,http://www.aslpro.com//main/t/table_coffee.swf
56569,table,train,aslpro,MISSING,,,,,,,,,,File không tồn tại,http://www.aslpro.com//main/t/table_decorative.swf
56571,table,train,aslpro,MISSING,,,,,,,,,,File không tồn tại,http://www.aslpro.com//main/t/table_folding.swf
69092,thanksgiving,train,lillybauer,MISSING,,,,,,,,,,File không tồn tại,https://www.youtube.com/watch?v=ZxOqr6aCVLc
57645,thanksgiving,train,aslu,VALID,1920x1080,1920,1080,16:9,29.97,86,2.87,198.78,0.194,OK,https://www.youtube.com/watch?v=SX3ppKcVdKA
57646,thanksgiving,test,aslpro,MISSING,,,,,,,,,,File không tồn tại,http://www.aslpro.com/main/t/thanksgiving.swf
57628,thanksgiving,val,elementalasl,VALID,320x180,320,180,16:9,24.0,195,8.125,402.43,0.393,OK,https://elementalaslconcepts.weebly.com/uploads/2/4/4/5/24454483/thanksgiving.mov
57647,thanksgiving,train,aslsearch,MISSING,,,,,,,,,,File không tồn tại,http://www.aslsearch.com/signs/videos/thanksgiving.mp4
57629,thanksgiving,val,spreadthesign,VALID,320x240,320,240,4:3,25.0,72,2.88,59.82,0.058,OK,https://media.spreadthesign.com/video/mp4/13/244790.mp4
57630,thanksgiving,train,startasl,VALID,1280x720,1280,720,16:9,29.97,67,2.236,487.03,0.476,OK,https://s3-us-west-1.amazonaws.com/files.startasl.com/asldictionary/thanksgiving2.mp4
57631,thanksgiving,train,startasl,VALID,1280x720,1280,720,16:9,29.97,68,2.269,557.0,0.544,OK,https://s3-us-west-1.amazonaws.com/files.startasl.com/asldictionary/thanksgiving.mp4
57632,thanksgiving,train,signschool,VALID,1920x1080,1920,1080,16:9,23.98,20,0.834,308.75,0.302,OK,https://signstock.blob.core.windows.net/signschool/videos/db_uploads/SignSchool%20Thanksgiving-jCauWIb_KEw.mp4
57633,thanksgiving,train,asldeafined,VALID,640x480,640,480,4:3,30.0,87,2.9,668.39,0.653,OK,https://media.asldeafined.com/vocabulary/1468944257.5323.mp4
57634,thanksgiving,train,asldeafined,VALID,640x480,640,480,4:3,30.0,58,1.933,352.13,0.344,OK,https://media.asldeafined.com/vocabulary/1522763808.287.mp4
67292,thanksgiving,train,asllex,MISSING,,,,,,,,,,File không tồn tại,https://youtu.be/3PcHDlj9WEc
57635,thanksgiving,train,asldeafined,VALID,640x480,640,480,4:3,30.0,84,2.8,466.43,0.455,OK,https://media.asldeafined.com/vocabulary/1522763837.9158.mp4
57636,thanksgiving,train,handspeak,MISSING,,,,,,,,,,File không tồn tại,https://www.handspeak.com/word/t/thanksgiving-ca.mp4
57637,thanksgiving,test,handspeak,MISSING,,,,,,,,,,File không tồn tại,https://www.handspeak.com/word/t/thanksgiving-us.mp4
57638,thanksgiving,train,signingsavvy,MISSING,,,,,,,,,,File không tồn tại,https://www.signingsavvy.com/signs/mp4/23/23272.mp4
57639,thanksgiving,val,signingsavvy,MISSING,,,,,,,,,,File không tồn tại,https://www.signingsavvy.com/signs/mp4/23/23652.mp4
57640,thanksgiving,test,signingsavvy,MISSING,,,,,,,,,,File không tồn tại,https://www.signingsavvy.com/signs/mp4/23/23653.mp4
57641,thanksgiving,train,signingsavvy,MISSING,,,,,,,,,,File không tồn tại,https://www.signingsavvy.com/signs/mp4/9/9026.mp4
57642,thanksgiving,train,aslu,VALID,1920x1080,1920,1080,16:9,29.97,57,1.902,554.78,0.542,OK,https://www.youtube.com/watch?v=2wmuIc7XVUY
57643,thanksgiving,train,aslu,VALID,1920x1080,1920,1080,16:9,29.97,69,2.302,683.68,0.668,OK,https://www.youtube.com/watch?v=eyaWHo4EwPQ
62944,what,val,asl5200,VALID,480x320,480,320,3:2,25.0,33,1.32,33.41,0.033,OK,https://www.youtube.com/watch?v=A5dihMAjeTE
69531,what,val,aslbrick,VALID,1280x720,1280,720,16:9,29.97,63,2.102,2655.34,2.593,OK,http://aslbricks.org/New/ASL-Videos/what.mp4
68330,what,train,lillybauer,MISSING,,,,,,,,,,File không tồn tại,https://www.youtube.com/watch?v=AK26EQRsH7k
62967,what,test,signschool,VALID,1920x1080,1920,1080,16:9,29.97,26,0.868,278.75,0.272,OK,https://signstock.blob.core.windows.net/signschool/videos/db_uploads/SignSchool%20What%202-xFO06HB3kFs.mp4
62968,what,train,signschool,VALID,1920x1080,1920,1080,16:9,23.98,43,1.793,506.08,0.494,OK,https://signstock.blob.core.windows.net/signschool/videos/db_uploads/SignSchool%20What-tzER8F2xbB0.mp4
62982,what,train,nabboud,MISSING,,,,,,,,,,File không tồn tại,https://www.youtube.com/watch?v=M1gXuGSWqVI
62970,what,train,asldeafined,VALID,640x480,640,480,4:3,30.0,88,2.933,594.51,0.581,OK,https://media.asldeafined.com/vocabulary/1468927879.8532.mp4
62984,what,train,aslu,VALID,1920x1080,1920,1080,16:9,29.97,61,2.035,630.08,0.615,OK,https://www.youtube.com/watch?v=sSdQWC7mUZc
62971,what,train,handspeak,MISSING,,,,,,,,,,File không tồn tại,https://www.handspeak.com/word/w/what2.mp4
66769,what,train,aslsignbank,VALID,656x370,656,370,16:9,23.98,47,1.96,172.96,0.169,OK,https://aslsignbank.haskins.yale.edu/dictionary/protected_media/glossvideo/ASL/WH/WHAT-1425.mp4
67057,what,train,asllex,MISSING,,,,,,,,,,File không tồn tại,https://youtu.be/sbODkAcZ5Mw
62986,what,train,aslpro,MISSING,,,,,,,,,,File không tồn tại,http://www.aslpro.com/main/w/what.swf
62973,what,train,handspeak,MISSING,,,,,,,,,,File không tồn tại,https://www.handspeak.com/word/w/what.mp4
62987,what,test,aslsearch,MISSING,,,,,,,,,,File không tồn tại,http://www.aslsearch.com/signs/videos/what2.mp4
62964,what,train,spreadthesign,VALID,320x240,320,240,4:3,29.97,91,3.036,130.53,0.127,OK,https://media.spreadthesign.com/video/mp4/13/51095.mp4
67058,what,train,asllex,MISSING,,,,,,,,,,File không tồn tại,https://youtu.be/XO9Lq5Gyuaw
62988,what,val,aslsearch,MISSING,,,,,,,,,,File không tồn tại,http://www.aslsearch.com/signs/videos/what.mp4
62975,what,test,signingsavvy,MISSING,,,,,,,,,,File không tồn tại,https://www.signingsavvy.com/signs/mp4/23/23463.mp4
62965,what,val,startasl,VALID,736x414,736,414,16:9,29.97,74,2.469,295.45,0.289,OK,https://s3-us-west-1.amazonaws.com/files.startasl.com/asldictionary/what.mp4
62979,what,train,signingsavvy,MISSING,,,,,,,,,,File không tồn tại,https://www.signingsavvy.com/signs/mp4/5/5985.mp4
62966,what,train,signschool,VALID,1920x1080,1920,1080,16:9,23.98,25,1.043,427.58,0.418,OK,https://signstock.blob.core.windows.net/signschool/videos/db_uploads/SignSchool%20What-0SsXCKwjrpA.mp4
63662,woman,test,asl5200,VALID,480x320,480,320,3:2,25.0,60,2.4,53.31,0.052,OK,https://www.youtube.com/watch?v=A5dihMAjeTE
68187,woman,val,valencia-asl,VALID,848x480,848,480,16:9,29.97,138,4.605,355.71,0.347,OK,https://www.youtube.com/watch?v=i47aN_PUDvk
68764,woman,val,lillybauer,MISSING,,,,,,,,,,File không tồn tại,https://www.youtube.com/watch?v=OgcjUatW9LA
63679,woman,train,aslsearch,MISSING,,,,,,,,,,File không tồn tại,http://www.aslsearch.com/signs/videos/woman.mp4
63665,woman,train,startasl,VALID,736x414,736,414,16:9,29.97,72,2.402,242.79,0.237,OK,https://s3-us-west-1.amazonaws.com/files.startasl.com/asldictionary/woman2.mp4
63666,woman,train,startasl,VALID,736x414,736,414,16:9,29.97,70,2.336,241.34,0.236,OK,https://s3-us-west-1.amazonaws.com/files.startasl.com/asldictionary/woman.mp4
63667,woman,train,signschool,VALID,1920x1080,1920,1080,16:9,23.98,26,1.084,335.03,0.327,OK,https://signstock.blob.core.windows.net/signschool/videos/db_uploads/SignSchool%20Female%2C%20Woman-UzzZAyAR-rU.mp4
63668,woman,train,signschool,VALID,1920x1080,1920,1080,16:9,29.97,32,1.068,434.88,0.425,OK,https://signstock.blob.core.windows.net/signschool/videos/db_uploads/SignSchool%20Woman-rKWxvDjIcvg.mp4
63669,woman,val,asldeafined,VALID,640x480,640,480,4:3,30.0,94,3.133,566.49,0.553,OK,https://media.asldeafined.com/vocabulary/1468928952.8639.mp4
63670,woman,train,handspeak,MISSING,,,,,,,,,,File không tồn tại,https://www.handspeak.com/word/w/woman2.mp4
63671,woman,train,handspeak,MISSING,,,,,,,,,,File không tồn tại,https://www.handspeak.com/word/w/woman.mp4
63672,woman,train,signingsavvy,MISSING,,,,,,,,,,File không tồn tại,https://www.signingsavvy.com/signs/mp4/6/6188.mp4
63673,woman,train,signingsavvy,MISSING,,,,,,,,,,File không tồn tại,https://www.signingsavvy.com/signs/mp4/8/8401.mp4
66798,woman,train,aslsignbank,VALID,656x370,656,370,16:9,23.98,49,2.043,159.71,0.156,OK,https://aslsignbank.haskins.yale.edu/dictionary/protected_media/glossvideo/ASL/WO/WOMAN-1443.mp4
66799,woman,train,aslsignbank,VALID,656x370,656,370,16:9,23.98,55,2.294,181.48,0.177,OK,https://aslsignbank.haskins.yale.edu/dictionary/protected_media/glossvideo/ASL/WO/WOMAN-1446.mp4
63664,woman,test,spreadthesign,VALID,320x240,320,240,4:3,29.97,121,4.037,141.58,0.138,OK,https://media.spreadthesign.com/video/mp4/13/51081.mp4
67078,woman,train,asllex,MISSING,,,,,,,,,,File không tồn tại,https://youtu.be/2GhoeP8Gcyk
63675,woman,test,aslu,VALID,1920x1080,1920,1080,16:9,29.97,76,2.536,260.05,0.254,OK,https://www.youtube.com/watch?v=GobeSyJHyLk
63676,woman,train,aslu,VALID,1920x1080,1920,1080,16:9,29.97,57,1.902,215.85,0.211,OK,https://www.youtube.com/watch?v=-tJtocMNeI8
63677,woman,train,aslu,VALID,1920x1080,1920,1080,16:9,30.0,78,2.6,452.08,0.441,OK,https://www.youtube.com/watch?v=ToVkVdAa34Q
63678,woman,train,aslpro,MISSING,,,,,,,,,,File không tồn tại,http://www.aslpro.com/main/w/woman.swf
05628,bed,test,asl5200,VALID,480x320,480,320,3:2,25.0,50,2.0,44.56,0.044,OK,https://www.youtube.com/watch?v=pDqITge_TGs
05643,bed,val,aslpro,MISSING,,,,,,,,,,File không tồn tại,http://www.aslpro.com/main/b/bed.swf
05644,bed,train,aslsearch,MISSING,,,,,,,,,,File không tồn tại,http://www.aslsearch.com/signs/videos/bed.mp4
05629,bed,train,spreadthesign,VALID,320x240,320,240,4:3,25.0,69,2.76,128.2,0.125,OK,https://media.spreadthesign.com/video/mp4/13/123626.mp4
05630,bed,train,startasl,VALID,1280x720,1280,720,16:9,29.97,87,2.903,611.52,0.597,OK,https://s3-us-west-1.amazonaws.com/files.startasl.com/asldictionary/bed.mp4
05631,bed,train,signschool,VALID,1920x1080,1920,1080,16:9,23.98,24,1.001,327.86,0.32,OK,https://signstock.blob.core.windows.net/signschool/videos/db_uploads/SignSchool%20Bed%202-ORy44F0bpkU.mp4
05632,bed,train,signschool,VALID,1920x1080,1920,1080,16:9,23.98,33,1.376,443.7,0.433,OK,https://signstock.blob.core.windows.net/signschool/videos/db_uploads/SignSchool%20Bed%204-Y5FkAjWcqcw.mp4
05633,bed,train,signschool,VALID,1920x1080,1920,1080,16:9,23.98,27,1.126,371.18,0.362,OK,https://signstock.blob.core.windows.net/signschool/videos/db_uploads/SignSchool%20Bed-Btm85a-1LuM.mp4
05634,bed,train,asldeafined,VALID,640x480,640,480,4:3,30.0,103,3.433,678.63,0.663,OK,https://media.asldeafined.com/vocabulary/1466681104.4565.mp4
05635,bed,train,handspeak,MISSING,,,,,,,,,,File không tồn tại,https://www.handspeak.com/word/b/bed.mp4
05636,bed,train,signingsavvy,MISSING,,,,,,,,,,File không tồn tại,https://www.signingsavvy.com/signs/mp4/23/23233.mp4
65162,bed,train,aslsignbank,VALID,656x370,656,370,16:9,23.98,53,2.21,135.21,0.132,OK,https://aslsignbank.haskins.yale.edu/dictionary/protected_media/glossvideo/ASL/BE/BED-1974.mp4
05637,bed,train,signingsavvy,MISSING,,,,,,,,,,File không tồn tại,https://www.signingsavvy.com/signs/mp4/23/23908.mp4
65163,bed,val,aslsignbank,VALID,656x370,656,370,16:9,29.97,60,2.002,124.33,0.121,OK,https://aslsignbank.haskins.yale.edu/dictionary/protected_media/glossvideo/ASL/BE/BED-2101.mp4
65161,bed,train,aslsignbank,VALID,656x370,656,370,16:9,23.98,58,2.419,188.2,0.184,OK,https://aslsignbank.haskins.yale.edu/dictionary/protected_media/glossvideo/ASL/BE/BED-384.mp4
67400,bed,val,asllex,MISSING,,,,,,,,,,File không tồn tại,https://youtu.be/Rl52rS9gxSU
05638,bed,train,signingsavvy,MISSING,,,,,,,,,,File không tồn tại,https://www.signingsavvy.com/signs/mp4/6/6637.mp4
05639,bed,test,aslu,VALID,1920x1080,1920,1080,16:9,29.97,64,2.135,323.85,0.316,OK,https://www.youtube.com/watch?v=6lQwfs5E7lM
05641,bed,train,aslu,VALID,1920x1080,1920,1080,16:9,29.97,94,3.136,678.53,0.663,OK,https://www.youtube.com/watch?v=RnbIsdsBc5Y
05642,bed,train,nabboud,MISSING,,,,,,,,,,File không tồn tại,https://www.youtube.com/watch?v=zsInxFbekV8
06822,blue,test,asl5200,VALID,480x320,480,320,3:2,25.0,60,2.4,42.5,0.042,OK,https://www.youtube.com/watch?v=pDqITge_TGs
69238,blue,val,aslbrick,VALID,1280x720,1280,720,16:9,29.97,62,2.069,2682.23,2.619,OK,http://aslbricks.org/New/ASL-Videos/blue.mp4
68274,blue,train,lillybauer,MISSING,,,,,,,,,,File không tồn tại,https://www.youtube.com/watch?v=6I9PNDl8A_U
68010,blue,train,valencia-asl,VALID,848x480,848,480,16:9,29.97,51,1.702,148.7,0.145,OK,https://www.youtube.com/watch?v=ZpxhfHSHi7Q
06835,blue,train,asldeafined,VALID,640x480,640,480,4:3,30.0,79,2.633,510.59,0.499,OK,https://media.asldeafined.com/vocabulary/1466683577.262.mp4
06836,blue,train,handspeak,MISSING,,,,,,,,,,File không tồn tại,https://www.handspeak.com/word/b/blue-deep.mp4
06837,blue,train,handspeak,MISSING,,,,,,,,,,File không tồn tại,https://www.handspeak.com/word/b/blue-light.mp4
06838,blue,train,handspeak,MISSING,,,,,,,,,,File không tồn tại,https://www.handspeak.com/word/b/blue.mp4
06839,blue,train,signingsavvy,MISSING,,,,,,,,,,File không tồn tại,https://www.signingsavvy.com/signs/mp4/22/22144.mp4
06840,blue,train,aslu,VALID,1920x1080,1920,1080,16:9,29.97,64,2.135,109.59,0.107,OK,https://www.youtube.com/watch?v=2O8jkekJkiE
06841,blue,train,scott,VALID,1280x720,1280,720,16:9,29.97,120,4.004,731.79,0.715,OK,https://www.youtube.com/watch?v=ckcIj13POaE
65216,blue,train,aslsignbank,VALID,656x370,656,370,16:9,23.98,59,2.46,271.9,0.266,OK,https://aslsignbank.haskins.yale.edu/dictionary/protected_media/glossvideo/ASL/BL/BLUE-417.mp4
06832,blue,train,spreadthesign,VALID,320x240,320,240,4:3,25.0,64,2.56,52.56,0.051,OK,https://media.spreadthesign.com/video/mp4/13/455254.mp4
67420,blue,val,asllex,MISSING,,,,,,,,,,File không tồn tại,https://youtu.be/b_4KkOWYXIU
06842,blue,train,aslu,VALID,1920x1080,1920,1080,16:9,30.0,92,3.067,355.92,0.348,OK,https://www.youtube.com/watch?v=JD2yYYdS4xg
06843,blue,val,nabboud,MISSING,,,,,,,,,,File không tồn tại,https://www.youtube.com/watch?v=Xi6L8dzG8YQ
06844,blue,train,aslpro,MISSING,,,,,,,,,,File không tồn tại,http://www.aslpro.com/main/b/blue.swf
06845,blue,test,aslsearch,MISSING,,,,,,,,,,File không tồn tại,http://www.aslsearch.com/signs/videos/blue.mp4
06833,blue,train,startasl,VALID,736x414,736,414,16:9,29.97,69,2.302,238.96,0.233,OK,https://s3-us-west-1.amazonaws.com/files.startasl.com/asldictionary/blue.mp4
06834,blue,train,signschool,VALID,1280x720,1280,720,16:9,29.97,49,1.635,297.29,0.29,OK,https://signstock.blob.core.windows.net/signschool/videos/SignSchool%20Blue.mp4
07383,bowling,test,asl5200,VALID,480x320,480,320,3:2,25.0,47,1.88,33.2,0.032,OK,https://www.youtube.com/watch?v=pDqITge_TGs
07403,bowling,val,aslpro,MISSING,,,,,,,,,,File không tồn tại,http://www.aslpro.com//main/b/bowling.swf
07389,bowling,train,startasl,VALID,1280x720,1280,720,16:9,29.97,82,2.736,534.11,0.522,OK,https://s3-us-west-1.amazonaws.com/files.startasl.com/asldictionary/bowling.mp4
07390,bowling,train,signschool,VALID,1920x1080,1920,1080,16:9,23.98,28,1.168,437.52,0.427,OK,https://signstock.blob.core.windows.net/signschool/videos/db_uploads/SignSchool%20Bowling%202-jScnRm5hYNo.mp4
07391,bowling,train,signschool,VALID,1920x1080,1920,1080,16:9,23.98,26,1.084,445.66,0.435,OK,https://signstock.blob.core.windows.net/signschool/videos/db_uploads/SignSchool%20Bowling%203-SF414zqKaLY.mp4
07392,bowling,train,signschool,VALID,1920x1080,1920,1080,16:9,23.98,30,1.251,508.36,0.496,OK,https://signstock.blob.core.windows.net/signschool/videos/db_uploads/SignSchool%20Bowling-i2ibKcoIOSY.mp4
07393,bowling,train,signschool,VALID,1920x1080,1920,1080,16:9,29.97,61,2.035,634.45,0.62,OK,https://signstock.blob.core.windows.net/signschool/videos/db_uploads/SignSchool%20Bowling-VJCD8tZiLhc.mp4
07394,bowling,train,asldeafined,VALID,640x480,640,480,4:3,30.0,98,3.267,619.83,0.605,OK,https://media.asldeafined.com/vocabulary/1466684977.5374.mp4
07395,bowling,train,handspeak,MISSING,,,,,,,,,,File không tồn tại,https://www.handspeak.com/word/b/bowling2.mp4
07396,bowling,train,handspeak,MISSING,,,,,,,,,,File không tồn tại,https://www.handspeak.com/word/b/bowling-game.mp4
07397,bowling,train,signingsavvy,MISSING,,,,,,,,,,File không tồn tại,https://www.signingsavvy.com/signs/mp4/14/14322.mp4
65242,bowling,train,aslsignbank,VALID,656x370,656,370,16:9,29.97,90,3.003,69.03,0.067,OK,https://aslsignbank.haskins.yale.edu/dictionary/protected_media/glossvideo/ASL/BO/BOWLING-2448.mp4
65241,bowling,train,aslsignbank,VALID,656x370,656,370,16:9,23.98,61,2.544,294.39,0.287,OK,https://aslsignbank.haskins.yale.edu/dictionary/protected_media/glossvideo/ASL/BO/BOWLING-722.mp4
07388,bowling,val,spreadthesign,VALID,320x240,320,240,4:3,25.0,70,2.8,125.3,0.122,OK,https://media.spreadthesign.com/video/mp4/13/125215.mp4
67431,bowling,train,asllex,MISSING,,,,,,,,,,File không tồn tại,https://youtu.be/GZ_G19YmWO8
07398,bowling,val,signingsavvy,MISSING,,,,,,,,,,File không tồn tại,https://www.signingsavvy.com/signs/mp4/14/14420.mp4
07399,bowling,train,signingsavvy,MISSING,,,,,,,,,,File không tồn tại,https://www.signingsavvy.com/signs/mp4/14/14421.mp4
07400,bowling,test,signingsavvy,MISSING,,,,,,,,,,File không tồn tại,https://www.signingsavvy.com/signs/mp4/6/6345.mp4
07401,bowling,train,aslu,VALID,1920x1080,1920,1080,16:9,29.97,75,2.503,473.35,0.462,OK,https://www.youtube.com/watch?v=8WU50RPuCL0
07402,bowling,train,aslu,VALID,1920x1080,1920,1080,16:9,29.97,76,2.536,389.07,0.38,OK,https://www.youtube.com/watch?v=iIr9H2LXllA
69257,can,test,aslbrick,VALID,1280x720,1280,720,16:9,29.97,56,1.869,2423.06,2.366,OK,http://aslbricks.org/New/ASL-Videos/can.mp4
65294,can,val,aslsignbank,VALID,656x370,656,370,16:9,23.98,53,2.21,158.66,0.155,OK,https://aslsignbank.haskins.yale.edu/dictionary/protected_media/glossvideo/ASL/CA/CAN-426.mp4
08950,can,train,nabboud,MISSING,,,,,,,,,,File không tồn tại,https://www.youtube.com/watch?v=_jv2aC-37vQ
08951,can,train,nabboud,MISSING,,,,,,,,,,File không tồn tại,https://www.youtube.com/watch?v=trqyl20lEno
08952,can,train,nabboud,MISSING,,,,,,,,,,File không tồn tại,https://www.youtube.com/watch?v=-VJGz9f7DMY
08953,can,train,aslpro,MISSING,,,,,,,,,,File không tồn tại,http://www.aslpro.com/main/c/can.swf
08955,can,train,aslsearch,MISSING,,,,,,,,,,File không tồn tại,http://www.aslsearch.com/signs/videos/can.mp4
08935,can,train,startasl,VALID,1280x720,1280,720,16:9,29.97,58,1.935,440.49,0.43,OK,https://s3-us-west-1.amazonaws.com/files.startasl.com/asldictionary/can.mp4
08936,can,train,signschool,VALID,854x480,854,480,16:9,29.97,63,2.102,212.51,0.208,OK,https://signstock.blob.core.windows.net/signschool/videos/db_uploads/SignSchool%20can%202-jK3eUJXZ3h8.mp4
08937,can,train,asldeafined,VALID,640x480,640,480,4:3,30.0,89,2.967,580.12,0.567,OK,https://media.asldeafined.com/vocabulary/1466726413.7244.mp4
08938,can,train,asldeafined,VALID,640x480,640,480,4:3,30.0,56,1.867,368.74,0.36,OK,https://media.asldeafined.com/vocabulary/1522766215.7563.mp4
08939,can,train,handspeak,MISSING,,,,,,,,,,File không tồn tại,https://www.handspeak.com/word/c/can.mp4
08942,can,train,signingsavvy,MISSING,,,,,,,,,,File không tồn tại,https://www.signingsavvy.com/signs/mp4/7/7817.mp4
67465,can,val,asllex,MISSING,,,,,,,,,,File không tồn tại,https://youtu.be/XKsE3bqirCc
08944,can,train,signingsavvy,MISSING,,,,,,,,,,File không tồn tại,https://www.signingsavvy.com/signs/mp4/9/9064.mp4
08945,can,val,aslu,VALID,1920x1080,1920,1080,16:9,29.97,70,2.336,744.65,0.727,OK,https://www.youtube.com/watch?v=4zPifaOHJIE
08946,can,train,aslu,MISSING,,,,,,,,,,File không tồn tại,https://www.youtube.com/watch?v=4zPifaOHJIE
08947,can,test,nabboud,MISSING,,,,,,,,,,File không tồn tại,https://www.youtube.com/watch?v=AkAg7GO240c
08948,can,train,aslu,VALID,1920x1080,1920,1080,16:9,29.97,74,2.469,264.82,0.259,OK,https://www.youtube.com/watch?v=BVypOVtFnNk
08949,can,train,nabboud,MISSING,,,,,,,,,,File không tồn tại,https://www.youtube.com/watch?v=FH3mTCczlsc
17076,dog,train,asl5200,VALID,480x320,480,320,3:2,25.0,63,2.52,44.78,0.044,OK,https://www.youtube.com/watch?v=ChIupJBcxjs
69298,dog,train,aslbrick,VALID,1280x720,1280,720,16:9,29.97,81,2.703,3013.96,2.943,OK,http://aslbricks.org/New/ASL-Videos/dog.mp4
68632,dog,train,lillybauer,MISSING,,,,,,,,,,File không tồn tại,https://www.youtube.com/watch?v=kMcaG9BjXXg
68035,dog,val,valencia-asl,VALID,1280x720,1280,720,16:9,24.98,123,4.924,791.64,0.773,OK,https://www.youtube.com/watch?v=_wQEymilNt4
17097,dog,test,aslsearch,MISSING,,,,,,,,,,File không tồn tại,http://www.aslsearch.com/signs/videos/dog.mp4
17084,dog,train,spreadthesign,VALID,320x240,320,240,4:3,25.0,58,2.32,47.61,0.046,OK,https://media.spreadthesign.com/video/mp4/13/456752.mp4
17085,dog,train,startasl,VALID,1280x720,1280,720,16:9,29.97,77,2.569,501.46,0.49,OK,https://s3-us-west-1.amazonaws.com/files.startasl.com/asldictionary/dog-2.mp4
17086,dog,train,startasl,VALID,736x414,736,414,16:9,29.97,68,2.269,236.55,0.231,OK,https://s3-us-west-1.amazonaws.com/files.startasl.com/asldictionary/dog.mp4
17087,dog,train,asldeafined,VALID,640x480,640,480,4:3,30.0,96,3.2,642.04,0.627,OK,https://media.asldeafined.com/vocabulary/1467772624.2233.mp4
17088,dog,train,handspeak,MISSING,,,,,,,,,,File không tồn tại,https://www.handspeak.com/word/d/dog-fs.mp4
17090,dog,train,signingsavvy,MISSING,,,,,,,,,,File không tồn tại,https://www.signingsavvy.com/signs/mp4/24/24220.mp4
17091,dog,train,signingsavvy,MISSING,,,,,,,,,,File không tồn tại,https://www.signingsavvy.com/signs/mp4/6/6597.mp4
17092,dog,train,nabboud,MISSING,,,,,,,,,,File không tồn tại,https://www.youtube.com/watch?v=catBjk1p2bk
65506,dog,test,aslsignbank,VALID,656x370,656,370,16:9,23.98,75,3.128,233.59,0.228,OK,https://aslsignbank.haskins.yale.edu/dictionary/protected_media/glossvideo/ASL/DO/DOG-376.mp4
65507,dog,train,aslsignbank,VALID,656x370,656,370,16:9,23.98,57,2.377,119.25,0.116,OK,https://aslsignbank.haskins.yale.edu/dictionary/protected_media/glossvideo/ASL/DO/DOG-441.mp4
17083,dog,val,spreadthesign,VALID,320x240,320,240,4:3,25.0,62,2.48,48.85,0.048,OK,https://media.spreadthesign.com/video/mp4/13/456751.mp4
67578,dog,test,asllex,MISSING,,,,,,,,,,File không tồn tại,https://youtu.be/-9AsKTaXwH8
17093,dog,train,aslu,VALID,1920x1080,1920,1080,16:9,29.97,79,2.636,120.09,0.117,OK,https://www.youtube.com/watch?v=IbpJtH_QssM
17095,dog,train,aslu,VALID,1920x1080,1920,1080,16:9,59.94,209,3.487,383.5,0.375,OK,https://www.youtube.com/watch?v=V5I4eIMatII
17096,dog,val,aslpro,MISSING,,,,,,,,,,File không tồn tại,http://www.aslpro.com/main/d/dog.swf
20976,family,test,asl5200,VALID,480x320,480,320,3:2,25.0,40,1.6,43.86,0.043,OK,https://www.youtube.com/watch?v=lWaQxL25Aew
69316,family,val,aslbrick,VALID,1280x720,1280,720,16:9,29.97,85,2.836,3972.77,3.88,OK,http://aslbricks.org/New/ASL-Videos/family.mp4
69016,family,train,lillybauer,MISSING,,,,,,,,,,File không tồn tại,https://www.youtube.com/watch?v=x3GJ5mFOpNA
20980,family,train,startasl,VALID,736x414,736,414,16:9,29.97,83,2.769,291.32,0.284,OK,https://s3-us-west-1.amazonaws.com/files.startasl.com/asldictionary/family.mp4
20981,family,train,signschool,VALID,854x480,854,480,16:9,29.97,78,2.603,210.96,0.206,OK,https://signstock.blob.core.windows.net/signschool/videos/db_uploads/SignSchool%20Family-jPtV6Y2sUO4.mp4
20982,family,train,signschool,VALID,1920x1080,1920,1080,16:9,23.98,36,1.501,498.61,0.487,OK,https://signstock.blob.core.windows.net/signschool/videos/db_uploads/SignSchool%20Family-JV4BqtKxwOY.mp4
20983,family,train,asldeafined,VALID,640x480,640,480,4:3,30.0,88,2.933,622.66,0.608,OK,https://media.asldeafined.com/vocabulary/1467858228.7191.mp4
20984,family,train,handspeak,MISSING,,,,,,,,,,File không tồn tại,https://www.handspeak.com/word/f/family-isl.mp4
20985,family,train,handspeak,MISSING,,,,,,,,,,File không tồn tại,https://www.handspeak.com/word/f/family.mp4
20986,family,train,signingsavvy,MISSING,,,,,,,,,,File không tồn tại,https://www.signingsavvy.com/signs/mp4/14/14462.mp4
20987,family,train,signingsavvy,MISSING,,,,,,,,,,File không tồn tại,https://www.signingsavvy.com/signs/mp4/6/6375.mp4
65677,family,train,aslsignbank,VALID,656x370,656,370,16:9,23.98,68,2.836,173.69,0.17,OK,https://aslsignbank.haskins.yale.edu/dictionary/protected_media/glossvideo/ASL/FA/FAMILY-1379.mp4
20978,family,train,elementalasl,VALID,320x180,320,180,16:9,24.0,101,4.208,249.21,0.243,OK,https://elementalaslconcepts.weebly.com/uploads/2/4/4/5/24454483/family.mov
67642,family,val,asllex,MISSING,,,,,,,,,,File không tồn tại,https://youtu.be/Yuif86dOrEY
20988,family,train,aslu,VALID,1920x1080,1920,1080,16:9,29.97,72,2.402,553.86,0.541,OK,https://www.youtube.com/watch?v=cEuA1gLPbIY
20989,family,val,aslu,VALID,1920x1080,1920,1080,16:9,29.97,71,2.369,518.54,0.506,OK,https://www.youtube.com/watch?v=SxrxUgeTt00
20990,family,train,aslu,VALID,1920x1080,1920,1080,16:9,29.97,72,2.402,176.47,0.172,OK,https://www.youtube.com/watch?v=wtURQzK00eo
20991,family,test,aslpro,MISSING,,,,,,,,,,File không tồn tại,http://www.aslpro.com/main/f/family.swf
20992,family,train,aslsearch,MISSING,,,,,,,,,,File không tồn tại,http://www.aslsearch.com/signs/videos/family.mp4
20979,family,train,spreadthesign,VALID,320x240,320,240,4:3,25.0,81,3.24,91.51,0.089,OK,https://media.spreadthesign.com/video/mp4/13/455625.mp4
22109,fish,test,asl5200,VALID,480x320,480,320,3:2,25.0,50,2.0,42.09,0.041,OK,https://www.youtube.com/watch?v=lWaQxL25Aew
69325,fish,train,aslbrick,VALID,1280x720,1280,720,16:9,29.97,94,3.136,2593.49,2.533,OK,http://aslbricks.org/New/ASL-Videos/fish.mp4
22129,fish,train,aslpro,MISSING,,,,,,,,,,File không tồn tại,http://www.aslpro.com/main/f/fish.swf
22130,fish,train,aslsearch,MISSING,,,,,,,,,,File không tồn tại,http://www.aslsearch.com/signs/videos/fish.mp4
22114,fish,val,spreadthesign,VALID,320x240,320,240,4:3,25.0,86,3.44,100.89,0.099,OK,https://media.spreadthesign.com/video/mp4/13/74988.mp4
22115,fish,train,startasl,VALID,1280x720,1280,720,16:9,29.97,61,2.035,482.76,0.471,OK,https://s3-us-west-1.amazonaws.com/files.startasl.com/asldictionary/fish.mp4
22116,fish,train,signschool,VALID,1920x1080,1920,1080,16:9,23.98,30,1.251,528.2,0.516,OK,https://signstock.blob.core.windows.net/signschool/videos/db_uploads/SignSchool%20Fish-_GVODUZLS70.mp4
22117,fish,test,asldeafined,VALID,640x480,640,480,4:3,30.0,78,2.6,538.07,0.525,OK,https://media.asldeafined.com/vocabulary/1468494686.303.mp4
22118,fish,train,handspeak,MISSING,,,,,,,,,,File không tồn tại,https://www.handspeak.com/word/f/fish2.mp4
22119,fish,train,handspeak,MISSING,,,,,,,,,,File không tồn tại,https://www.handspeak.com/word/f/fish.mp4
22120,fish,train,signingsavvy,MISSING,,,,,,,,,,File không tồn tại,https://www.signingsavvy.com/signs/mp4/6/6808.mp4
22121,fish,train,signingsavvy,MISSING,,,,,,,,,,File không tồn tại,https://www.signingsavvy.com/signs/mp4/6/6809.mp4
65731,fish,train,aslsignbank,VALID,656x370,656,370,16:9,23.98,43,1.793,83.95,0.082,OK,https://aslsignbank.haskins.yale.edu/dictionary/protected_media/glossvideo/ASL/FI/FISH-387.mp4
22113,fish,val,elementalasl,VALID,320x180,320,180,16:9,24.0,76,3.167,235.95,0.23,OK,https://elementalaslconcepts.weebly.com/uploads/2/4/4/5/24454483/fish.mov
67667,fish,val,asllex,MISSING,,,,,,,,,,File không tồn tại,https://youtu.be/61B8V3YHlqg
22124,fish,train,nabboud,MISSING,,,,,,,,,,File không tồn tại,https://www.youtube.com/watch?v=22cYLTT67sc
22125,fish,train,aslu,VALID,720x480,720,480,3:2,29.97,149,4.972,204.48,0.2,OK,https://www.youtube.com/watch?v=_41TQ39vHMA
22126,fish,test,aslu,VALID,1920x1080,1920,1080,16:9,29.97,89,2.97,439.32,0.429,OK,https://www.youtube.com/watch?v=IJyUcYJMpmU
22127,fish,train,aslu,VALID,1920x1080,1920,1080,16:9,29.97,53,1.768,289.29,0.283,OK,https://www.youtube.com/watch?v=w1_BBOZWwPY
22128,fish,val,aslu,VALID,1920x1080,1920,1080,16:9,29.97,81,2.703,726.07,0.709,OK,https://www.youtube.com/watch?v=xCQmc-1g9fM
25318,graduate,test,asl5200,VALID,480x320,480,320,3:2,25.0,30,1.2,36.25,0.035,OK,https://www.youtube.com/watch?v=YdHKN_wHZqo
70176,graduate,val,northtexas,VALID,628x480,628,480,4:3,29.97,130,4.338,218.57,0.213,OK,https://www.youtube.com/watch?v=F5Wef1_PtLk
68528,graduate,train,lillybauer,MISSING,,,,,,,,,,File không tồn tại,https://www.youtube.com/watch?v=HNp5UcfuRSI
25337,graduate,train,aslpro,MISSING,,,,,,,,,,File không tồn tại,http://www.aslpro.com/main/g/graduate_person.swf
25338,graduate,train,aslpro,MISSING,,,,,,,,,,File không tồn tại,http://www.aslpro.com/main/g/graduate_verb.swf
25339,graduate,train,aslsearch,MISSING,,,,,,,,,,File không tồn tại,http://www.aslsearch.com/signs/videos/graduate.mp4
25322,graduate,train,startasl,VALID,1280x720,1280,720,16:9,29.97,57,1.902,431.2,0.421,OK,https://s3-us-west-1.amazonaws.com/files.startasl.com/asldictionary/graduate.mp4
25323,graduate,train,signschool,VALID,1920x1080,1920,1080,16:9,29.97,31,1.034,397.8,0.388,OK,https://signstock.blob.core.windows.net/signschool/videos/db_uploads/SignSchool%20Graduate%2C%20Guarantee%202-5_ku83x4epk.mp4
25324,graduate,train,signschool,VALID,1920x1080,1920,1080,16:9,29.97,32,1.068,431.25,0.421,OK,https://signstock.blob.core.windows.net/signschool/videos/db_uploads/SignSchool%20Graduate%2C%20Guarantee%203-AehX-pK1AIE.mp4
25325,graduate,train,signschool,VALID,1920x1080,1920,1080,16:9,29.97,32,1.068,482.47,0.471,OK,https://signstock.blob.core.windows.net/signschool/videos/db_uploads/SignSchool%20Graduate%2C%20Guarantee-fK4BOAHYevM.mp4
25326,graduate,train,asldeafined,VALID,640x480,640,480,4:3,30.0,64,2.133,459.72,0.449,OK,https://media.asldeafined.com/vocabulary/1468549910.3136.mp4
25327,graduate,train,handspeak,MISSING,,,,,,,,,,File không tồn tại,https://www.handspeak.com/word/g/graduate.mp4
25328,graduate,train,handspeak,MISSING,,,,,,,,,,File không tồn tại,https://www.handspeak.com/word/g/graduate-person.mp4
65843,graduate,val,aslsignbank,VALID,656x370,656,370,16:9,23.98,71,2.961,144.11,0.141,OK,https://aslsignbank.haskins.yale.edu/dictionary/protected_media/glossvideo/ASL/GR/GRADUATE-1866.mp4
25329,graduate,train,signingsavvy,MISSING,,,,,,,,,,File không tồn tại,https://www.signingsavvy.com/signs/mp4/6/6256.mp4
25330,graduate,val,signingsavvy,MISSING,,,,,,,,,,File không tồn tại,https://www.signingsavvy.com/signs/mp4/8/8864.mp4
25321,graduate,train,spreadthesign,VALID,320x240,320,240,4:3,25.0,92,3.68,104.06,0.102,OK,https://media.spreadthesign.com/video/mp4/13/58510.mp4
67722,graduate,test,asllex,MISSING,,,,,,,,,,File không tồn tại,https://youtu.be/aciHfU1IrCc
25332,graduate,train,aslu,VALID,1920x1080,1920,1080,16:9,29.97,112,3.737,496.82,0.485,OK,https://www.youtube.com/watch?v=3KH3aihCcF8
25333,graduate,train,aslu,MISSING,,,,,,,,,,File không tồn tại,https://www.youtube.com/watch?v=Uch6xFIQ3X0
26688,hat,test,asl5200,VALID,480x320,480,320,3:2,25.0,57,2.28,52.25,0.051,OK,https://www.youtube.com/watch?v=SiBub8VD5wo
69359,hat,val,aslbrick,VALID,640x480,640,480,4:3,29.97,98,3.27,1179.52,1.152,OK,http://aslbricks.org/New/ASL-Videos/hat.mp4
68396,hat,train,lillybauer,MISSING,,,,,,,,,,File không tồn tại,https://www.youtube.com/watch?v=Cw7DfeqaQu0
68068,hat,train,valencia-asl,VALID,848x480,848,480,16:9,29.97,69,2.302,182.43,0.178,OK,https://www.youtube.com/watch?v=M2pI7j5-mR0
26713,hat,train,startasl,VALID,1280x720,1280,720,16:9,29.97,68,2.269,462.56,0.452,OK,https://s3-us-west-1.amazonaws.com/files.startasl.com/asldictionary/hat.mp4
26736,hat,train,aslpro,MISSING,,,,,,,,,,File không tồn tại,http://www.aslpro.com/main/h/hat.swf
26712,hat,train,spreadthesign,VALID,320x240,320,240,4:3,29.97,91,3.036,114.54,0.112,OK,https://media.spreadthesign.com/video/mp4/13/51154.mp4
26739,hat,train,aslsearch,MISSING,,,,,,,,,,File không tồn tại,http://www.aslsearch.com/signs/videos/ballcap.mp4
26741,hat,train,aslsearch,MISSING,,,,,,,,,,File không tồn tại,http://www.aslsearch.com/signs/videos/hat.mp4
26714,hat,train,signschool,VALID,1920x1080,1920,1080,16:9,23.98,34,1.418,502.17,0.49,OK,https://signstock.blob.core.windows.net/signschool/videos/db_uploads/SignSchool%20Hat-F1p5oelfV7U.mp4
26715,hat,train,asldeafined,VALID,640x480,640,480,4:3,30.0,88,2.933,611.38,0.597,OK,https://media.asldeafined.com/vocabulary/1468579799.8963.mp4
26716,hat,train,handspeak,MISSING,,,,,,,,,,File không tồn tại,https://www.handspeak.com/word/h/hat.mp4
26717,hat,train,signingsavvy,MISSING,,,,,,,,,,File không tồn tại,https://www.signingsavvy.com/signs/mp4/23/23605.mp4
67745,hat,val,asllex,MISSING,,,,,,,,,,File không tồn tại,https://youtu.be/YZyaVHlqsvY
26719,hat,train,signingsavvy,MISSING,,,,,,,,,,File không tồn tại,https://www.signingsavvy.com/signs/mp4/6/6388.mp4
26721,hat,val,aslu,VALID,720x480,720,480,3:2,29.97,144,4.805,205.15,0.2,OK,https://www.youtube.com/watch?v=3xNKnBbX6aA
26722,hat,train,nabboud,MISSING,,,,,,,,,,File không tồn tại,https://www.youtube.com/watch?v=40-GTK0E2k4
26723,hat,test,aslu,VALID,1920x1080,1920,1080,16:9,30.0,83,2.767,454.41,0.444,OK,https://www.youtube.com/watch?v=7byMTWfeQxQ
26724,hat,train,aslu,VALID,1920x1080,1920,1080,16:9,29.97,109,3.637,380.18,0.371,OK,https://www.youtube.com/watch?v=bul0cjvDEEE
26726,hat,train,nabboud,MISSING,,,,,,,,,,File không tồn tại,https://www.youtube.com/watch?v=QhYtXRY5ULQ
65884,hearing,test,aslsignbank,VALID,656x370,656,370,16:9,23.98,73,3.044,118.67,0.116,OK,https://aslsignbank.haskins.yale.edu/dictionary/protected_media/glossvideo/ASL/HE/HEARING-1773.mp4
70016,hearing,val,northtexas,VALID,626x360,626,360,16:9,29.97,92,3.07,144.69,0.141,OK,https://www.youtube.com/watch?v=25ymRY7hbjs
68350,hearing,train,lillybauer,MISSING,,,,,,,,,,File không tồn tại,https://www.youtube.com/watch?v=ba87IfnWL9s
68070,hearing,train,valencia-asl,MISSING,,,,,,,,,,File không tồn tại,https://www.youtube.com/watch?v=x5cwBfSKnZc
26972,hearing,train,startasl,VALID,736x414,736,414,16:9,29.97,61,2.035,221.99,0.217,OK,https://s3-us-west-1.amazonaws.com/files.startasl.com/asldictionary/hearing.mp4
26973,hearing,train,signschool,VALID,1920x1080,1920,1080,16:9,29.97,32,1.068,378.69,0.37,OK,https://signstock.blob.core.windows.net/signschool/videos/db_uploads/SignSchool%20Hearing%2C%20Public-QTXYOo6ZB8I.mp4
26974,hearing,train,signschool,VALID,1280x720,1280,720,16:9,29.97,45,1.502,234.16,0.229,OK,https://signstock.blob.core.windows.net/signschool/videos/SignSchool%20Hearing.mp4
26975,hearing,train,asldeafined,VALID,640x480,640,480,4:3,30.0,77,2.567,527.27,0.515,OK,https://media.asldeafined.com/vocabulary/1468580423.3306.mp4
26976,hearing,train,asldeafined,VALID,640x480,640,480,4:3,30.0,77,2.567,433.58,0.423,OK,https://media.asldeafined.com/vocabulary/1522767646.1436.mp4
26977,hearing,train,handspeak,MISSING,,,,,,,,,,File không tồn tại,https://www.handspeak.com/word/h/hearing-but.mp4
26978,hearing,train,handspeak,MISSING,,,,,,,,,,File không tồn tại,https://www.handspeak.com/word/h/hearing.mp4
26971,hearing,train,spreadthesign,VALID,320x240,320,240,4:3,25.0,101,4.04,102.19,0.1,OK,https://media.spreadthesign.com/video/mp4/13/63539.mp4
26980,hearing,train,signingsavvy,MISSING,,,,,,,,,,File không tồn tại,https://www.signingsavvy.com/signs/mp4/6/6412.mp4
67750,hearing,val,asllex,MISSING,,,,,,,,,,File không tồn tại,https://youtu.be/eQlq7VX7VSg
26981,hearing,train,nabboud,MISSING,,,,,,,,,,File không tồn tại,https://www.youtube.com/watch?v=AoyNI1BJmOE
26982,hearing,val,scott,VALID,1280x720,1280,720,16:9,29.97,121,4.037,155.64,0.152,OK,https://www.youtube.com/watch?v=djZwwts-OiA
26983,hearing,train,aslu,VALID,1920x1080,1920,1080,16:9,59.94,211,3.52,586.54,0.573,OK,https://www.youtube.com/watch?v=EOUkGLfYQ7M
26984,hearing,test,aslu,VALID,1920x1080,1920,1080,16:9,29.97,80,2.669,831.06,0.812,OK,https://www.youtube.com/watch?v=o8jWmf65mTQ
26985,hearing,train,aslu,VALID,1920x1080,1920,1080,16:9,29.97,61,2.035,587.77,0.574,OK,https://www.youtube.com/watch?v=pm3V4SOB9gk
26986,hearing,train,aslu,VALID,1920x1080,1920,1080,16:9,29.97,60,2.002,123.08,0.12,OK,https://www.youtube.com/watch?v=sMRpqyQK72c
31746,kiss,val,asl5200,VALID,480x320,480,320,3:2,25.0,83,3.32,53.68,0.052,OK,https://www.youtube.com/watch?v=D2Vg3lKjX78
31765,kiss,train,aslu,VALID,1920x1080,1920,1080,16:9,29.97,57,1.902,561.1,0.548,OK,https://www.youtube.com/watch?v=TT0VsmSeuEw
31766,kiss,train,aslpro,MISSING,,,,,,,,,,File không tồn tại,http://www.aslpro.com/main/k/kiss.swf
31767,kiss,train,aslsearch,MISSING,,,,,,,,,,File không tồn tại,http://www.aslsearch.com/signs/videos/kiss.mp4
31750,kiss,test,signschool,VALID,1920x1080,1920,1080,16:9,23.98,27,1.126,407.23,0.398,OK,https://signstock.blob.core.windows.net/signschool/videos/db_uploads/SignSchool%20Cheek%20Kissing-igoSeqb5kF8.mp4
31751,kiss,val,signschool,VALID,1920x1080,1920,1080,16:9,23.98,32,1.334,417.88,0.408,OK,https://signstock.blob.core.windows.net/signschool/videos/db_uploads/SignSchool%20Kiss%202-pmiprSOQb3U.mp4
31752,kiss,train,signschool,VALID,1920x1080,1920,1080,16:9,23.98,26,1.084,334.11,0.326,OK,https://signstock.blob.core.windows.net/signschool/videos/db_uploads/SignSchool%20Kiss-6KDwdmpMIJw.mp4
31753,kiss,train,asldeafined,VALID,640x480,640,480,4:3,30.0,58,1.933,449.23,0.439,OK,https://media.asldeafined.com/vocabulary/1468670470.2614.mp4
31754,kiss,train,handspeak,MISSING,,,,,,,,,,File không tồn tại,https://www.handspeak.com/word/k/kiss.mp4
31755,kiss,train,signingsavvy,MISSING,,,,,,,,,,File không tồn tại,https://www.signingsavvy.com/signs/mp4/5/5947.mp4
31756,kiss,train,signingsavvy,MISSING,,,,,,,,,,File không tồn tại,https://www.signingsavvy.com/signs/mp4/5/5948.mp4
65996,kiss,train,aslsignbank,VALID,656x370,656,370,16:9,23.98,61,2.544,318.89,0.311,OK,https://aslsignbank.haskins.yale.edu/dictionary/protected_media/glossvideo/ASL/KI/KISS_2-165.mp4
31757,kiss,val,aslu,VALID,1920x1080,1920,1080,16:9,29.97,55,1.835,215.15,0.21,OK,https://www.youtube.com/watch?v=7B830ksHv20
31758,kiss,test,aslu,VALID,1920x1080,1920,1080,16:9,29.97,85,2.836,835.55,0.816,OK,https://www.youtube.com/watch?v=bbunI-2KVKo
31749,kiss,test,startasl,VALID,1280x720,1280,720,16:9,29.97,57,1.902,451.02,0.44,OK,https://s3-us-west-1.amazonaws.com/files.startasl.com/asldictionary/kiss.mp4
67817,kiss,train,asllex,MISSING,,,,,,,,,,File không tồn tại,https://youtu.be/xUtx5xCoVXI
31759,kiss,val,aslu,VALID,1920x1080,1920,1080,16:9,29.97,66,2.202,671.14,0.655,OK,https://www.youtube.com/watch?v=Bpbc7RhARRg
31762,kiss,train,aslu,VALID,720x480,720,480,3:2,29.97,188,6.273,241.28,0.236,OK,https://www.youtube.com/watch?v=P1JsNQUgyeg
31763,kiss,train,nabboud,MISSING,,,,,,,,,,File không tồn tại,https://www.youtube.com/watch?v=SbvomlBCAe8
31764,kiss,train,nabboud,MISSING,,,,,,,,,,File không tồn tại,https://www.youtube.com/watch?v=tp7A4b_dO0k
32146,language,train,asl5200,VALID,480x320,480,320,3:2,25.0,27,1.08,32.38,0.032,OK,https://www.youtube.com/watch?v=EhkIoTNxwGE
68084,language,train,valencia-asl,VALID,848x480,848,480,16:9,29.97,60,2.002,162.39,0.159,OK,https://www.youtube.com/watch?v=IRuaSHyrm6o
68085,language,train,valencia-asl,VALID,1280x720,1280,720,16:9,20.0,100,5.0,785.23,0.767,OK,https://www.youtube.com/watch?v=iYwt-z7Roz4
68904,language,val,lillybauer,MISSING,,,,,,,,,,File không tồn tại,https://www.youtube.com/watch?v=TaeaJ9r1A5U
32156,language,val,signschool,VALID,1920x1080,1920,1080,16:9,23.98,43,1.793,612.96,0.599,OK,https://signstock.blob.core.windows.net/signschool/videos/db_uploads/SignSchool%20Language%203-3MX4tSI4zV0.mp4
32157,language,test,signschool,VALID,1920x1080,1920,1080,16:9,23.98,48,2.002,650.32,0.635,OK,https://signstock.blob.core.windows.net/signschool/videos/db_uploads/SignSchool%20Language%204-a0lbU50n0wI.mp4
32158,language,train,signschool,VALID,1920x1080,1920,1080,16:9,23.98,45,1.877,623.74,0.609,OK,https://signstock.blob.core.windows.net/signschool/videos/db_uploads/SignSchool%20Language-QQZBHc4ZCkA.mp4
32160,language,train,asldeafined,VALID,640x480,640,480,4:3,30.0,116,3.867,811.02,0.792,OK,https://media.asldeafined.com/vocabulary/1468671247.1222.mp4
32161,language,train,handspeak,MISSING,,,,,,,,,,File không tồn tại,https://www.handspeak.com/word/l/language2.mp4
32162,language,train,handspeak,MISSING,,,,,,,,,,File không tồn tại,https://www.handspeak.com/word/l/language.mp4
32163,language,train,signingsavvy,MISSING,,,,,,,,,,File không tồn tại,https://www.signingsavvy.com/signs/mp4/6/6380.mp4
66008,language,train,aslsignbank,VALID,656x370,656,370,16:9,23.98,60,2.502,321.25,0.314,OK,https://aslsignbank.haskins.yale.edu/dictionary/protected_media/glossvideo/ASL/LA/LANGUAGE-2463.mp4
66007,language,train,aslsignbank,VALID,656x370,656,370,16:9,23.98,53,2.21,299.46,0.292,OK,https://aslsignbank.haskins.yale.edu/dictionary/protected_media/glossvideo/ASL/LA/LANGUAGE-600.mp4
32154,language,val,spreadthesign,VALID,320x240,320,240,4:3,25.0,71,2.84,73.46,0.072,OK,https://media.spreadthesign.com/video/mp4/13/457488.mp4
67827,language,val,asllex,MISSING,,,,,,,,,,File không tồn tại,https://youtu.be/ZS5lDC1yMSo
32164,language,train,aslu,VALID,1920x1080,1920,1080,16:9,29.97,103,3.437,1039.01,1.015,OK,https://www.youtube.com/watch?v=O8XiLkrSx48
32165,language,train,aslu,MISSING,,,,,,,,,,File không tồn tại,https://www.youtube.com/watch?v=y3ZYWbCLnGU
32166,language,test,aslpro,MISSING,,,,,,,,,,File không tồn tại,http://www.aslpro.com/main/l/language.swf
32167,language,test,aslsearch,MISSING,,,,,,,,,,File không tồn tại,http://www.aslsearch.com/signs/videos/language.mp4
32155,language,train,signschool,VALID,1920x1080,1920,1080,16:9,23.98,41,1.71,593.67,0.58,OK,https://signstock.blob.core.windows.net/signschool/videos/db_uploads/SignSchool%20Language%202-e7ngY2s5d-w.mp4
32319,later,train,asl5200,VALID,480x320,480,320,3:2,25.0,33,1.32,30.87,0.03,OK,https://www.youtube.com/watch?v=EhkIoTNxwGE
32335,later,train,aslu,VALID,852x480,852,480,16:9,29.97,71,2.369,66.39,0.065,OK,https://www.youtube.com/watch?v=X4003aEoiWo
32336,later,train,aslpro,MISSING,,,,,,,,,,File không tồn tại,http://www.aslpro.com/main/l/later.swf
32337,later,train,aslsearch,MISSING,,,,,,,,,,File không tồn tại,http://www.aslsearch.com/signs/videos/later.mp4
32338,later,train,aslsearch,MISSING,,,,,,,,,,File không tồn tại,http://www.aslsearch.com/signs/videos/later.mp4
32320,later,val,spreadthesign,VALID,320x240,320,240,4:3,25.0,82,3.28,76.53,0.075,OK,https://media.spreadthesign.com/video/mp4/13/457497.mp4
32321,later,train,signschool,VALID,1920x1080,1920,1080,16:9,23.98,29,1.209,378.25,0.369,OK,https://signstock.blob.core.windows.net/signschool/videos/db_uploads/SignSchool%20Later%202-UlcQ5965pNk.mp4
32322,later,train,signschool,VALID,1920x1080,1920,1080,16:9,23.98,35,1.46,474.42,0.463,OK,https://signstock.blob.core.windows.net/signschool/videos/db_uploads/SignSchool%20Later%203-nbbipDhvyVQ.mp4
32323,later,val,signschool,VALID,1920x1080,1920,1080,16:9,23.98,34,1.418,450.86,0.44,OK,https://signstock.blob.core.windows.net/signschool/videos/db_uploads/SignSchool%20Later-FVJ2dUlmpXA.mp4
32324,later,train,signschool,VALID,1920x1080,1920,1080,16:9,29.97,39,1.301,561.99,0.549,OK,https://signstock.blob.core.windows.net/signschool/videos/db_uploads/SignSchool%20Later-K4l6zXKW2b4.mp4
32325,later,val,signschool,VALID,854x480,854,480,16:9,29.97,121,4.037,345.12,0.337,OK,https://signstock.blob.core.windows.net/signschool/videos/db_uploads/SignSchool%20later-LwQxFlH3wmA.mp4
66015,later,val,aslsignbank,VALID,656x370,656,370,16:9,23.98,49,2.043,153.41,0.15,OK,https://aslsignbank.haskins.yale.edu/dictionary/protected_media/glossvideo/ASL/LA/LATER-1688.mp4
32326,later,train,asldeafined,VALID,640x480,640,480,4:3,30.0,108,3.6,734.3,0.717,OK,https://media.asldeafined.com/vocabulary/1468671424.4465.mp4
32327,later,train,handspeak,MISSING,,,,,,,,,,File không tồn tại,https://www.handspeak.com/word/l/later2.mp4
32328,later,train,handspeak,MISSING,,,,,,,,,,File không tồn tại,https://www.handspeak.com/word/l/later-inf.mp4
66014,later,train,aslsignbank,VALID,656x370,656,370,16:9,23.98,60,2.502,331.23,0.323,OK,https://aslsignbank.haskins.yale.edu/dictionary/protected_media/glossvideo/ASL/LA/LATER-169.mp4
67829,later,test,asllex,MISSING,,,,,,,,,,File không tồn tại,https://youtu.be/s3wDKw4Y4w0
32329,later,test,handspeak,MISSING,,,,,,,,,,File không tồn tại,https://www.handspeak.com/word/l/later.mp4
32333,later,train,signingsavvy,MISSING,,,,,,,,,,File không tồn tại,https://www.signingsavvy.com/signs/mp4/7/7458.mp4
32334,later,train,aslu,VALID,1920x1080,1920,1080,16:9,29.97,111,3.704,517.42,0.505,OK,https://www.youtube.com/watch?v=4Md8yfrXzp8
34685,man,test,asl5200,VALID,480x320,480,320,3:2,25.0,43,1.72,42.64,0.042,OK,https://www.youtube.com/watch?v=IxO7unGawfk
69395,man,val,aslbrick,VALID,1280x720,1280,720,16:9,29.97,76,2.536,2887.64,2.82,OK,http://aslbricks.org/New/ASL-Videos/man.mp4
68794,man,train,lillybauer,MISSING,,,,,,,,,,File không tồn tại,https://www.youtube.com/watch?v=pi_BA9L-UNk
34746,man,train,aslsearch,MISSING,,,,,,,,,,File không tồn tại,http://www.aslsearch.com/signs/videos/male.mp4
34733,man,train,startasl,VALID,736x414,736,414,16:9,29.97,87,2.903,307.71,0.3,OK,https://s3-us-west-1.amazonaws.com/files.startasl.com/asldictionary/man2.mp4
34734,man,train,startasl,VALID,736x414,736,414,16:9,29.97,97,3.237,362.84,0.354,OK,https://s3-us-west-1.amazonaws.com/files.startasl.com/asldictionary/man.mp4
34736,man,train,signschool,VALID,1920x1080,1920,1080,16:9,23.98,31,1.293,399.34,0.39,OK,https://signstock.blob.core.windows.net/signschool/videos/db_uploads/SignSchool%20Male%2C%20Man-k2HqojTY0ZE.mp4
34737,man,train,signschool,VALID,1920x1080,1920,1080,16:9,29.97,34,1.134,392.51,0.383,OK,https://signstock.blob.core.windows.net/signschool/videos/db_uploads/SignSchool%20Man-aifqg8ePLMI.mp4
34738,man,train,asldeafined,VALID,640x480,640,480,4:3,30.0,155,5.167,892.41,0.871,OK,https://media.asldeafined.com/vocabulary/1546574351.9937.mp4
34739,man,train,handspeak,MISSING,,,,,,,,,,File không tồn tại,https://www.handspeak.com/word/m/man2.mp4
34741,man,train,handspeak,MISSING,,,,,,,,,,File không tồn tại,https://www.handspeak.com/word/m/man.mp4
66098,man,train,aslsignbank,VALID,656x370,656,370,16:9,23.98,69,2.877,141.56,0.138,OK,https://aslsignbank.haskins.yale.edu/dictionary/protected_media/glossvideo/ASL/MA/MAN-1627.mp4
66099,man,train,aslsignbank,VALID,656x370,656,370,16:9,23.98,60,2.502,132.82,0.13,OK,https://aslsignbank.haskins.yale.edu/dictionary/protected_media/glossvideo/ASL/MA/MAN-2000.mp4
66097,man,val,aslsignbank,VALID,656x370,656,370,16:9,23.98,64,2.669,145.09,0.142,OK,https://aslsignbank.haskins.yale.edu/dictionary/protected_media/glossvideo/ASL/MA/MAN-503.mp4
34732,man,train,spreadthesign,VALID,320x240,320,240,4:3,25.0,72,2.88,69.23,0.068,OK,https://media.spreadthesign.com/video/mp4/13/456667.mp4
67872,man,val,asllex,MISSING,,,,,,,,,,File không tồn tại,https://youtu.be/T2R4utmVagc
34742,man,train,signingsavvy,MISSING,,,,,,,,,,File không tồn tại,https://www.signingsavvy.com/signs/mp4/7/7441.mp4
34743,man,test,aslu,VALID,1920x1080,1920,1080,16:9,30.0,118,3.933,601.46,0.587,OK,https://www.youtube.com/watch?v=lyAWyqDxUqg
34744,man,train,aslu,VALID,1920x1080,1920,1080,16:9,29.97,78,2.603,133.73,0.131,OK,https://www.youtube.com/watch?v=rTUmMfWQ2rw
34745,man,train,aslpro,MISSING,,,,,,,,,,File không tồn tại,http://www.aslpro.com/main/m/man.swf
51054,shirt,train,asl5200,VALID,480x320,480,320,3:2,25.0,57,2.28,46.59,0.045,OK,https://www.youtube.com/watch?v=XB3Q6IX6CBo
68928,shirt,train,lillybauer,MISSING,,,,,,,,,,File không tồn tại,https://www.youtube.com/watch?v=u7GIbrpxyFU
51057,shirt,train,startasl,VALID,736x414,736,414,16:9,29.97,100,3.337,375.49,0.367,OK,https://s3-us-west-1.amazonaws.com/files.startasl.com/asldictionary/shirt.mp4
51077,shirt,test,aslpro,MISSING,,,,,,,,,,File không tồn tại,http://www.aslpro.com/main/s/shirt.swf
51081,shirt,val,aslsearch,MISSING,,,,,,,,,,File không tồn tại,http://www.aslsearch.com/signs/videos/shirt.mp4
51056,shirt,train,spreadthesign,VALID,320x240,320,240,4:3,29.97,99,3.303,123.41,0.121,OK,https://media.spreadthesign.com/video/mp4/13/50791.mp4
51058,shirt,train,startasl,VALID,736x414,736,414,16:9,29.97,95,3.17,326.03,0.318,OK,https://s3-us-west-1.amazonaws.com/files.startasl.com/asldictionary/shirt-plaid.mp4
51059,shirt,train,startasl,VALID,736x414,736,414,16:9,29.97,115,3.837,405.41,0.396,OK,https://s3-us-west-1.amazonaws.com/files.startasl.com/asldictionary/shirt-vneck.mp4
51060,shirt,train,signschool,VALID,1920x1080,1920,1080,16:9,23.98,39,1.626,488.61,0.477,OK,https://signstock.blob.core.windows.net/signschool/videos/db_uploads/SignSchool%20Shirt-Mi3CHINu71M.mp4
51061,shirt,train,asldeafined,VALID,640x480,640,480,4:3,30.0,77,2.567,550.64,0.538,OK,https://media.asldeafined.com/vocabulary/1468766065.7078.mp4
51063,shirt,train,signingsavvy,MISSING,,,,,,,,,,File không tồn tại,https://www.signingsavvy.com/signs/mp4/23/23615.mp4
51064,shirt,train,signingsavvy,MISSING,,,,,,,,,,File không tồn tại,https://www.signingsavvy.com/signs/mp4/23/23616.mp4
67188,shirt,train,asllex,MISSING,,,,,,,,,,File không tồn tại,https://youtu.be/lSqfurbjfDc
51066,shirt,test,signingsavvy,MISSING,,,,,,,,,,File không tồn tại,https://www.signingsavvy.com/signs/mp4/23/23618.mp4
51067,shirt,val,signingsavvy,MISSING,,,,,,,,,,File không tồn tại,https://www.signingsavvy.com/signs/mp4/6/6249.mp4
51068,shirt,test,signingsavvy,MISSING,,,,,,,,,,File không tồn tại,https://www.signingsavvy.com/signs/mp4/7/7169.mp4
51069,shirt,train,aslu,MISSING,,,,,,,,,,File không tồn tại,https://www.youtube.com/watch?v=4ln_5SQd__w
51070,shirt,train,nabboud,MISSING,,,,,,,,,,File không tồn tại,https://www.youtube.com/watch?v=8dyicrBmgKE
51071,shirt,val,aslu,MISSING,,,,,,,,,,File không tồn tại,https://www.youtube.com/watch?v=9Rcg3QJiClc
51072,shirt,train,aslu,MISSING,,,,,,,,,,File không tồn tại,https://www.youtube.com/watch?v=i14EM0ZbtUY
55356,study,test,asl5200,MISSING,,,,,,,,,,File không tồn tại,https://www.youtube.com/watch?v=XB3Q6IX6CBo
68428,study,val,lillybauer,MISSING,,,,,,,,,,File không tồn tại,https://www.youtube.com/watch?v=edaot0Pm6NI
68162,study,train,valencia-asl,MISSING,,,,,,,,,,File không tồn tại,https://www.youtube.com/watch?v=JSwDsjPxKk0
68624,study,train,lillybauer,MISSING,,,,,,,,,,File không tồn tại,https://www.youtube.com/watch?v=kePJ_Y5KPmM
55364,study,train,signschool,VALID,1920x1080,1920,1080,16:9,23.98,35,1.46,536.02,0.523,OK,https://signstock.blob.core.windows.net/signschool/videos/db_uploads/SignSchool%20Study-Yk94i4N_5Ag.mp4
55365,study,train,asldeafined,VALID,640x480,640,480,4:3,30.0,102,3.4,763.96,0.746,OK,https://media.asldeafined.com/vocabulary/1468897455.7527.mp4
55366,study,train,asldeafined,VALID,640x480,640,480,4:3,30.0,73,2.433,454.17,0.444,OK,https://media.asldeafined.com/vocabulary/1522766622.3153.mp4
55367,study,train,handspeak,MISSING,,,,,,,,,,File không tồn tại,https://www.handspeak.com/word/s/study.mp4
55368,study,train,signingsavvy,MISSING,,,,,,,,,,File không tồn tại,https://www.signingsavvy.com/signs/mp4/22/22165.mp4
55369,study,train,signingsavvy,MISSING,,,,,,,,,,File không tồn tại,https://www.signingsavvy.com/signs/mp4/23/23174.mp4
55370,study,train,aslu,MISSING,,,,,,,,,,File không tồn tại,https://www.youtube.com/watch?v=MI5yNdCJ7kg
66575,study,train,aslsignbank,VALID,656x370,656,370,16:9,23.98,50,2.085,93.17,0.091,OK,https://aslsignbank.haskins.yale.edu/dictionary/protected_media/glossvideo/ASL/ST/STUDY-1139.mp4
55361,study,train,elementalasl,VALID,320x180,320,180,16:9,24.0,148,6.167,374.43,0.366,OK,https://elementalaslconcepts.weebly.com/uploads/2/4/4/5/24454483/study.mov
55371,study,val,aslu,MISSING,,,,,,,,,,File không tồn tại,https://www.youtube.com/watch?v=ngmdzuRjqcA
55372,study,train,aslu,MISSING,,,,,,,,,,File không tồn tại,https://www.youtube.com/watch?v=tGm13N0s4wQ
55373,study,val,aslu,MISSING,,,,,,,,,,File không tồn tại,https://www.youtube.com/watch?v=ZRgbix3ihv0
55374,study,train,aslpro,MISSING,,,,,,,,,,File không tồn tại,http://www.aslpro.com/main/s/study.swf
55375,study,test,aslsearch,MISSING,,,,,,,,,,File không tồn tại,http://www.aslsearch.com/signs/videos/study.mp4
55362,study,train,spreadthesign,VALID,320x240,320,240,4:3,29.97,109,3.637,146.15,0.143,OK,https://media.spreadthesign.com/video/mp4/13/50835.mp4
55363,study,train,startasl,VALID,1280x720,1280,720,16:9,29.97,79,2.636,592.52,0.579,OK,https://s3-us-west-1.amazonaws.com/files.startasl.com/asldictionary/study.mp4
56835,tall,test,asl5200,VALID,480x320,480,320,3:2,25.0,53,2.12,40.94,0.04,OK,https://www.youtube.com/watch?v=x6CehcknaH8
56851,tall,train,aslpro,MISSING,,,,,,,,,,File không tồn tại,http://www.aslpro.com/main/t/tall.swf
56852,tall,train,aslsearch,MISSING,,,,,,,,,,File không tồn tại,http://www.aslsearch.com/signs/videos/tall.mp4
56838,tall,train,startasl,VALID,736x414,736,414,16:9,29.97,96,3.203,329.56,0.322,OK,https://s3-us-west-1.amazonaws.com/files.startasl.com/asldictionary/tall.mp4
56839,tall,train,signschool,VALID,1920x1080,1920,1080,16:9,23.98,39,1.626,642.46,0.627,OK,https://signstock.blob.core.windows.net/signschool/videos/db_uploads/SignSchool%20Big%2C%20Giant%2C%20Tall%2C%20Adult%2C%20Grown-up-oXwKsrsVUE8.mp4
56840,tall,val,signschool,VALID,1280x720,1280,720,16:9,23.98,29,1.209,172.3,0.168,OK,https://signstock.blob.core.windows.net/signschool/videos/db_uploads/SignSchool%20Big%2C%20Giant%2C%20Tall--OCW9K2ZzVY.mp4
56841,tall,train,signschool,VALID,1920x1080,1920,1080,16:9,29.97,46,1.535,541.15,0.528,OK,https://signstock.blob.core.windows.net/signschool/videos/db_uploads/SignSchool%20Tall-8d940gDDaKI.mp4
56842,tall,train,signschool,VALID,1920x1080,1920,1080,16:9,23.98,43,1.793,610.28,0.596,OK,https://signstock.blob.core.windows.net/signschool/videos/db_uploads/SignSchool%20Tall-WKv937oqhW8.mp4
56843,tall,test,asldeafined,VALID,640x480,640,480,4:3,30.0,90,3.0,668.61,0.653,OK,https://media.asldeafined.com/vocabulary/1468943060.7425.mp4
56844,tall,train,asldeafined,VALID,640x480,640,480,4:3,30.0,110,3.667,714.62,0.698,OK,https://media.asldeafined.com/vocabulary/1546575217.9786.mp4
56845,tall,val,handspeak,MISSING,,,,,,,,,,File không tồn tại,https://www.handspeak.com/word/t/tall.mp4
66591,tall,val,aslsignbank,VALID,656x370,656,370,16:9,23.98,52,2.168,170.63,0.167,OK,https://aslsignbank.haskins.yale.edu/dictionary/protected_media/glossvideo/ASL/TA/TALL_1-1174.mp4
56846,tall,train,signingsavvy,MISSING,,,,,,,,,,File không tồn tại,https://www.signingsavvy.com/signs/mp4/14/14373.mp4
66592,tall,train,aslsignbank,VALID,656x370,656,370,16:9,23.98,66,2.752,252.01,0.246,OK,https://aslsignbank.haskins.yale.edu/dictionary/protected_media/glossvideo/ASL/TA/TALL_2-411.mp4
56837,tall,train,spreadthesign,VALID,320x240,320,240,4:3,29.97,108,3.604,139.26,0.136,OK,https://media.spreadthesign.com/video/mp4/13/50853.mp4
67278,tall,test,asllex,MISSING,,,,,,,,,,File không tồn tại,https://youtu.be/qk-or6jz0Hk
67279,tall,train,asllex,MISSING,,,,,,,,,,File không tồn tại,https://youtu.be/sT8fYiXBtZE
56848,tall,train,signingsavvy,MISSING,,,,,,,,,,File không tồn tại,https://www.signingsavvy.com/signs/mp4/8/8777.mp4
56849,tall,train,aslu,MISSING,,,,,,,,,,File không tồn tại,https://www.youtube.com/watch?v=3FdpwAJlbaU
56850,tall,val,aslu,MISSING,,,,,,,,,,File không tồn tại,https://www.youtube.com/watch?v=orl2KrOMEIQ
63191,white,test,asl5200,VALID,480x320,480,320,3:2,25.0,47,1.88,40.79,0.04,OK,https://www.youtube.com/watch?v=A5dihMAjeTE
69533,white,val,aslbrick,VALID,1280x720,1280,720,16:9,29.97,75,2.503,3057.08,2.985,OK,http://aslbricks.org/New/ASL-Videos/white.mp4
68622,white,train,lillybauer,MISSING,,,,,,,,,,File không tồn tại,https://www.youtube.com/watch?v=kddq0oAgBS0
68182,white,train,valencia-asl,MISSING,,,,,,,,,,File không tồn tại,https://www.youtube.com/watch?v=TomJbyh-XVY
70245,white,train,northtexas,VALID,626x360,626,360,16:9,29.97,100,3.337,162.27,0.158,OK,https://www.youtube.com/watch?v=WprUBqi3iBc
63204,white,train,signschool,VALID,1920x1080,1920,1080,16:9,23.98,37,1.543,514.25,0.502,OK,https://signstock.blob.core.windows.net/signschool/videos/db_uploads/SignSchool%20White-PWGruSSI30c.mp4
63205,white,train,asldeafined,VALID,640x480,640,480,4:3,30.0,79,2.633,519.38,0.507,OK,https://media.asldeafined.com/vocabulary/1468928266.3449.mp4
63206,white,train,handspeak,MISSING,,,,,,,,,,File không tồn tại,https://www.handspeak.com/word/w/white.mp4
63207,white,train,signingsavvy,MISSING,,,,,,,,,,File không tồn tại,https://www.signingsavvy.com/signs/mp4/7/7061.mp4
63208,white,train,signingsavvy,MISSING,,,,,,,,,,File không tồn tại,https://www.signingsavvy.com/signs/mp4/7/7064.mp4
63209,white,train,nabboud,MISSING,,,,,,,,,,File không tồn tại,https://www.youtube.com/watch?v=0FYsztUQnUM
63200,white,train,spreadthesign,VALID,320x240,320,240,4:3,29.97,109,3.637,132.03,0.129,OK,https://media.spreadthesign.com/video/mp4/13/50906.mp4
63210,white,train,scott,MISSING,,,,,,,,,,File không tồn tại,https://www.youtube.com/watch?v=O6-OsGXF0Uw
63211,white,val,aslu,MISSING,,,,,,,,,,File không tồn tại,https://www.youtube.com/watch?v=uLjkLwFvFtw
63212,white,train,aslu,MISSING,,,,,,,,,,File không tồn tại,https://www.youtube.com/watch?v=v8h6mw4zGys
63213,white,val,aslpro,MISSING,,,,,,,,,,File không tồn tại,http://www.aslpro.com/main/w/white.swf
63214,white,train,aslsearch,MISSING,,,,,,,,,,File không tồn tại,http://www.aslsearch.com/signs/videos/white.mp4
63201,white,test,startasl,VALID,736x414,736,414,16:9,29.97,84,2.803,295.37,0.288,OK,https://s3-us-west-1.amazonaws.com/files.startasl.com/asldictionary/white.mp4
63202,white,train,startasl,VALID,1280x720,1280,720,16:9,29.97,72,2.402,476.92,0.466,OK,https://s3-us-west-1.amazonaws.com/files.startasl.com/asldictionary/white-person.mp4
63203,white,train,signschool,VALID,1920x1080,1920,1080,16:9,29.97,35,1.168,442.1,0.432,OK,https://signstock.blob.core.windows.net/signschool/videos/db_uploads/SignSchool%20White-75OHf34DQXk.mp4
64082,wrong,test,asl5200,VALID,480x320,480,320,3:2,25.0,60,2.4,47.3,0.046,OK,https://www.youtube.com/watch?v=A5dihMAjeTE
68189,wrong,val,valencia-asl,MISSING,,,,,,,,,,File không tồn tại,https://www.youtube.com/watch?v=BNOGQec2v8M
70296,wrong,train,northtexas,VALID,626x360,626,360,16:9,29.97,112,3.737,135.08,0.132,OK,https://www.youtube.com/watch?v=CSj7IScvZnE
70132,wrong,train,northtexas,MISSING,,,,,,,,,,File không tồn tại,https://www.youtube.com/watch?v=VwejDy96MzM
64087,wrong,train,asldeafined,VALID,640x480,640,480,4:3,30.0,78,2.6,516.93,0.505,OK,https://media.asldeafined.com/vocabulary/1468929417.3806.mp4
64088,wrong,train,asldeafined,VALID,640x480,640,480,4:3,30.0,65,2.167,388.07,0.379,OK,https://media.asldeafined.com/vocabulary/1522768333.3729.mp4
64089,wrong,train,handspeak,MISSING,,,,,,,,,,File không tồn tại,https://www.handspeak.com/word/w/wrong.mp4
64090,wrong,train,signingsavvy,MISSING,,,,,,,,,,File không tồn tại,https://www.signingsavvy.com/signs/mp4/6/6969.mp4
64091,wrong,train,signingsavvy,MISSING,,,,,,,,,,File không tồn tại,https://www.signingsavvy.com/signs/mp4/9/9505.mp4
64092,wrong,train,aslu,MISSING,,,,,,,,,,File không tồn tại,https://www.youtube.com/watch?v=GLAPZdS-gpU
64093,wrong,train,aslu,MISSING,,,,,,,,,,File không tồn tại,https://www.youtube.com/watch?v=JI7l0z8hEKY
64084,wrong,train,spreadthesign,VALID,320x240,320,240,4:3,29.97,90,3.003,102.77,0.1,OK,https://media.spreadthesign.com/video/mp4/13/51102.mp4
67009,wrong,train,asllex,MISSING,,,,,,,,,,File không tồn tại,https://youtu.be/Dl5AFJH040s
67010,wrong,val,asllex,MISSING,,,,,,,,,,File không tồn tại,https://youtu.be/hlVM_zS_dzw
64094,wrong,train,aslu,MISSING,,,,,,,,,,File không tồn tại,https://www.youtube.com/watch?v=UQakVMOT350
64095,wrong,val,aslu,MISSING,,,,,,,,,,File không tồn tại,https://www.youtube.com/watch?v=xt3jJMKpCqY
64096,wrong,train,aslpro,MISSING,,,,,,,,,,File không tồn tại,http://www.aslpro.com/main/w/wrong.swf
64097,wrong,test,aslsearch,MISSING,,,,,,,,,,File không tồn tại,http://www.aslsearch.com/signs/videos/wrong.mp4
64085,wrong,train,startasl,VALID,1280x720,1280,720,16:9,29.97,60,2.002,414.26,0.405,OK,https://s3-us-west-1.amazonaws.com/files.startasl.com/asldictionary/wrong.mp4
64086,wrong,train,signschool,VALID,1920x1080,1920,1080,16:9,23.98,33,1.376,484.56,0.473,OK,https://signstock.blob.core.windows.net/signschool/videos/db_uploads/SignSchool%20I%20Was%20Wrong%2C%20I%20Was%20Mistaken-ija9q46y1EA.mp4
00618,accident,train,asl5200,VALID,480x320,480,320,3:2,25.0,27,1.08,37.89,0.037,OK,https://www.youtube.com/watch?v=jPn0FQxkdBc
00639,accident,train,aslsearch,MISSING,,,,,,,,,,File không tồn tại,http://www.aslsearch.com/signs/videos/accident.mp4
00624,accident,train,spreadthesign,VALID,320x240,320,240,4:3,29.97,109,3.637,127.35,0.124,OK,https://media.spreadthesign.com/video/mp4/13/72311.mp4
00625,accident,test,signschool,VALID,1920x1080,1920,1080,16:9,23.98,34,1.418,442.28,0.432,OK,https://signstock.blob.core.windows.net/signschool/videos/db_uploads/SignSchool%20Accident%2C%20Accidentally-0F9FseAyJb4.mp4
00626,accident,val,signschool,VALID,1920x1080,1920,1080,16:9,23.98,44,1.835,556.54,0.543,OK,https://signstock.blob.core.windows.net/signschool/videos/db_uploads/SignSchool%20Car%20Accident-lEGmzocv1g4.mp4
00627,accident,val,signschool,VALID,1920x1080,1920,1080,16:9,29.97,31,1.034,348.01,0.34,OK,https://signstock.blob.core.windows.net/signschool/videos/db_uploads/SignSchool%20Oops%2C%20Accident%202-QRE4kaRRdnQ.mp4
00628,accident,train,signschool,VALID,1920x1080,1920,1080,16:9,29.97,35,1.168,403.02,0.394,OK,https://signstock.blob.core.windows.net/signschool/videos/db_uploads/SignSchool%20Oops%2C%20Accident-CUc50MMnZ1g.mp4
00629,accident,train,asldeafined,VALID,640x480,640,480,4:3,30.0,149,4.967,1000.12,0.977,OK,https://media.asldeafined.com/vocabulary/1466168079.5866.mp4
00630,accident,train,handspeak,MISSING,,,,,,,,,,File không tồn tại,https://www.handspeak.com/word/a/accident.mp4
00631,accident,train,signingsavvy,MISSING,,,,,,,,,,File không tồn tại,https://www.signingsavvy.com/signs/mp4/24/24332.mp4
00632,accident,train,signingsavvy,MISSING,,,,,,,,,,File không tồn tại,https://www.signingsavvy.com/signs/mp4/5/5277.mp4
65009,accident,train,aslsignbank,VALID,1920x1080,1920,1080,16:9,23.98,56,2.335,1417.22,1.384,OK,https://aslsignbank.haskins.yale.edu/dictionary/protected_media/glossvideo/ASL/AC/ACCIDENT-2047.mp4
00623,accident,train,spreadthesign,VALID,320x240,320,240,4:3,25.0,104,4.16,152.83,0.149,OK,https://media.spreadthesign.com/video/mp4/13/118182.mp4
67342,accident,val,asllex,MISSING,,,,,,,,,,File không tồn tại,https://youtu.be/l5KxrD1W7oQ
00633,accident,train,signingsavvy,MISSING,,,,,,,,,,File không tồn tại,https://www.signingsavvy.com/signs/mp4/6/6969.mp4
00634,accident,test,signingsavvy,MISSING,,,,,,,,,,File không tồn tại,https://www.signingsavvy.com/signs/mp4/7/7493.mp4
00635,accident,test,aslu,MISSING,,,,,,,,,,File không tồn tại,https://www.youtube.com/watch?v=SvF0j4h-3uE
00636,accident,train,aslpro,MISSING,,,,,,,,,,File không tồn tại,http://www.aslpro.com//main/a/accident_1car.swf
00638,accident,train,aslpro,MISSING,,,,,,,,,,File không tồn tại,http://www.aslpro.com/main/a/accident_3.swf
02997,apple,test,asl5200,VALID,480x320,480,320,3:2,25.0,53,2.12,40.44,0.039,OK,https://www.youtube.com/watch?v=jPn0FQxkdBc
69213,apple,val,aslbrick,VALID,1280x720,1280,720,16:9,29.97,91,3.036,3941.67,3.849,OK,http://aslbricks.org/New/ASL-Videos/apple.mp4
68003,apple,train,valencia-asl,MISSING,,,,,,,,,,File không tồn tại,https://www.youtube.com/watch?v=BT3cFFLNzD8
68576,apple,train,lillybauer,MISSING,,,,,,,,,,File không tồn tại,https://www.youtube.com/watch?v=iVgjg202V6M
70309,apple,train,northtexas,VALID,626x360,626,360,16:9,29.97,109,3.637,144.15,0.141,OK,https://www.youtube.com/watch?v=pc0-gVEETVg
03004,apple,test,handspeak,MISSING,,,,,,,,,,File không tồn tại,https://www.handspeak.com/word/a/apple.mp4
03005,apple,train,signingsavvy,MISSING,,,,,,,,,,File không tồn tại,https://www.signingsavvy.com/signs/mp4/7/7981.mp4
03006,apple,train,aslu,MISSING,,,,,,,,,,File không tồn tại,https://www.youtube.com/watch?v=4gTs30ozIrA
03007,apple,train,aslpro,MISSING,,,,,,,,,,File không tồn tại,http://www.aslpro.com/main/a/apple.swf
03008,apple,train,aslsearch,MISSING,,,,,,,,,,File không tồn tại,http://www.aslsearch.com/signs/videos/apple.mp4
65085,apple,train,aslsignbank,VALID,656x370,656,370,16:9,29.97,70,2.336,137.57,0.134,OK,https://aslsignbank.haskins.yale.edu/dictionary/protected_media/glossvideo/ASL/AP/APPLE-2072.mp4
65086,apple,val,aslsignbank,VALID,656x370,656,370,16:9,29.97,76,2.536,141.28,0.138,OK,https://aslsignbank.haskins.yale.edu/dictionary/protected_media/glossvideo/ASL/AP/APPLE-2073.mp4
65084,apple,train,aslsignbank,VALID,656x370,656,370,16:9,23.98,62,2.585,191.43,0.187,OK,https://aslsignbank.haskins.yale.edu/dictionary/protected_media/glossvideo/ASL/AP/APPLE-406.mp4
02999,apple,val,spreadthesign,VALID,320x240,320,240,4:3,25.0,72,2.88,61.23,0.06,OK,https://media.spreadthesign.com/video/mp4/13/455436.mp4
67367,apple,train,asllex,MISSING,,,,,,,,,,File không tồn tại,https://youtu.be/jVqjCsYCoMM
03000,apple,train,spreadthesign,VALID,320x240,320,240,4:3,29.97,104,3.47,79.02,0.077,OK,https://media.spreadthesign.com/video/mp4/13/480702.mp4
03001,apple,train,startasl,VALID,1280x720,1280,720,16:9,29.97,91,3.036,599.87,0.586,OK,https://s3-us-west-1.amazonaws.com/files.startasl.com/asldictionary/apple-2.mp4
03002,apple,train,startasl,VALID,736x414,736,414,16:9,29.97,66,2.202,227.56,0.222,OK,https://s3-us-west-1.amazonaws.com/files.startasl.com/asldictionary/apple.mp4
03003,apple,train,asldeafined,VALID,640x480,640,480,4:3,30.0,128,4.267,789.36,0.771,OK,https://media.asldeafined.com/vocabulary/1466511662.3373.mp4
06326,bird,test,asl5200,VALID,480x320,480,320,3:2,25.0,70,2.8,51.21,0.05,OK,https://www.youtube.com/watch?v=pDqITge_TGs
69233,bird,val,aslbrick,VALID,1920x1080,1920,1080,16:9,29.97,84,2.803,7025.21,6.861,OK,http://aslbricks.org/New/ASL-Videos/bird.mp4
70107,bird,train,northtexas,MISSING,,,,,,,,,,File không tồn tại,https://www.youtube.com/watch?v=lvqGMGFmuV4
06333,bird,train,signschool,VALID,1920x1080,1920,1080,16:9,23.98,36,1.501,617.46,0.603,OK,https://signstock.blob.core.windows.net/signschool/videos/db_uploads/SignSchool%20Bird-9B3c2F8jE7M.mp4
06334,bird,train,signschool,VALID,1920x1080,1920,1080,16:9,23.98,19,0.792,291.37,0.285,OK,https://signstock.blob.core.windows.net/signschool/videos/db_uploads/SignSchool%20Bird-FoeeEapec3M.mp4
06335,bird,test,asldeafined,VALID,640x480,640,480,4:3,30.0,111,3.7,704.51,0.688,OK,https://media.asldeafined.com/vocabulary/1466682238.9870.mp4
06336,bird,train,handspeak,MISSING,,,,,,,,,,File không tồn tại,https://www.handspeak.com/word/b/bird.mp4
06337,bird,train,signingsavvy,MISSING,,,,,,,,,,File không tồn tại,https://www.signingsavvy.com/signs/mp4/23/23779.mp4
06338,bird,train,aslu,MISSING,,,,,,,,,,File không tồn tại,https://www.youtube.com/watch?v=1ZEAGpAH284
06339,bird,train,nabboud,MISSING,,,,,,,,,,File không tồn tại,https://www.youtube.com/watch?v=BC2ahgTLYbk
65187,bird,train,aslsignbank,VALID,656x370,656,370,16:9,23.98,66,2.752,166.56,0.163,OK,https://aslsignbank.haskins.yale.edu/dictionary/protected_media/glossvideo/ASL/BI/BIRD-361.mp4
06330,bird,val,elementalasl,VALID,320x180,320,180,16:9,24.0,87,3.625,254.69,0.249,OK,https://elementalaslconcepts.weebly.com/uploads/2/4/4/5/24454483/bird.mov
67411,bird,train,asllex,MISSING,,,,,,,,,,File không tồn tại,https://youtu.be/pq-48yqB8kM
06340,bird,val,aslu,MISSING,,,,,,,,,,File không tồn tại,https://www.youtube.com/watch?v=Bibgy-yjgYE
06341,bird,train,aslu,MISSING,,,,,,,,,,File không tồn tại,https://www.youtube.com/watch?v=o9GSFqvikro
06342,bird,train,aslpro,MISSING,,,,,,,,,,File không tồn tại,http://www.aslpro.com/main/b/bird.swf
06343,bird,train,aslsearch,MISSING,,,,,,,,,,File không tồn tại,http://www.aslsearch.com/signs/videos/bird.mp4
06331,bird,train,spreadthesign,VALID,320x240,320,240,4:3,25.0,63,2.52,111.82,0.109,OK,https://media.spreadthesign.com/video/mp4/13/124323.mp4
06332,bird,train,startasl,VALID,736x414,736,414,16:9,29.97,91,3.036,315.67,0.308,OK,https://s3-us-west-1.amazonaws.com/files.startasl.com/asldictionary/bird.mp4
09945,change,test,asl5200,VALID,480x320,480,320,3:2,25.0,40,1.6,43.73,0.043,OK,https://www.youtube.com/watch?v=PPmQd2zWdP0
70379,change,val,northtexas,MISSING,,,,,,,,,,File không tồn tại,https://www.youtube.com/watch?v=Z25ng9maolE
09966,change,train,signingsavvy,MISSING,,,,,,,,,,File không tồn tại,https://www.signingsavvy.com/signs/mp4/5/5424.mp4
09967,change,train,signingsavvy,MISSING,,,,,,,,,,File không tồn tại,https://www.signingsavvy.com/signs/mp4/5/5425.mp4
09968,change,train,aslu,MISSING,,,,,,,,,,File không tồn tại,https://www.youtube.com/watch?v=lT0E7jGHIKY
09950,change,test,spreadthesign,VALID,320x240,320,240,4:3,25.0,69,2.76,139.79,0.137,OK,https://media.spreadthesign.com/video/mp4/13/125921.mp4
09969,change,train,aslpro,MISSING,,,,,,,,,,File không tồn tại,http://www.aslpro.com/main/c/change.swf
09970,change,train,aslsearch,MISSING,,,,,,,,,,File không tồn tại,http://www.aslsearch.com/signs/videos/change.mp4
09953,change,train,startasl,VALID,1280x720,1280,720,16:9,29.97,88,2.936,638.13,0.623,OK,https://s3-us-west-1.amazonaws.com/files.startasl.com/asldictionary/change.mp4
09954,change,train,signschool,VALID,1920x1080,1920,1080,16:9,23.98,31,1.293,446.89,0.436,OK,https://signstock.blob.core.windows.net/signschool/videos/db_uploads/SignSchool%20Change%202-Xhf4WPaB3tY.mp4
65332,change,train,aslsignbank,MISSING,,,,,,,,,,File không tồn tại,https://aslsignbank.haskins.yale.edu/dictionary/protected_media/glossvideo/CH/CHANGE-2371.mp4
09955,change,val,signschool,VALID,854x480,854,480,16:9,29.97,75,2.503,258.75,0.253,OK,https://signstock.blob.core.windows.net/signschool/videos/db_uploads/SignSchool%20Change%2C%20Mutation%2C%20Transformation-EW5b3lokmuw.mp4
09956,change,train,signschool,VALID,1920x1080,1920,1080,16:9,23.98,29,1.209,422.05,0.412,OK,https://signstock.blob.core.windows.net/signschool/videos/db_uploads/SignSchool%20Change-f_fl73dep8U.mp4
09957,change,val,asldeafined,VALID,640x480,640,480,4:3,30.0,99,3.3,637.62,0.623,OK,https://media.asldeafined.com/vocabulary/1466729718.948.mp4
09949,change,train,elementalasl,VALID,320x180,320,180,16:9,24.0,76,3.167,238.99,0.233,OK,https://elementalaslconcepts.weebly.com/uploads/2/4/4/5/24454483/change.mov
09960,change,train,asldeafined,VALID,640x480,640,480,4:3,30.0,98,3.267,703.78,0.687,OK,https://media.asldeafined.com/vocabulary/1468760882.9730.mp4
09961,change,train,handspeak,MISSING,,,,,,,,,,File không tồn tại,https://www.handspeak.com/word/c/change2.mp4
09962,change,train,handspeak,MISSING,,,,,,,,,,File không tồn tại,https://www.handspeak.com/word/c/change.mp4
09963,change,train,signingsavvy,MISSING,,,,,,,,,,File không tồn tại,https://www.signingsavvy.com/signs/mp4/14/14623.mp4
11752,color,test,asl5200,VALID,480x320,480,320,3:2,25.0,63,2.52,50.13,0.049,OK,https://www.youtube.com/watch?v=PPmQd2zWdP0
69274,color,val,aslbrick,VALID,640x480,640,480,4:3,29.97,107,3.57,1038.96,1.015,OK,http://aslbricks.org/New/ASL-Videos/color.mp4
68202,color,train,lillybauer,MISSING,,,,,,,,,,File không tồn tại,https://www.youtube.com/watch?v=13NxXYPYpb0
68027,color,train,valencia-asl,MISSING,,,,,,,,,,File không tồn tại,https://www.youtube.com/watch?v=MslyAd8WAwU
11771,color,train,handspeak,MISSING,,,,,,,,,,File không tồn tại,https://www.handspeak.com/word/c/color.mp4
11772,color,test,signingsavvy,MISSING,,,,,,,,,,File không tồn tại,https://www.signingsavvy.com/signs/mp4/14/14075.mp4
11773,color,train,signingsavvy,MISSING,,,,,,,,,,File không tồn tại,https://www.signingsavvy.com/signs/mp4/5/5932.mp4
11774,color,train,aslu,MISSING,,,,,,,,,,File không tồn tại,https://www.youtube.com/watch?v=KaNDm5Xvkzs
11775,color,train,aslu,MISSING,,,,,,,,,,File không tồn tại,https://www.youtube.com/watch?v=KaNDm5Xvkzs
11776,color,train,aslu,MISSING,,,,,,,,,,File không tồn tại,https://www.youtube.com/watch?v=-kKuV4iM_NQ
11767,color,train,startasl,VALID,736x414,736,414,16:9,29.97,74,2.469,287.68,0.281,OK,https://s3-us-west-1.amazonaws.com/files.startasl.com/asldictionary/color.mp4
67514,color,val,asllex,MISSING,,,,,,,,,,File không tồn tại,https://youtu.be/7Do9s2qJpeA
11777,color,train,scott,MISSING,,,,,,,,,,File không tồn tại,https://www.youtube.com/watch?v=MIUuj3MCRs8
11778,color,val,aslu,MISSING,,,,,,,,,,File không tồn tại,https://www.youtube.com/watch?v=R0MW-QKaqeQ
11779,color,train,aslpro,MISSING,,,,,,,,,,File không tồn tại,http://www.aslpro.com/main/c/color.swf
11780,color,train,aslsearch,MISSING,,,,,,,,,,File không tồn tại,http://www.aslsearch.com/signs/videos/color.mp4
11768,color,train,startasl,VALID,1280x720,1280,720,16:9,29.97,67,2.236,466.7,0.456,OK,https://s3-us-west-1.amazonaws.com/files.startasl.com/asldictionary/colors.mp4
11769,color,train,signschool,VALID,1920x1080,1920,1080,16:9,23.98,43,1.793,593.53,0.58,OK,https://signstock.blob.core.windows.net/signschool/videos/db_uploads/SignSchool%20Color-fdBoYowmVQ8.mp4
11770,color,train,asldeafined,VALID,640x480,640,480,4:3,30.0,92,3.067,604.27,0.59,OK,https://media.asldeafined.com/vocabulary/1466899941.6976.mp4
13309,corn,val,asl5200,VALID,480x320,480,320,3:2,25.0,53,2.12,43.93,0.043,OK,https://www.youtube.com/watch?v=PPmQd2zWdP0
69282,corn,train,aslbrick,VALID,1280x720,1280,720,16:9,29.97,86,2.87,3133.45,3.06,OK,http://aslbricks.org/New/ASL-Videos/corn.mp4
13337,corn,train,aslsearch,MISSING,,,,,,,,,,File không tồn tại,http://www.aslsearch.com/signs/videos/corn.mp4
13325,corn,test,spreadthesign,VALID,320x240,320,240,4:3,25.0,81,3.24,114.47,0.112,OK,https://media.spreadthesign.com/video/mp4/13/69483.mp4
13326,corn,train,signschool,VALID,1280x720,1280,720,16:9,29.97,90,3.003,376.34,0.368,OK,https://signstock.blob.core.windows.net/signschool/videos/db_uploads/SignSchool%20Corn%202-FKgZc_MRxV4.mp4
13327,corn,train,signschool,VALID,1280x720,1280,720,16:9,29.97,86,2.87,359.32,0.351,OK,https://signstock.blob.core.windows.net/signschool/videos/db_uploads/SignSchool%20Corn-o98GdAgQyjY.mp4
13328,corn,train,signschool,VALID,1920x1080,1920,1080,16:9,23.98,33,1.376,524.98,0.513,OK,https://signstock.blob.core.windows.net/signschool/videos/db_uploads/SignSchool%20Corn-QaahtFHvNxI.mp4
13329,corn,train,asldeafined,VALID,640x480,640,480,4:3,30.0,86,2.867,580.33,0.567,OK,https://media.asldeafined.com/vocabulary/1466903438.4804.mp4
13330,corn,train,handspeak,MISSING,,,,,,,,,,File không tồn tại,https://www.handspeak.com/word/c/corn2.mp4
13331,corn,train,handspeak,MISSING,,,,,,,,,,File không tồn tại,https://www.handspeak.com/word/c/corn.mp4
65408,corn,train,aslsignbank,VALID,656x370,656,370,16:9,23.98,63,2.627,155.27,0.152,OK,https://aslsignbank.haskins.yale.edu/dictionary/protected_media/glossvideo/ASL/CO/CORN_1-2167.mp4
65409,corn,train,aslsignbank,VALID,656x370,656,370,16:9,23.98,54,2.252,159.6,0.156,OK,https://aslsignbank.haskins.yale.edu/dictionary/protected_media/glossvideo/ASL/CO/CORN_2-2464.mp4
13323,corn,train,spreadthesign,VALID,320x240,320,240,4:3,25.0,57,2.28,61.25,0.06,OK,https://media.spreadthesign.com/video/mp4/13/184770.mp4
67531,corn,train,asllex,MISSING,,,,,,,,,,File không tồn tại,https://youtu.be/0C7Gfubq690
67530,corn,test,asllex,MISSING,,,,,,,,,,File không tồn tại,https://youtu.be/lPM0S5NBl_0
13333,corn,train,signingsavvy,MISSING,,,,,,,,,,File không tồn tại,https://www.signingsavvy.com/signs/mp4/7/7286.mp4
13334,corn,test,signingsavvy,MISSING,,,,,,,,,,File không tồn tại,https://www.signingsavvy.com/signs/mp4/8/8825.mp4
13335,corn,val,aslpro,MISSING,,,,,,,,,,File không tồn tại,http://www.aslpro.com/main/c/corn_a.swf
13336,corn,val,aslpro,MISSING,,,,,,,,,,File không tồn tại,http://www.aslpro.com/main/c/corn_b.swf
13681,cow,test,asl5200,VALID,480x320,480,320,3:2,25.0,37,1.48,48.16,0.047,OK,https://www.youtube.com/watch?v=PPmQd2zWdP0
69283,cow,train,aslbrick,VALID,1280x720,1280,720,16:9,29.97,80,2.669,3387.0,3.308,OK,http://aslbricks.org/New/ASL-Videos/cow.mp4
13697,cow,train,signschool,VALID,1920x1080,1920,1080,16:9,23.98,37,1.543,484.75,0.473,OK,https://signstock.blob.core.windows.net/signschool/videos/db_uploads/SignSchool%20Cow-6-hRTBII8CE.mp4
13698,cow,val,signschool,VALID,1280x720,1280,720,16:9,23.98,38,1.585,286.12,0.279,OK,https://signstock.blob.core.windows.net/signschool/videos/SignSchool%20Cow%202.mp4
13699,cow,train,asldeafined,VALID,640x480,640,480,4:3,30.0,77,2.567,551.31,0.538,OK,https://media.asldeafined.com/vocabulary/1466904642.2093.mp4
13700,cow,train,handspeak,MISSING,,,,,,,,,,File không tồn tại,https://www.handspeak.com/word/c/cow2.mp4
13701,cow,train,handspeak,MISSING,,,,,,,,,,File không tồn tại,https://www.handspeak.com/word/c/cow.mp4
13702,cow,train,signingsavvy,MISSING,,,,,,,,,,File không tồn tại,https://www.signingsavvy.com/signs/mp4/14/14631.mp4
13703,cow,val,signingsavvy,MISSING,,,,,,,,,,File không tồn tại,https://www.signingsavvy.com/signs/mp4/14/14633.mp4
13704,cow,train,aslu,MISSING,,,,,,,,,,File không tồn tại,https://www.youtube.com/watch?v=HTCXKjM5h-4
13695,cow,train,spreadthesign,VALID,320x240,320,240,4:3,29.97,71,2.369,61.77,0.06,OK,https://media.spreadthesign.com/video/mp4/13/357956.mp4
67536,cow,train,asllex,MISSING,,,,,,,,,,File không tồn tại,https://youtu.be/VO9nCXjgMW4
13705,cow,train,aslu,MISSING,,,,,,,,,,File không tồn tại,https://www.youtube.com/watch?v=I2_nB2cXP58
13706,cow,train,nabboud,MISSING,,,,,,,,,,File không tồn tại,https://www.youtube.com/watch?v=-IWU7gZ-gAQ
13707,cow,train,aslu,MISSING,,,,,,,,,,File không tồn tại,https://www.youtube.com/watch?v=oId_a4wrcds
13708,cow,test,aslu,MISSING,,,,,,,,,,File không tồn tại,https://www.youtube.com/watch?v=sdr-c7NRai8
13709,cow,train,aslpro,MISSING,,,,,,,,,,File không tồn tại,http://www.aslpro.com/main/c/cow.swf
13710,cow,test,aslsearch,MISSING,,,,,,,,,,File không tồn tại,http://www.aslsearch.com/signs/videos/cow.mp4
13696,cow,val,startasl,VALID,736x414,736,414,16:9,29.97,85,2.836,305.01,0.298,OK,https://s3-us-west-1.amazonaws.com/files.startasl.com/asldictionary/cow.mp4
14621,dance,test,asl5200,VALID,480x320,480,320,3:2,25.0,60,2.4,59.33,0.058,OK,https://www.youtube.com/watch?v=ChIupJBcxjs
68032,dance,val,valencia-asl,MISSING,,,,,,,,,,File không tồn tại,https://www.youtube.com/watch?v=G6pN8BFQYDI
70152,dance,train,northtexas,MISSING,,,,,,,,,,File không tồn tại,https://www.youtube.com/watch?v=VwejDy96MzM
68988,dance,train,lillybauer,MISSING,,,,,,,,,,File không tồn tại,https://www.youtube.com/watch?v=w6ZfGv4ns64
69048,dance,train,lillybauer,MISSING,,,,,,,,,,File không tồn tại,https://www.youtube.com/watch?v=y8Rm0Q7fDYk
14626,dance,test,handspeak,MISSING,,,,,,,,,,File không tồn tại,https://www.handspeak.com/word/d/dance.mp4
14627,dance,train,signingsavvy,MISSING,,,,,,,,,,File không tồn tại,https://www.signingsavvy.com/signs/mp4/6/6768.mp4
14628,dance,train,aslu,MISSING,,,,,,,,,,File không tồn tại,https://www.youtube.com/watch?v=fbgiLOBY4P0
14629,dance,train,nabboud,MISSING,,,,,,,,,,File không tồn tại,https://www.youtube.com/watch?v=g67ZXnEx9Z4
14630,dance,train,aslu,MISSING,,,,,,,,,,File không tồn tại,https://www.youtube.com/watch?v=GfUdx7LmGhc
65434,dance,train,aslsignbank,VALID,656x370,656,370,16:9,23.98,69,2.877,271.17,0.265,OK,https://aslsignbank.haskins.yale.edu/dictionary/protected_media/glossvideo/ASL/DA/DANCE-1207.mp4
67550,dance,val,asllex,MISSING,,,,,,,,,,File không tồn tại,https://youtu.be/vrAcHSfVt88
14631,dance,train,aslu,MISSING,,,,,,,,,,File không tồn tại,https://www.youtube.com/watch?v=p3UKhedGeTA
14632,dance,val,aslpro,MISSING,,,,,,,,,,File không tồn tại,http://www.aslpro.com/main/d/dance.swf
14633,dance,train,aslsearch,MISSING,,,,,,,,,,File không tồn tại,http://www.aslsearch.com/signs/videos/dance.mp4
14622,dance,train,spreadthesign,VALID,320x240,320,240,4:3,25.0,92,3.68,105.37,0.103,OK,https://media.spreadthesign.com/video/mp4/13/93915.mp4
14623,dance,train,startasl,VALID,1280x720,1280,720,16:9,29.97,103,3.437,745.79,0.728,OK,https://s3-us-west-1.amazonaws.com/files.startasl.com/asldictionary/dance.mp4
14624,dance,train,signschool,VALID,1920x1080,1920,1080,16:9,23.98,39,1.626,513.45,0.501,OK,https://signstock.blob.core.windows.net/signschool/videos/db_uploads/SignSchool%20Dance-LOxTQ06JyCQ.mp4
14625,dance,train,asldeafined,VALID,640x480,640,480,4:3,30.0,78,2.6,545.21,0.532,OK,https://media.asldeafined.com/vocabulary/1466906258.9856.mp4
14669,dark,val,asl5200,VALID,480x320,480,320,3:2,25.0,47,1.88,59.85,0.058,OK,https://www.youtube.com/watch?v=ChIupJBcxjs
69290,dark,train,aslbrick,VALID,1280x720,1280,720,16:9,29.97,69,2.302,2757.29,2.693,OK,http://aslbricks.org/New/ASL-Videos/dark.mp4
14673,dark,test,signschool,VALID,1920x1080,1920,1080,16:9,23.98,45,1.877,770.38,0.752,OK,https://signstock.blob.core.windows.net/signschool/videos/db_uploads/SignSchool%20Dark%203-5soiYfTU5hI.mp4
14674,dark,train,signschool,VALID,1920x1080,1920,1080,16:9,23.98,36,1.501,615.63,0.601,OK,https://signstock.blob.core.windows.net/signschool/videos/db_uploads/SignSchool%20Dark-AYvdy-XWNNg.mp4
14675,dark,train,asldeafined,VALID,640x480,640,480,4:3,30.0,78,2.6,564.59,0.551,OK,https://media.asldeafined.com/vocabulary/1466906377.6228.mp4
14676,dark,train,asldeafined,VALID,640x480,640,480,4:3,30.0,83,2.767,600.72,0.587,OK,https://media.asldeafined.com/vocabulary/1466906399.7678.mp4
14677,dark,train,handspeak,MISSING,,,,,,,,,,File không tồn tại,https://www.handspeak.com/word/d/dark-color2.mp4
14678,dark,train,handspeak,MISSING,,,,,,,,,,File không tồn tại,https://www.handspeak.com/word/d/dark-color.mp4
14679,dark,train,handspeak,MISSING,,,,,,,,,,File không tồn tại,https://www.handspeak.com/word/d/dark.mp4
14680,dark,train,signingsavvy,MISSING,,,,,,,,,,File không tồn tại,https://www.signingsavvy.com/signs/mp4/14/14847.mp4
65439,dark,train,aslsignbank,VALID,656x370,656,370,16:9,23.98,60,2.502,353.5,0.345,OK,https://aslsignbank.haskins.yale.edu/dictionary/protected_media/glossvideo/ASL/DA/DARK-100.mp4
65440,dark,train,aslsignbank,VALID,656x370,656,370,16:9,23.98,62,2.585,360.84,0.352,OK,https://aslsignbank.haskins.yale.edu/dictionary/protected_media/glossvideo/ASL/DA/DARK-101.mp4
14671,dark,train,spreadthesign,VALID,320x240,320,240,4:3,29.97,90,3.003,134.23,0.131,OK,https://media.spreadthesign.com/video/mp4/13/51156.mp4
14681,dark,train,signingsavvy,MISSING,,,,,,,,,,File không tồn tại,https://www.signingsavvy.com/signs/mp4/14/14870.mp4
14682,dark,test,aslu,MISSING,,,,,,,,,,File không tồn tại,https://www.youtube.com/watch?v=CGLQEeEzo1s
14683,dark,val,nabboud,MISSING,,,,,,,,,,File không tồn tại,https://www.youtube.com/watch?v=eWiJm1rz0Fk
14684,dark,train,aslpro,MISSING,,,,,,,,,,File không tồn tại,http://www.aslpro.com/main/d/dark.swf
14685,dark,test,aslsearch,MISSING,,,,,,,,,,File không tồn tại,http://www.aslsearch.com/signs/videos/dark.mp4
14672,dark,val,signschool,VALID,1920x1080,1920,1080,16:9,23.98,40,1.668,695.47,0.679,OK,https://signstock.blob.core.windows.net/signschool/videos/db_uploads/SignSchool%20Dark%202-DEioenO9U9g.mp4
17007,doctor,train,asl5200,VALID,480x320,480,320,3:2,25.0,50,2.0,45.39,0.044,OK,https://www.youtube.com/watch?v=ChIupJBcxjs
68842,doctor,train,lillybauer,MISSING,,,,,,,,,,File không tồn tại,https://www.youtube.com/watch?v=QPiZO8Aswgo
70049,doctor,train,northtexas,MISSING,,,,,,,,,,File không tồn tại,https://www.youtube.com/watch?v=sErq0TJMKEo
17015,doctor,train,startasl,VALID,736x414,736,414,16:9,29.97,109,3.637,379.37,0.37,OK,https://s3-us-west-1.amazonaws.com/files.startasl.com/asldictionary/doctor.mp4
17016,doctor,val,signschool,VALID,854x480,854,480,16:9,29.97,105,3.504,276.92,0.27,OK,https://signstock.blob.core.windows.net/signschool/videos/db_uploads/SignSchool%20Doctor-zl9aTqYRVXQ.mp4
17017,doctor,train,asldeafined,VALID,640x480,640,480,4:3,30.0,85,2.833,606.87,0.593,OK,https://media.asldeafined.com/vocabulary/1467772429.4932.mp4
17018,doctor,train,handspeak,MISSING,,,,,,,,,,File không tồn tại,https://www.handspeak.com/word/d/doctor.mp4
17019,doctor,train,signingsavvy,MISSING,,,,,,,,,,File không tồn tại,https://www.signingsavvy.com/signs/mp4/22/22643.mp4
17020,doctor,test,signingsavvy,MISSING,,,,,,,,,,File không tồn tại,https://www.signingsavvy.com/signs/mp4/22/22644.mp4
17022,doctor,val,aslu,MISSING,,,,,,,,,,File không tồn tại,https://www.youtube.com/watch?v=1t6GrmgKN5U
65503,doctor,train,aslsignbank,VALID,656x370,656,370,16:9,23.98,48,2.002,106.45,0.104,OK,https://aslsignbank.haskins.yale.edu/dictionary/protected_media/glossvideo/ASL/DO/DOCTOR-344.mp4
65504,doctor,train,aslsignbank,VALID,656x370,656,370,16:9,23.98,48,2.002,110.25,0.108,OK,https://aslsignbank.haskins.yale.edu/dictionary/protected_media/glossvideo/ASL/DO/DOCTOR-573.mp4
17013,doctor,train,spreadthesign,VALID,320x240,320,240,4:3,25.0,74,2.96,69.08,0.067,OK,https://media.spreadthesign.com/video/mp4/13/456750.mp4
67579,doctor,test,asllex,MISSING,,,,,,,,,,File không tồn tại,https://youtu.be/sSpld6bXlM0
17023,doctor,val,aslu,MISSING,,,,,,,,,,File không tồn tại,https://www.youtube.com/watch?v=IEVgcJA3JWk
17024,doctor,test,aslpro,MISSING,,,,,,,,,,File không tồn tại,http://www.aslpro.com/main/d/doctor_1.swf
17025,doctor,train,aslpro,MISSING,,,,,,,,,,File không tồn tại,http://www.aslpro.com/main/d/doctor_2.swf
17026,doctor,train,aslsearch,MISSING,,,,,,,,,,File không tồn tại,http://www.aslsearch.com/signs/videos/doctor.mp4
17014,doctor,train,startasl,VALID,736x414,736,414,16:9,29.97,88,2.936,315.28,0.308,OK,https://s3-us-west-1.amazonaws.com/files.startasl.com/asldictionary/doctor2.mp4
18316,eat,test,asl5200,MISSING,,,,,,,,,,File không tồn tại,https://www.youtube.com/watch?v=2oaCeSdHG-A
69307,eat,val,aslbrick,VALID,1280x720,1280,720,16:9,29.97,61,2.035,2506.1,2.447,OK,http://aslbricks.org/New/ASL-Videos/eat.mp4
68520,eat,train,lillybauer,MISSING,,,,,,,,,,File không tồn tại,https://www.youtube.com/watch?v=HAqSIA2GG3g
68044,eat,train,valencia-asl,MISSING,,,,,,,,,,File không tồn tại,https://www.youtube.com/watch?v=lsjFBdE3X7M
69086,eat,train,lillybauer,MISSING,,,,,,,,,,File không tồn tại,https://www.youtube.com/watch?v=zOzgRJ3bAdI
18326,eat,test,handspeak,MISSING,,,,,,,,,,File không tồn tại,https://www.handspeak.com/word/e/eat-iclpop.mp4
18328,eat,train,handspeak,MISSING,,,,,,,,,,File không tồn tại,https://www.handspeak.com/word/e/eat.mp4
18329,eat,train,signingsavvy,MISSING,,,,,,,,,,File không tồn tại,https://www.signingsavvy.com/signs/mp4/14/14883.mp4
18331,eat,train,aslu,MISSING,,,,,,,,,,File không tồn tại,https://www.youtube.com/watch?v=9AYysHe14jg
18332,eat,train,aslu,MISSING,,,,,,,,,,File không tồn tại,https://www.youtube.com/watch?v=OmylSinUxns
65601,eat,train,aslsignbank,VALID,656x370,656,370,16:9,23.98,61,2.544,321.69,0.314,OK,https://aslsignbank.haskins.yale.edu/dictionary/protected_media/glossvideo/ASL/EA/EAT-399.mp4
18323,eat,val,spreadthesign,VALID,320x240,320,240,4:3,25.0,87,3.48,88.81,0.087,OK,https://media.spreadthesign.com/video/mp4/13/74980.mp4
67610,eat,train,asllex,MISSING,,,,,,,,,,File không tồn tại,https://youtu.be/FSxHpeiCuBc
67611,eat,val,asllex,MISSING,,,,,,,,,,File không tồn tại,https://youtu.be/QkTP_AyKk_k
18333,eat,train,nabboud,MISSING,,,,,,,,,,File không tồn tại,https://www.youtube.com/watch?v=rbnYbQyFvK4
18334,eat,train,aslpro,MISSING,,,,,,,,,,File không tồn tại,http://www.aslpro.com/main/e/eat.swf
18335,eat,train,aslsearch,MISSING,,,,,,,,,,File không tồn tại,http://www.aslsearch.com/signs/videos/eat.mp4
18324,eat,train,startasl,VALID,736x414,736,414,16:9,29.97,67,2.236,236.9,0.231,OK,https://s3-us-west-1.amazonaws.com/files.startasl.com/asldictionary/eat.mp4
18325,eat,train,asldeafined,VALID,640x480,640,480,4:3,30.0,72,2.4,479.04,0.468,OK,https://media.asldeafined.com/vocabulary/1468347821.5825.mp4
19255,enjoy,test,asl5200,MISSING,,,,,,,,,,File không tồn tại,https://www.youtube.com/watch?v=2oaCeSdHG-A
68344,enjoy,val,lillybauer,MISSING,,,,,,,,,,File không tồn tại,https://www.youtube.com/watch?v=aYMV4_YuPi8
68046,enjoy,train,valencia-asl,MISSING,,,,,,,,,,File không tồn tại,https://www.youtube.com/watch?v=rNb-ogcyRAE
70051,enjoy,train,northtexas,MISSING,,,,,,,,,,File không tồn tại,https://www.youtube.com/watch?v=sErq0TJMKEo
19261,enjoy,train,asldeafined,VALID,640x480,640,480,4:3,30.0,88,2.933,634.08,0.619,OK,https://media.asldeafined.com/vocabulary/1468376460.8089.mp4
19262,enjoy,test,handspeak,MISSING,,,,,,,,,,File không tồn tại,https://www.handspeak.com/word/e/enjoy2.mp4
19263,enjoy,train,handspeak,MISSING,,,,,,,,,,File không tồn tại,https://www.handspeak.com/word/e/enjoy.mp4
19264,enjoy,train,signingsavvy,MISSING,,,,,,,,,,File không tồn tại,https://www.signingsavvy.com/signs/mp4/6/6907.mp4
19265,enjoy,train,nabboud,MISSING,,,,,,,,,,File không tồn tại,https://www.youtube.com/watch?v=DAotz9r5g_o
19266,enjoy,train,aslu,MISSING,,,,,,,,,,File không tồn tại,https://www.youtube.com/watch?v=G7MMoJZRltk
65635,enjoy,train,aslsignbank,VALID,656x370,656,370,16:9,23.98,73,3.044,400.01,0.391,OK,https://aslsignbank.haskins.yale.edu/dictionary/protected_media/glossvideo/ASL/EN/ENJOY-574.mp4
19257,enjoy,val,spreadthesign,VALID,320x240,320,240,4:3,25.0,71,2.84,93.62,0.091,OK,https://media.spreadthesign.com/video/mp4/13/456900.mp4
67624,enjoy,train,asllex,MISSING,,,,,,,,,,File không tồn tại,https://youtu.be/OL02Odh2dRg
19267,enjoy,val,aslu,MISSING,,,,,,,,,,File không tồn tại,https://www.youtube.com/watch?v=Uo_AUbP0O9g
19268,enjoy,train,aslpro,MISSING,,,,,,,,,,File không tồn tại,http://www.aslpro.com/main/e/enjoy.swf
19269,enjoy,train,aslsearch,MISSING,,,,,,,,,,File không tồn tại,http://www.aslsearch.com/signs/videos/enjoy.mp4
19258,enjoy,train,startasl,VALID,1280x720,1280,720,16:9,29.97,60,2.002,517.38,0.505,OK,https://s3-us-west-1.amazonaws.com/files.startasl.com/asldictionary/enjoy.mp4
19259,enjoy,train,signschool,VALID,1920x1080,1920,1080,16:9,29.97,47,1.568,577.28,0.564,OK,https://signstock.blob.core.windows.net/signschool/videos/db_uploads/SignSchool%20Enjoy-J1S7e-UwSMY.mp4
19260,enjoy,train,signschool,VALID,1920x1080,1920,1080,16:9,29.97,43,1.435,445.61,0.435,OK,https://signstock.blob.core.windows.net/signschool/videos/db_uploads/SignSchool%20Enjoy-OqNA--JdTmA.mp4
65761,forget,test,aslsignbank,VALID,656x370,656,370,16:9,23.98,42,1.751,92.28,0.09,OK,https://aslsignbank.haskins.yale.edu/dictionary/protected_media/glossvideo/ASL/FO/FORGET-565.mp4
68053,forget,val,valencia-asl,MISSING,,,,,,,,,,File không tồn tại,https://www.youtube.com/watch?v=l_aBsu7kVqI
68692,forget,train,lillybauer,MISSING,,,,,,,,,,File không tồn tại,https://www.youtube.com/watch?v=mK0OtDTC5To
68054,forget,train,valencia-asl,MISSING,,,,,,,,,,File không tồn tại,https://www.youtube.com/watch?v=TxfYzcnSl-o
70376,forget,train,northtexas,MISSING,,,,,,,,,,File không tồn tại,https://www.youtube.com/watch?v=Z25ng9maolE
22954,forget,test,signschool,VALID,1920x1080,1920,1080,16:9,23.98,43,1.793,540.75,0.528,OK,https://signstock.blob.core.windows.net/signschool/videos/db_uploads/SignSchool%20Forget-5pgZiT-vz60.mp4
22955,forget,train,asldeafined,VALID,640x480,640,480,4:3,30.0,66,2.2,462.92,0.452,OK,https://media.asldeafined.com/vocabulary/1468513470.6049.mp4
22956,forget,train,handspeak,MISSING,,,,,,,,,,File không tồn tại,https://www.handspeak.com/word/f/forget-blank.mp4
22959,forget,train,handspeak,MISSING,,,,,,,,,,File không tồn tại,https://www.handspeak.com/word/f/forget.mp4
22960,forget,train,signingsavvy,MISSING,,,,,,,,,,File không tồn tại,https://www.signingsavvy.com/signs/mp4/8/8938.mp4
22961,forget,train,aslu,MISSING,,,,,,,,,,File không tồn tại,https://www.youtube.com/watch?v=1vXrp5awuHc
22962,forget,val,aslu,MISSING,,,,,,,,,,File không tồn tại,https://www.youtube.com/watch?v=fCzxDWv0jbo
22963,forget,train,aslu,MISSING,,,,,,,,,,File không tồn tại,https://www.youtube.com/watch?v=N18WPFcphhs
22964,forget,val,aslu,MISSING,,,,,,,,,,File không tồn tại,https://www.youtube.com/watch?v=qSzyQByTFps
22965,forget,train,aslu,MISSING,,,,,,,,,,File không tồn tại,https://www.youtube.com/watch?v=TVFEnWVgoII
22966,forget,train,aslpro,MISSING,,,,,,,,,,File không tồn tại,http://www.aslpro.com/main/f/forget.swf
22967,forget,train,aslsearch,MISSING,,,,,,,,,,File không tồn tại,http://www.aslsearch.com/signs/videos/alzheimer.mp4
22952,forget,train,startasl,VALID,1280x720,1280,720,16:9,29.97,55,1.835,405.02,0.396,OK,https://s3-us-west-1.amazonaws.com/files.startasl.com/asldictionary/forgot2.mp4
22953,forget,train,signschool,VALID,1920x1080,1920,1080,16:9,23.98,37,1.543,478.82,0.468,OK,https://signstock.blob.core.windows.net/signschool/videos/db_uploads/SignSchool%20Forget%202-cIPsq4HrhFc.mp4
69343,give,train,aslbrick,VALID,1280x720,1280,720,16:9,29.97,92,3.07,3699.58,3.613,OK,http://aslbricks.org/New/ASL-Videos/give.mp4
24655,give,train,aslu,MISSING,,,,,,,,,,File không tồn tại,https://www.youtube.com/watch?v=PkJpgPxNhwE
24656,give,train,nabboud,MISSING,,,,,,,,,,File không tồn tại,https://www.youtube.com/watch?v=qMgcmGOiNmw
24657,give,train,aslu,MISSING,,,,,,,,,,File không tồn tại,https://www.youtube.com/watch?v=U5p42-d-buw
24658,give,val,aslu,MISSING,,,,,,,,,,File không tồn tại,https://www.youtube.com/watch?v=wEKZPaO7XTQ
24659,give,train,aslpro,MISSING,,,,,,,,,,File không tồn tại,http://www.aslpro.com/main/g/give.swf
24660,give,train,aslsearch,MISSING,,,,,,,,,,File không tồn tại,http://www.aslsearch.com/signs/videos/give.mp4
24638,give,train,signschool,VALID,1920x1080,1920,1080,16:9,29.97,30,1.001,342.31,0.334,OK,https://signstock.blob.core.windows.net/signschool/videos/db_uploads/SignSchool%20Give%20You%20Something%202-ysfVqxTJKcg.mp4
24639,give,val,signschool,VALID,1920x1080,1920,1080,16:9,29.97,23,0.767,270.99,0.265,OK,https://signstock.blob.core.windows.net/signschool/videos/db_uploads/SignSchool%20Give%20You%20Something--Ma0iHFZKv8.mp4
24640,give,train,signschool,VALID,1920x1080,1920,1080,16:9,23.98,35,1.46,511.65,0.5,OK,https://signstock.blob.core.windows.net/signschool/videos/db_uploads/SignSchool%20Give-5M1xfBmmXpg.mp4
24641,give,val,asldeafined,VALID,640x480,640,480,4:3,30.0,52,1.733,389.11,0.38,OK,https://media.asldeafined.com/vocabulary/1468549017.6848.mp4
24642,give,val,handspeak,MISSING,,,,,,,,,,File không tồn tại,https://www.handspeak.com/word/g/give2.mp4
24643,give,train,handspeak,MISSING,,,,,,,,,,File không tồn tại,https://www.handspeak.com/word/g/give-hir-from-me.mp4
24645,give,train,handspeak,MISSING,,,,,,,,,,File không tồn tại,https://www.handspeak.com/word/g/give-you.mp4
24636,give,test,spreadthesign,VALID,320x240,320,240,4:3,29.97,92,3.07,108.68,0.106,OK,https://media.spreadthesign.com/video/mp4/13/51920.mp4
24648,give,train,signingsavvy,MISSING,,,,,,,,,,File không tồn tại,https://www.signingsavvy.com/signs/mp4/14/14622.mp4
24649,give,test,signingsavvy,MISSING,,,,,,,,,,File không tồn tại,https://www.signingsavvy.com/signs/mp4/23/23273.mp4
24651,give,train,signingsavvy,MISSING,,,,,,,,,,File không tồn tại,https://www.signingsavvy.com/signs/mp4/7/7424.mp4
24652,give,train,aslu,MISSING,,,,,,,,,,File không tồn tại,https://www.youtube.com/watch?v=bjXPOO_DUMw
66010,last,train,aslsignbank,VALID,656x370,656,370,16:9,23.98,52,2.168,282.5,0.276,OK,https://aslsignbank.haskins.yale.edu/dictionary/protected_media/glossvideo/ASL/LA/LAST-168.mp4
68086,last,train,valencia-asl,MISSING,,,,,,,,,,File không tồn tại,https://www.youtube.com/watch?v=BsaWM5I_G1o
69068,last,train,lillybauer,MISSING,,,,,,,,,,File không tồn tại,https://www.youtube.com/watch?v=Yp5z7Px_aV8
32263,last,val,aslsearch,MISSING,,,,,,,,,,File không tồn tại,http://www.aslsearch.com/signs/videos/last.mp4
32248,last,train,signschool,VALID,1920x1080,1920,1080,16:9,23.98,28,1.168,466.48,0.456,OK,https://signstock.blob.core.windows.net/signschool/videos/db_uploads/SignSchool%20Last%2C%20Final-ZrL9QA06fZs.mp4
32249,last,train,asldeafined,VALID,640x480,640,480,4:3,30.0,90,3.0,641.96,0.627,OK,https://media.asldeafined.com/vocabulary/1468671376.351.mp4
32250,last,train,asldeafined,VALID,640x480,640,480,4:3,29.99,57,1.901,372.55,0.364,OK,https://media.asldeafined.com/vocabulary/1522766909.4561.mp4
32251,last,train,handspeak,MISSING,,,,,,,,,,File không tồn tại,https://www.handspeak.com/word/l/last-final.mp4
32252,last,train,handspeak,MISSING,,,,,,,,,,File không tồn tại,https://www.handspeak.com/word/l/last-past.mp4
32253,last,test,signingsavvy,MISSING,,,,,,,,,,File không tồn tại,https://www.signingsavvy.com/signs/mp4/5/5971.mp4
32254,last,train,signingsavvy,MISSING,,,,,,,,,,File không tồn tại,https://www.signingsavvy.com/signs/mp4/6/6063.mp4
32255,last,val,signingsavvy,MISSING,,,,,,,,,,File không tồn tại,https://www.signingsavvy.com/signs/mp4/6/6164.mp4
32246,last,test,spreadthesign,VALID,320x240,320,240,4:3,25.0,97,3.88,116.72,0.114,OK,https://media.spreadthesign.com/video/mp4/13/91452.mp4
67826,last,val,asllex,MISSING,,,,,,,,,,File không tồn tại,https://youtu.be/HV_8ELVFXzU
32257,last,train,signingsavvy,MISSING,,,,,,,,,,File không tồn tại,https://www.signingsavvy.com/signs/mp4/9/9194.mp4
32258,last,test,aslu,MISSING,,,,,,,,,,File không tồn tại,https://www.youtube.com/watch?v=f8MfjdWKh24
32259,last,train,aslpro,MISSING,,,,,,,,,,File không tồn tại,http://www.aslpro.com/main/l/last.swf
32260,last,train,aslsearch,MISSING,,,,,,,,,,File không tồn tại,http://www.aslsearch.com/signs/videos/last2.mp4
32261,last,train,aslsearch,MISSING,,,,,,,,,,File không tồn tại,http://www.aslsearch.com/signs/videos/last3.mp4
35506,meet,test,asl5200,VALID,480x320,480,320,3:2,25.0,30,1.2,29.9,0.029,OK,https://www.youtube.com/watch?v=IxO7unGawfk
68099,meet,val,valencia-asl,MISSING,,,,,,,,,,File không tồn tại,https://www.youtube.com/watch?v=pWFDhzkId9o
68974,meet,train,lillybauer,MISSING,,,,,,,,,,File không tồn tại,https://www.youtube.com/watch?v=VSBIqNFEQxI
35511,meet,train,signschool,VALID,1920x1080,1920,1080,16:9,23.98,51,2.127,677.86,0.662,OK,https://signstock.blob.core.windows.net/signschool/videos/db_uploads/SignSchool%20Meet-SHPBneo_ofY.mp4
35512,meet,train,signschool,VALID,1920x1080,1920,1080,16:9,29.97,54,1.802,610.9,0.597,OK,https://signstock.blob.core.windows.net/signschool/videos/db_uploads/SignSchool%20Meet-UvaayIDXkuw.mp4
35513,meet,test,asldeafined,VALID,640x480,640,480,4:3,30.0,106,3.533,768.14,0.75,OK,https://media.asldeafined.com/vocabulary/1468714718.3075.mp4
35514,meet,train,handspeak,MISSING,,,,,,,,,,File không tồn tại,https://www.handspeak.com/word/m/meet-me.mp4
35515,meet,train,handspeak,MISSING,,,,,,,,,,File không tồn tại,https://www.handspeak.com/word/m/meet.mp4
35516,meet,train,signingsavvy,MISSING,,,,,,,,,,File không tồn tại,https://www.signingsavvy.com/signs/mp4/0/517.mp4
35517,meet,train,signingsavvy,MISSING,,,,,,,,,,File không tồn tại,https://www.signingsavvy.com/signs/mp4/5/5837.mp4
35518,meet,train,signingsavvy,MISSING,,,,,,,,,,File không tồn tại,https://www.signingsavvy.com/signs/mp4/9/9003.mp4
66112,meet,val,aslsignbank,VALID,656x370,656,370,16:9,23.98,71,2.961,141.01,0.138,OK,https://aslsignbank.haskins.yale.edu/dictionary/protected_media/glossvideo/ASL/ME/MEET-1620.mp4
35509,meet,train,spreadthesign,VALID,320x240,320,240,4:3,29.97,94,3.136,169.18,0.165,OK,https://media.spreadthesign.com/video/mp4/13/50874.mp4
67886,meet,val,asllex,MISSING,,,,,,,,,,File không tồn tại,https://youtu.be/W4FXyEWBu4I
35519,meet,train,scott,MISSING,,,,,,,,,,File không tồn tại,https://www.youtube.com/watch?v=AsdBSknwrjg
35520,meet,train,aslu,MISSING,,,,,,,,,,File không tồn tại,https://www.youtube.com/watch?v=eP816GBFVeg
35521,meet,train,aslu,MISSING,,,,,,,,,,File không tồn tại,https://www.youtube.com/watch?v=FC1R9kyegJY
35522,meet,train,aslpro,MISSING,,,,,,,,,,File không tồn tại,http://www.aslpro.com/main/m/meet.swf
35523,meet,train,aslsearch,MISSING,,,,,,,,,,File không tồn tại,http://www.aslsearch.com/signs/videos/meet.mp4
42827,pink,train,asl5200,MISSING,,,,,,,,,,File không tồn tại,https://www.youtube.com/watch?v=zHd4YEFzpwE
69430,pink,train,aslbrick,VALID,1280x720,1280,720,16:9,29.97,68,2.269,2796.64,2.731,OK,http://aslbricks.org/New/ASL-Videos/pink.mp4
68132,pink,test,valencia-asl,MISSING,,,,,,,,,,File không tồn tại,https://www.youtube.com/watch?v=2igUp9Fvq-E
68398,pink,val,lillybauer,MISSING,,,,,,,,,,File không tồn tại,https://www.youtube.com/watch?v=cx14s_gt60I
70246,pink,train,northtexas,VALID,626x360,626,360,16:9,29.97,109,3.637,143.05,0.14,OK,https://www.youtube.com/watch?v=WprUBqi3iBc
42831,pink,train,signschool,VALID,1280x720,1280,720,16:9,23.98,41,1.71,293.3,0.286,OK,https://signstock.blob.core.windows.net/signschool/videos/SignSchool%20Pink%20var.mp4
42832,pink,train,signschool,VALID,1280x720,1280,720,16:9,23.98,40,1.668,300.12,0.293,OK,https://signstock.blob.core.windows.net/signschool/videos/SignSchool%20Pink.mp4
42833,pink,val,asldeafined,VALID,640x480,640,480,4:3,30.0,96,3.2,662.67,0.647,OK,https://media.asldeafined.com/vocabulary/1468726359.6744.mp4
42835,pink,train,handspeak,MISSING,,,,,,,,,,File không tồn tại,https://www.handspeak.com/word/p/pink.mp4
42836,pink,train,signingsavvy,MISSING,,,,,,,,,,File không tồn tại,https://www.signingsavvy.com/signs/mp4/22/22812.mp4
42838,pink,train,aslu,MISSING,,,,,,,,,,File không tồn tại,https://www.youtube.com/watch?v=aNilWTBIl0g
66296,pink,train,aslsignbank,VALID,656x370,656,370,16:9,23.98,65,2.711,161.06,0.157,OK,https://aslsignbank.haskins.yale.edu/dictionary/protected_media/glossvideo/ASL/PI/PINK-903.mp4
42829,pink,train,spreadthesign,VALID,320x240,320,240,4:3,29.97,82,2.736,129.2,0.126,OK,https://media.spreadthesign.com/video/mp4/13/49192.mp4
67990,pink,train,asllex,MISSING,,,,,,,,,,File không tồn tại,https://youtu.be/9bkVAOz1ips
42840,pink,test,scott,MISSING,,,,,,,,,,File không tồn tại,https://www.youtube.com/watch?v=S8k8gjRdYXw
42841,pink,val,nabboud,MISSING,,,,,,,,,,File không tồn tại,https://www.youtube.com/watch?v=TLsGey9Cd7A
42842,pink,test,aslpro,MISSING,,,,,,,,,,File không tồn tại,http://www.aslpro.com/main/p/pink.swf
42843,pink,train,aslsearch,MISSING,,,,,,,,,,File không tồn tại,http://www.aslsearch.com/signs/videos/pink.mp4
42830,pink,train,startasl,VALID,1280x720,1280,720,16:9,29.97,70,2.336,469.88,0.459,OK,https://s3-us-west-1.amazonaws.com/files.startasl.com/asldictionary/pink.mp4
42953,pizza,test,asl5200,MISSING,,,,,,,,,,File không tồn tại,https://www.youtube.com/watch?v=zHd4YEFzpwE
69431,pizza,test,aslbrick,VALID,1280x720,1280,720,16:9,29.97,75,2.503,3424.46,3.344,OK,http://aslbricks.org/New/ASL-Videos/pizza.mp4
42974,pizza,train,aslu,MISSING,,,,,,,,,,File không tồn tại,https://www.youtube.com/watch?v=XIZ2DrdEU3k
42976,pizza,val,aslpro,MISSING,,,,,,,,,,File không tồn tại,http://www.aslpro.com/main/p/pizza.swf
42977,pizza,val,aslsearch,MISSING,,,,,,,,,,File không tồn tại,http://www.aslsearch.com/signs/videos/pizza.mp4
42958,pizza,train,startasl,VALID,1280x720,1280,720,16:9,29.97,73,2.436,493.63,0.482,OK,https://s3-us-west-1.amazonaws.com/files.startasl.com/asldictionary/pizza-2.mp4
42959,pizza,train,startasl,VALID,1280x720,1280,720,16:9,29.97,103,3.437,665.58,0.65,OK,https://s3-us-west-1.amazonaws.com/files.startasl.com/asldictionary/pizza.mp4
42960,pizza,test,signschool,VALID,1920x1080,1920,1080,16:9,23.98,30,1.251,562.88,0.55,OK,https://signstock.blob.core.windows.net/signschool/videos/db_uploads/SignSchool%20Pizza%202-Gm8PTVKHF1s.mp4
42961,pizza,train,signschool,VALID,1920x1080,1920,1080,16:9,23.98,40,1.668,549.79,0.537,OK,https://signstock.blob.core.windows.net/signschool/videos/db_uploads/SignSchool%20Pizza-mJVC9oI13Lo.mp4
66297,pizza,train,aslsignbank,VALID,656x370,656,370,16:9,23.98,54,2.252,145.2,0.142,OK,https://aslsignbank.haskins.yale.edu/dictionary/protected_media/glossvideo/ASL/PI/PIZZA-904.mp4
42962,pizza,val,asldeafined,VALID,640x480,640,480,4:3,30.0,90,3.0,627.18,0.612,OK,https://media.asldeafined.com/vocabulary/1468726411.9058.mp4
42963,pizza,train,handspeak,MISSING,,,,,,,,,,File không tồn tại,https://www.handspeak.com/word/p/pizza-eat.mp4
42964,pizza,train,handspeak,MISSING,,,,,,,,,,File không tồn tại,https://www.handspeak.com/word/p/pizza-fs.mp4
42956,pizza,train,spreadthesign,VALID,320x240,320,240,4:3,25.0,64,2.56,52.31,0.051,OK,https://media.spreadthesign.com/video/mp4/13/457790.mp4
42966,pizza,train,signingsavvy,MISSING,,,,,,,,,,File không tồn tại,https://www.signingsavvy.com/signs/mp4/14/14610.mp4
42967,pizza,train,signingsavvy,MISSING,,,,,,,,,,File không tồn tại,https://www.signingsavvy.com/signs/mp4/6/6671.mp4
42969,pizza,train,signingsavvy,MISSING,,,,,,,,,,File không tồn tại,https://www.signingsavvy.com/signs/mp4/6/6673.mp4
42971,pizza,train,aslu,MISSING,,,,,,,,,,File không tồn tại,https://www.youtube.com/watch?v=JZeO2EXjxOE
42972,pizza,train,aslu,MISSING,,,,,,,,,,File không tồn tại,https://www.youtube.com/watch?v=nrXA-R3VgJ8
69433,play,test,aslbrick,MISSING,,,,,,,,,,File không tồn tại,http://aslbricks.org/New/ASL-Videos/play.mp4
43166,play,val,spreadthesign,VALID,320x240,320,240,4:3,25.0,92,3.68,144.56,0.141,OK,https://media.spreadthesign.com/video/mp4/13/116328.mp4
68288,play,train,lillybauer,MISSING,,,,,,,,,,File không tồn tại,https://www.youtube.com/watch?v=75FwzqQqyM0
68133,play,train,valencia-asl,MISSING,,,,,,,,,,File không tồn tại,https://www.youtube.com/watch?v=M80w0mda7zM
43170,play,train,asldeafined,VALID,640x480,640,480,4:3,30.0,88,2.933,645.12,0.63,OK,https://media.asldeafined.com/vocabulary/1468726646.6390.mp4
43171,play,test,asldeafined,VALID,640x480,640,480,4:3,30.0,108,3.6,767.5,0.75,OK,https://media.asldeafined.com/vocabulary/1468726677.3753.mp4
43172,play,train,handspeak,MISSING,,,,,,,,,,File không tồn tại,https://www.handspeak.com/word/p/play.mp4
43173,play,train,signingsavvy,MISSING,,,,,,,,,,File không tồn tại,https://www.signingsavvy.com/signs/mp4/14/14657.mp4
43174,play,train,signingsavvy,MISSING,,,,,,,,,,File không tồn tại,https://www.signingsavvy.com/signs/mp4/6/6372.mp4
43175,play,train,aslu,MISSING,,,,,,,,,,File không tồn tại,https://www.youtube.com/watch?v=ODByBNyosxc
67081,play,train,asllex,MISSING,,,,,,,,,,File không tồn tại,https://youtu.be/vz9KBYTBL4o
43176,play,val,nabboud,MISSING,,,,,,,,,,File không tồn tại,https://www.youtube.com/watch?v=Ui8rn2gM1ZE
43177,play,train,aslpro,MISSING,,,,,,,,,,File không tồn tại,http://www.aslpro.com/main/p/play_fun.swf
43178,play,val,aslpro,MISSING,,,,,,,,,,File không tồn tại,http://www.aslpro.com/main/p/play_theater.swf
43179,play,train,aslsearch,MISSING,,,,,,,,,,File không tồn tại,http://www.aslsearch.com/signs/videos/act.mp4
43180,play,train,aslsearch,MISSING,,,,,,,,,,File không tồn tại,http://www.aslsearch.com/signs/videos/play.mp4
43167,play,train,startasl,VALID,736x414,736,414,16:9,29.97,72,2.402,247.41,0.242,OK,https://s3-us-west-1.amazonaws.com/files.startasl.com/asldictionary/play.mp4
43168,play,train,signschool,VALID,1920x1080,1920,1080,16:9,29.97,32,1.068,372.03,0.363,OK,https://signstock.blob.core.windows.net/signschool/videos/db_uploads/SignSchool%20Play%2C%20Algeria-31fxkHUhB_k.mp4
43169,play,train,signschool,VALID,640x360,640,360,16:9,29.97,53,1.768,80.77,0.079,OK,https://signstock.blob.core.windows.net/signschool/videos/db_uploads/SignSchool%20Play-TvZ8pfNOX2U.mp4
49577,school,test,asl5200,VALID,480x320,480,320,3:2,25.0,53,2.12,46.34,0.045,OK,https://www.youtube.com/watch?v=XB3Q6IX6CBo
69455,school,val,aslbrick,VALID,1280x720,1280,720,16:9,29.97,69,2.302,2865.7,2.799,OK,http://aslbricks.org/New/ASL-Videos/school.mp4
68218,school,train,lillybauer,MISSING,,,,,,,,,,File không tồn tại,https://www.youtube.com/watch?v=2EAilZspev4
68510,school,train,lillybauer,MISSING,,,,,,,,,,File không tồn tại,https://www.youtube.com/watch?v=g-w38Q0QrWE
70207,school,train,northtexas,MISSING,,,,,,,,,,File không tồn tại,https://www.youtube.com/watch?v=hjS0dQDgbjo
68145,school,test,valencia-asl,MISSING,,,,,,,,,,File không tồn tại,https://www.youtube.com/watch?v=ig7SKr3tvWc
49601,school,train,handspeak,MISSING,,,,,,,,,,File không tồn tại,https://www.handspeak.com/word/s/school.mp4
49602,school,train,signingsavvy,MISSING,,,,,,,,,,File không tồn tại,https://www.signingsavvy.com/signs/mp4/6/6564.mp4
49603,school,train,aslu,MISSING,,,,,,,,,,File không tồn tại,https://www.youtube.com/watch?v=vuE3RN10AGA
49604,school,train,aslpro,MISSING,,,,,,,,,,File không tồn tại,http://www.aslpro.com/main/s/school.swf
49595,school,train,spreadthesign,VALID,320x240,320,240,4:3,29.97,95,3.17,146.15,0.143,OK,https://media.spreadthesign.com/video/mp4/13/50778.mp4
67170,school,val,asllex,MISSING,,,,,,,,,,File không tồn tại,https://youtu.be/A_rNr7i1uAs
49605,school,train,aslpro,MISSING,,,,,,,,,,File không tồn tại,http://www.aslpro.com/main/s/school_walking_to.swf
49606,school,val,aslsearch,MISSING,,,,,,,,,,File không tồn tại,http://www.aslsearch.com/signs/videos/school.mp4
49596,school,train,startasl,VALID,736x414,736,414,16:9,29.97,67,2.236,240.09,0.234,OK,https://s3-us-west-1.amazonaws.com/files.startasl.com/asldictionary/school.mp4
49597,school,train,signschool,VALID,1920x1080,1920,1080,16:9,23.98,34,1.418,440.98,0.431,OK,https://signstock.blob.core.windows.net/signschool/videos/db_uploads/SignSchool%20Academic%2C%20School-ZsoedvSYMpA.mp4
49598,school,train,signschool,VALID,1280x720,1280,720,16:9,29.97,55,1.835,284.85,0.278,OK,https://signstock.blob.core.windows.net/signschool/videos/SignSchool%20School.mp4
49599,school,train,asldeafined,VALID,640x480,640,480,4:3,30.0,86,2.867,625.87,0.611,OK,https://media.asldeafined.com/vocabulary/1468763371.5844.mp4
49600,school,train,asldeafined,VALID,640x480,640,480,4:3,30.0,56,1.867,341.66,0.334,OK,https://media.asldeafined.com/vocabulary/1522768179.9250.mp4
50036,secretary,val,asl5200,VALID,480x320,480,320,3:2,25.0,60,2.4,58.94,0.058,OK,https://www.youtube.com/watch?v=XB3Q6IX6CBo
50037,secretary,train,spreadthesign,VALID,320x240,320,240,4:3,29.97,119,3.971,134.93,0.132,OK,https://media.spreadthesign.com/video/mp4/13/51753.mp4
50038,secretary,train,startasl,VALID,736x414,736,414,16:9,29.97,95,3.17,324.25,0.317,OK,https://s3-us-west-1.amazonaws.com/files.startasl.com/asldictionary/secretary.mp4
50039,secretary,train,signschool,VALID,1920x1080,1920,1080,16:9,23.98,36,1.501,520.52,0.508,OK,https://signstock.blob.core.windows.net/signschool/videos/db_uploads/SignSchool%20Secetary%202-GLOdTEXLaEQ.mp4
50040,secretary,train,signschool,VALID,1920x1080,1920,1080,16:9,23.98,36,1.501,494.07,0.482,OK,https://signstock.blob.core.windows.net/signschool/videos/db_uploads/SignSchool%20Secetary-crVLvTbmEGo.mp4
50041,secretary,test,asldeafined,VALID,640x480,640,480,4:3,30.0,115,3.833,835.04,0.815,OK,https://media.asldeafined.com/vocabulary/1468764756.5155.mp4
50042,secretary,train,handspeak,MISSING,,,,,,,,,,File không tồn tại,https://www.handspeak.com/word/s/secretary2.mp4
50043,secretary,train,handspeak,MISSING,,,,,,,,,,File không tồn tại,https://www.handspeak.com/word/s/secretary.mp4
50044,secretary,train,signingsavvy,MISSING,,,,,,,,,,File không tồn tại,https://www.signingsavvy.com/signs/mp4/6/6921.mp4
50045,secretary,train,signingsavvy,MISSING,,,,,,,,,,File không tồn tại,https://www.signingsavvy.com/signs/mp4/8/8440.mp4
66441,secretary,train,aslsignbank,VALID,656x370,656,370,16:9,23.98,46,1.918,148.39,0.145,OK,https://aslsignbank.haskins.yale.edu/dictionary/protected_media/glossvideo/ASL/SE/SECRETARY-1010.mp4
67177,secretary,test,asllex,MISSING,,,,,,,,,,File không tồn tại,https://youtu.be/rhpYRl3kHQU
50046,secretary,train,signingsavvy,MISSING,,,,,,,,,,File không tồn tại,https://www.signingsavvy.com/signs/mp4/8/8857.mp4
50047,secretary,train,aslu,MISSING,,,,,,,,,,File không tồn tại,https://www.youtube.com/watch?v=7FvR0sUKA84
50048,secretary,train,aslu,MISSING,,,,,,,,,,File không tồn tại,https://www.youtube.com/watch?v=ASCPx0sjuwM
50049,secretary,train,aslu,MISSING,,,,,,,,,,File không tồn tại,https://www.youtube.com/watch?v=D1Zl-7gp0Zs
50050,secretary,test,aslu,MISSING,,,,,,,,,,File không tồn tại,https://www.youtube.com/watch?v=U3lM2jSLNno
50051,secretary,val,aslpro,MISSING,,,,,,,,,,File không tồn tại,http://www.aslpro.com/main/s/secretary.swf
50052,secretary,val,aslsearch,MISSING,,,,,,,,,,File không tồn tại,http://www.aslsearch.com/signs/videos/secretary.mp4
51206,short,train,asl5200,VALID,480x320,480,320,3:2,25.0,43,1.72,29.82,0.029,OK,https://www.youtube.com/watch?v=XB3Q6IX6CBo
70355,short,train,northtexas,VALID,626x360,626,360,16:9,29.97,107,3.57,108.94,0.106,OK,https://www.youtube.com/watch?v=bq-HmgjGzmw
51221,short,train,startasl,VALID,736x414,736,414,16:9,29.97,100,3.337,383.32,0.374,OK,https://s3-us-west-1.amazonaws.com/files.startasl.com/asldictionary/short.mp4
51223,short,train,signschool,VALID,1920x1080,1920,1080,16:9,23.98,33,1.376,566.38,0.553,OK,https://signstock.blob.core.windows.net/signschool/videos/db_uploads/SignSchool%20Child-D-7K4sSsMWw.mp4
51224,short,val,signschool,VALID,1920x1080,1920,1080,16:9,23.98,30,1.251,545.28,0.532,OK,https://signstock.blob.core.windows.net/signschool/videos/db_uploads/SignSchool%20Short-bjSx00_gSOs.mp4
51225,short,train,asldeafined,VALID,640x480,640,480,4:3,30.0,95,3.167,627.84,0.613,OK,https://media.asldeafined.com/vocabulary/1466724014.5239.mp4
51226,short,train,asldeafined,VALID,640x480,640,480,4:3,30.0,77,2.567,558.33,0.545,OK,https://media.asldeafined.com/vocabulary/1468766397.2205.mp4
51227,short,val,asldeafined,VALID,640x480,640,480,4:3,30.0,102,3.4,610.78,0.596,OK,https://media.asldeafined.com/vocabulary/1546575090.7731.mp4
51228,short,train,handspeak,MISSING,,,,,,,,,,File không tồn tại,https://www.handspeak.com/word/s/short-duration.mp4
51229,short,train,handspeak,MISSING,,,,,,,,,,File không tồn tại,https://www.handspeak.com/word/s/short-height.mp4
66469,short,train,aslsignbank,VALID,656x370,656,370,16:9,23.98,38,1.585,134.17,0.131,OK,https://aslsignbank.haskins.yale.edu/dictionary/protected_media/glossvideo/ASL/SH/SHORT-252.mp4
51220,short,val,spreadthesign,VALID,320x240,320,240,4:3,25.0,70,2.8,84.4,0.082,OK,https://media.spreadthesign.com/video/mp4/13/65914.mp4
51230,short,val,handspeak,MISSING,,,,,,,,,,File không tồn tại,https://www.handspeak.com/word/s/short-soon.mp4
51231,short,train,signingsavvy,MISSING,,,,,,,,,,File không tồn tại,https://www.signingsavvy.com/signs/mp4/23/23534.mp4
51232,short,train,signingsavvy,MISSING,,,,,,,,,,File không tồn tại,https://www.signingsavvy.com/signs/mp4/9/9191.mp4
51233,short,test,signingsavvy,MISSING,,,,,,,,,,File không tồn tại,https://www.signingsavvy.com/signs/mp4/9/9192.mp4
51234,short,test,aslpro,MISSING,,,,,,,,,,File không tồn tại,http://www.aslpro.com/main/s/short.swf
51235,short,train,aslsearch,MISSING,,,,,,,,,,File không tồn tại,http://www.aslsearch.com/signs/videos/short2.mp4
51236,short,train,aslsearch,MISSING,,,,,,,,,,File không tồn tại,http://www.aslsearch.com/signs/videos/short.mp4
58488,time,test,asl5200,VALID,480x320,480,320,3:2,25.0,63,2.52,50.4,0.049,OK,https://www.youtube.com/watch?v=x6CehcknaH8
69511,time,val,aslbrick,VALID,1280x720,1280,720,16:9,29.97,61,2.035,2684.47,2.622,OK,http://aslbricks.org/New/ASL-Videos/time.mp4
68294,time,train,lillybauer,MISSING,,,,,,,,,,File không tồn tại,https://www.youtube.com/watch?v=7Mhil9I1Ocs
70356,time,train,northtexas,VALID,626x360,626,360,16:9,29.97,96,3.203,106.67,0.104,OK,https://www.youtube.com/watch?v=bq-HmgjGzmw
68171,time,train,valencia-asl,MISSING,,,,,,,,,,File không tồn tại,https://www.youtube.com/watch?v=m_nEgm4uX6U
58502,time,test,signingsavvy,MISSING,,,,,,,,,,File không tồn tại,https://www.signingsavvy.com/signs/mp4/23/23948.mp4
58503,time,train,signingsavvy,MISSING,,,,,,,,,,File không tồn tại,https://www.signingsavvy.com/signs/mp4/7/7100.mp4
58504,time,train,aslu,MISSING,,,,,,,,,,File không tồn tại,https://www.youtube.com/watch?v=s-y1OtBgHkU
58505,time,train,aslpro,MISSING,,,,,,,,,,File không tồn tại,http://www.aslpro.com/main/t/time_fall_back.swf
58506,time,train,aslpro,MISSING,,,,,,,,,,File không tồn tại,http://www.aslpro.com/main/t/time_spring_forward.swf
66644,time,train,aslsignbank,VALID,656x370,656,370,16:9,23.98,76,3.169,178.06,0.174,OK,https://aslsignbank.haskins.yale.edu/dictionary/protected_media/glossvideo/ASL/TI/TIME-1233.mp4
58497,time,val,startasl,VALID,736x414,736,414,16:9,29.97,114,3.804,391.8,0.383,OK,https://s3-us-west-1.amazonaws.com/files.startasl.com/asldictionary/time.mp4
67309,time,train,asllex,MISSING,,,,,,,,,,File không tồn tại,https://youtu.be/tXhJplJXFmo
58507,time,val,aslpro,MISSING,,,,,,,,,,File không tồn tại,http://www.aslpro.com/main/t/time.swf
58508,time,train,aslsearch,MISSING,,,,,,,,,,File không tồn tại,http://www.aslsearch.com/signs/videos/time.mp4
58498,time,train,signschool,VALID,854x480,854,480,16:9,29.97,75,2.503,255.85,0.25,OK,https://signstock.blob.core.windows.net/signschool/videos/db_uploads/SignSchool%20time-qx01CJ9Rpqw.mp4
58499,time,train,asldeafined,VALID,640x480,640,480,4:3,30.0,77,2.567,600.49,0.586,OK,https://media.asldeafined.com/vocabulary/1468945476.6416.mp4
58500,time,train,handspeak,MISSING,,,,,,,,,,File không tồn tại,https://www.handspeak.com/word/t/time2.mp4
58501,time,train,handspeak,MISSING,,,,,,,,,,File không tồn tại,https://www.handspeak.com/word/t/time-q.mp4
62241,want,test,asl5200,VALID,480x320,480,320,3:2,25.0,50,2.0,50.72,0.05,OK,https://www.youtube.com/watch?v=A5dihMAjeTE
69524,want,val,aslbrick,VALID,1280x720,1280,720,16:9,29.97,69,2.302,2864.45,2.797,OK,http://aslbricks.org/New/ASL-Videos/want.mp4
68178,want,train,valencia-asl,MISSING,,,,,,,,,,File không tồn tại,https://www.youtube.com/watch?v=co7zdtkJW1E
68540,want,train,lillybauer,MISSING,,,,,,,,,,File không tồn tại,https://www.youtube.com/watch?v=I0v6P6HEGCA
62246,want,train,startasl,VALID,736x414,736,414,16:9,29.97,75,2.503,281.6,0.275,OK,https://s3-us-west-1.amazonaws.com/files.startasl.com/asldictionary/want.mp4
62247,want,test,signschool,VALID,1280x720,1280,720,16:9,29.97,36,1.201,225.62,0.22,OK,https://signstock.blob.core.windows.net/signschool/videos/SignSchool%20Want%20copy.mp4
62248,want,train,asldeafined,VALID,640x480,640,480,4:3,29.99,51,1.701,422.79,0.413,OK,https://media.asldeafined.com/vocabulary/1468926945.7263.mp4
62249,want,train,handspeak,MISSING,,,,,,,,,,File không tồn tại,https://www.handspeak.com/word/w/want.mp4
62250,want,train,signingsavvy,MISSING,,,,,,,,,,File không tồn tại,https://www.signingsavvy.com/signs/mp4/6/6971.mp4
62251,want,train,signingsavvy,MISSING,,,,,,,,,,File không tồn tại,https://www.signingsavvy.com/signs/mp4/6/6972.mp4
62253,want,train,aslu,MISSING,,,,,,,,,,File không tồn tại,https://www.youtube.com/watch?v=aGzNpjV6-0I
62244,want,val,spreadthesign,VALID,320x240,320,240,4:3,29.97,82,2.736,139.1,0.136,OK,https://media.spreadthesign.com/video/mp4/13/50936.mp4
67038,want,train,asllex,MISSING,,,,,,,,,,File không tồn tại,https://youtu.be/Xl2VNuFGexI
62254,want,val,aslu,MISSING,,,,,,,,,,File không tồn tại,https://www.youtube.com/watch?v=aGzNpjV6-0I
62256,want,train,nabboud,MISSING,,,,,,,,,,File không tồn tại,https://www.youtube.com/watch?v=fBVbr5ci0EQ
62257,want,train,nabboud,MISSING,,,,,,,,,,File không tồn tại,https://www.youtube.com/watch?v=nI-XX3BtUlQ
62258,want,train,aslpro,MISSING,,,,,,,,,,File không tồn tại,http://www.aslpro.com/main/w/want.swf
62259,want,train,aslsearch,MISSING,,,,,,,,,,File không tồn tại,http://www.aslsearch.com/signs/videos/want.mp4
62245,want,train,startasl,VALID,1280x720,1280,720,16:9,29.97,72,2.402,539.96,0.527,OK,https://s3-us-west-1.amazonaws.com/files.startasl.com/asldictionary/want-2.mp4
63769,work,test,asl5200,VALID,480x320,480,320,3:2,25.0,50,2.0,54.6,0.053,OK,https://www.youtube.com/watch?v=A5dihMAjeTE
68924,work,val,lillybauer,MISSING,,,,,,,,,,File không tồn tại,https://www.youtube.com/watch?v=TZ65f_6GglU
63804,work,train,nabboud,MISSING,,,,,,,,,,File không tồn tại,https://www.youtube.com/watch?v=pDRfD3bNsEo
63805,work,train,aslpro,MISSING,,,,,,,,,,File không tồn tại,http://www.aslpro.com/main/w/work.swf
63806,work,train,aslsearch,MISSING,,,,,,,,,,File không tồn tại,http://www.aslsearch.com/signs/videos/work.mp4
63789,work,test,spreadthesign,VALID,320x240,320,240,4:3,25.0,64,2.56,64.06,0.063,OK,https://media.spreadthesign.com/video/mp4/13/244773.mp4
63790,work,train,startasl,VALID,736x414,736,414,16:9,29.97,80,2.669,292.88,0.286,OK,https://s3-us-west-1.amazonaws.com/files.startasl.com/asldictionary/work.mp4
63791,work,train,signschool,VALID,1920x1080,1920,1080,16:9,29.97,42,1.401,466.14,0.455,OK,https://signstock.blob.core.windows.net/signschool/videos/db_uploads/SignSchool%20Synagogue%2C%20Work-T8QJNv7wRCs.mp4
63792,work,train,signschool,VALID,1920x1080,1920,1080,16:9,29.97,51,1.702,552.23,0.539,OK,https://signstock.blob.core.windows.net/signschool/videos/db_uploads/SignSchool%20Work-hQKYeuN5tMI.mp4
63793,work,train,asldeafined,VALID,640x480,640,480,4:3,30.0,77,2.567,524.61,0.512,OK,https://media.asldeafined.com/vocabulary/1468929052.2546.mp4
63794,work,train,handspeak,MISSING,,,,,,,,,,File không tồn tại,https://www.handspeak.com/word/w/work.mp4
63795,work,val,signingsavvy,MISSING,,,,,,,,,,File không tồn tại,https://www.signingsavvy.com/signs/mp4/14/14523.mp4
66804,work,train,aslsignbank,VALID,656x370,656,370,16:9,23.98,54,2.252,204.49,0.2,OK,https://aslsignbank.haskins.yale.edu/dictionary/protected_media/glossvideo/ASL/WO/WORK-1450.mp4
63788,work,val,elementalasl,VALID,320x180,320,180,16:9,24.0,127,5.292,315.76,0.308,OK,https://elementalaslconcepts.weebly.com/uploads/2/4/4/5/24454483/work.mov
67003,work,train,asllex,MISSING,,,,,,,,,,File không tồn tại,https://youtu.be/FwfWrRxzSxw
63799,work,train,signingsavvy,MISSING,,,,,,,,,,File không tồn tại,https://www.signingsavvy.com/signs/mp4/8/8599.mp4
63801,work,train,aslu,MISSING,,,,,,,,,,File không tồn tại,https://www.youtube.com/watch?v=1nt04tWWp5s
63802,work,train,nabboud,MISSING,,,,,,,,,,File không tồn tại,https://www.youtube.com/watch?v=dsZQRTrQjiE
63803,work,train,aslu,MISSING,,,,,,,,,,File không tồn tại,https://www.youtube.com/watch?v=mJrUYRjvrew
01382,africa,val,asl5200,VALID,480x320,480,320,3:2,25.0,44,1.76,44.85,0.044,OK,https://www.youtube.com/watch?v=jPn0FQxkdBc
01383,africa,train,spreadthesign,VALID,320x240,320,240,4:3,29.97,146,4.872,114.4,0.112,OK,https://media.spreadthesign.com/video/mp4/13/50049.mp4
01384,africa,train,startasl,VALID,1280x720,1280,720,16:9,29.97,65,2.169,472.97,0.462,OK,https://s3-us-west-1.amazonaws.com/files.startasl.com/asldictionary/africa.mp4
01385,africa,train,signschool,VALID,1920x1080,1920,1080,16:9,23.98,48,2.002,664.66,0.649,OK,https://signstock.blob.core.windows.net/signschool/videos/db_uploads/SignSchool%20Africa%202-TrChLRg2itY.mp4
01386,africa,test,signschool,VALID,1920x1080,1920,1080,16:9,23.98,41,1.71,532.8,0.52,OK,https://signstock.blob.core.windows.net/signschool/videos/db_uploads/SignSchool%20Africa%203-Jn6HQbdJE48.mp4
01387,africa,train,signschool,VALID,1920x1080,1920,1080,16:9,23.98,40,1.668,616.25,0.602,OK,https://signstock.blob.core.windows.net/signschool/videos/db_uploads/SignSchool%20Africa-il-R1NptEEw.mp4
01388,africa,train,asldeafined,VALID,640x480,640,480,4:3,30.0,123,4.1,767.27,0.749,OK,https://media.asldeafined.com/vocabulary/1466171159.7047.mp4
01390,africa,train,handspeak,MISSING,,,,,,,,,,File không tồn tại,https://www.handspeak.com/word/a/africa.mp4
01391,africa,val,signingsavvy,MISSING,,,,,,,,,,File không tồn tại,https://www.signingsavvy.com/signs/mp4/14/14836.mp4
65029,africa,train,aslsignbank,VALID,656x370,656,370,16:9,23.98,66,2.752,312.51,0.305,OK,https://aslsignbank.haskins.yale.edu/dictionary/protected_media/glossvideo/ASL/AF/AFRICA-846.mp4
67350,africa,train,asllex,MISSING,,,,,,,,,,File không tồn tại,https://youtu.be/niBJ6C9Rs_8
01392,africa,train,aslu,MISSING,,,,,,,,,,File không tồn tại,https://www.youtube.com/watch?v=qtVdE7tBGsU
01393,africa,train,aslu,MISSING,,,,,,,,,,File không tồn tại,https://www.youtube.com/watch?v=S__GZ7Vki30
01394,africa,test,aslu,MISSING,,,,,,,,,,File không tồn tại,https://www.youtube.com/watch?v=YnK5IFMrc6Q
01395,africa,train,aslu,MISSING,,,,,,,,,,File không tồn tại,https://www.youtube.com/watch?v=ZyH7kuEa18Q
01396,africa,train,aslpro,MISSING,,,,,,,,,,File không tồn tại,http://www.aslpro.com/main/a/africa_1.swf
01397,africa,test,aslpro,MISSING,,,,,,,,,,File không tồn tại,http://www.aslpro.com/main/a/africa_2.swf
01398,africa,val,aslsearch,MISSING,,,,,,,,,,File không tồn tại,http://www.aslsearch.com/signs/videos/africa.mp4
05227,basketball,test,asl5200,VALID,480x320,480,320,3:2,25.0,53,2.12,66.0,0.064,OK,https://www.youtube.com/watch?v=pDqITge_TGs
69225,basketball,test,aslbrick,VALID,1920x1080,1920,1080,16:9,29.97,92,3.07,7317.9,7.146,OK,http://aslbricks.org/New/ASL-Videos/basketball.mp4
68612,basketball,train,lillybauer,MISSING,,,,,,,,,,File không tồn tại,https://www.youtube.com/watch?v=JxtYMfvnp58
05230,basketball,train,startasl,VALID,736x414,736,414,16:9,29.97,97,3.237,347.1,0.339,OK,https://s3-us-west-1.amazonaws.com/files.startasl.com/asldictionary/basketball.mp4
05231,basketball,train,signschool,VALID,1920x1080,1920,1080,16:9,23.98,33,1.376,419.1,0.409,OK,https://signstock.blob.core.windows.net/signschool/videos/db_uploads/SignSchool%20Basketball%202-F0BtTtlPR7c.mp4
05232,basketball,val,signschool,VALID,1920x1080,1920,1080,16:9,23.98,31,1.293,400.94,0.392,OK,https://signstock.blob.core.windows.net/signschool/videos/db_uploads/SignSchool%20Basketball-oRhzgMwL96w.mp4
05233,basketball,train,signschool,VALID,640x360,640,360,16:9,29.97,119,3.971,175.84,0.172,OK,https://signstock.blob.core.windows.net/signschool/videos/SignSchool%20basketball.mp4
05234,basketball,train,asldeafined,VALID,640x480,640,480,4:3,30.0,94,3.133,668.05,0.652,OK,https://media.asldeafined.com/vocabulary/1466649529.6905.mp4
05236,basketball,val,handspeak,MISSING,,,,,,,,,,File không tồn tại,https://www.handspeak.com/word/b/basketball-hs5.mp4
05237,basketball,train,handspeak,MISSING,,,,,,,,,,File không tồn tại,https://www.handspeak.com/word/b/basketball.mp4
05238,basketball,train,signingsavvy,MISSING,,,,,,,,,,File không tồn tại,https://www.signingsavvy.com/signs/mp4/23/23590.mp4
65144,basketball,train,aslsignbank,VALID,656x370,656,370,16:9,23.98,53,2.21,142.0,0.139,OK,https://aslsignbank.haskins.yale.edu/dictionary/protected_media/glossvideo/ASL/BA/BASKETBALL-1973.mp4
65145,basketball,train,aslsignbank,VALID,656x370,656,370,16:9,23.98,47,1.96,151.01,0.147,OK,https://aslsignbank.haskins.yale.edu/dictionary/protected_media/glossvideo/ASL/BA/BASKETBALL-2093.mp4
05229,basketball,train,spreadthesign,VALID,320x240,320,240,4:3,25.0,72,2.88,76.04,0.074,OK,https://media.spreadthesign.com/video/mp4/13/455487.mp4
67392,basketball,train,asllex,MISSING,,,,,,,,,,File không tồn tại,https://youtu.be/CsqxlMUHwyg
05239,basketball,val,signingsavvy,MISSING,,,,,,,,,,File không tồn tại,https://www.signingsavvy.com/signs/mp4/6/6341.mp4
05241,basketball,train,aslu,MISSING,,,,,,,,,,File không tồn tại,https://www.youtube.com/watch?v=hMTxTnXCzOo
05243,basketball,train,aslsearch,MISSING,,,,,,,,,,File không tồn tại,http://www.aslsearch.com/signs/videos/basketball.mp4
06355,birthday,val,asl5200,VALID,480x320,480,320,3:2,25.0,47,1.88,43.62,0.043,OK,https://www.youtube.com/watch?v=pDqITge_TGs
65192,birthday,train,aslsignbank,VALID,656x370,656,370,16:9,23.98,62,2.585,291.28,0.284,OK,https://aslsignbank.haskins.yale.edu/dictionary/protected_media/glossvideo/ASL/BI/BIRTHDAY-412.mp4
68338,birthday,train,lillybauer,MISSING,,,,,,,,,,File không tồn tại,https://www.youtube.com/watch?v=aSvUHxoby4U
70357,birthday,train,northtexas,VALID,626x360,626,360,16:9,29.97,136,4.538,201.79,0.197,OK,https://www.youtube.com/watch?v=bq-HmgjGzmw
70359,birthday,train,northtexas,VALID,626x360,626,360,16:9,29.97,100,3.337,121.43,0.119,OK,https://www.youtube.com/watch?v=bq-HmgjGzmw
06365,birthday,train,signingsavvy,MISSING,,,,,,,,,,File không tồn tại,https://www.signingsavvy.com/signs/mp4/8/8986.mp4
06366,birthday,test,aslu,MISSING,,,,,,,,,,File không tồn tại,https://www.youtube.com/watch?v=1n3eN9v8VV0
06367,birthday,train,aslu,MISSING,,,,,,,,,,File không tồn tại,https://www.youtube.com/watch?v=eB0lhZn8N9A
06368,birthday,train,aslu,MISSING,,,,,,,,,,File không tồn tại,https://www.youtube.com/watch?v=m4YhzJV_wzQ
06359,birthday,train,startasl,VALID,1280x720,1280,720,16:9,29.97,58,1.935,431.03,0.421,OK,https://s3-us-west-1.amazonaws.com/files.startasl.com/asldictionary/birthday.mp4
67413,birthday,train,asllex,MISSING,,,,,,,,,,File không tồn tại,https://youtu.be/Kn_IKf8zC1w
06369,birthday,val,aslu,MISSING,,,,,,,,,,File không tồn tại,https://www.youtube.com/watch?v=NuNbd8a665I
06370,birthday,test,aslpro,MISSING,,,,,,,,,,File không tồn tại,http://www.aslpro.com/main/b/birthday.swf
06371,birthday,train,aslsearch,MISSING,,,,,,,,,,File không tồn tại,http://www.aslsearch.com/signs/videos/birthday.mp4
06360,birthday,test,asldeafined,VALID,640x480,640,480,4:3,30.0,89,2.967,571.3,0.558,OK,https://media.asldeafined.com/vocabulary/1466682386.9294.mp4
06361,birthday,train,handspeak,MISSING,,,,,,,,,,File không tồn tại,https://www.handspeak.com/word/b/birthday2.mp4
06362,birthday,val,handspeak,MISSING,,,,,,,,,,File không tồn tại,https://www.handspeak.com/word/b/birthday.mp4
06363,birthday,train,signingsavvy,MISSING,,,,,,,,,,File không tồn tại,https://www.signingsavvy.com/signs/mp4/7/7007.mp4
07957,brown,test,asl5200,VALID,480x320,480,320,3:2,25.0,47,1.88,41.15,0.04,OK,https://www.youtube.com/watch?v=pDqITge_TGs
69252,brown,test,aslbrick,VALID,1280x720,1280,720,16:9,29.97,72,2.402,2777.8,2.713,OK,http://aslbricks.org/New/ASL-Videos/brown.mp4
70242,brown,train,northtexas,VALID,626x360,626,360,16:9,29.97,96,3.203,114.39,0.112,OK,https://www.youtube.com/watch?v=WprUBqi3iBc
69028,brown,train,lillybauer,MISSING,,,,,,,,,,File không tồn tại,https://www.youtube.com/watch?v=--Xi-n0DgBU
07963,brown,train,asldeafined,VALID,640x480,640,480,4:3,30.0,87,2.9,548.83,0.536,OK,https://media.asldeafined.com/vocabulary/1466724587.930.mp4
07964,brown,val,handspeak,MISSING,,,,,,,,,,File không tồn tại,https://www.handspeak.com/word/b/brown.mp4
07966,brown,train,signingsavvy,MISSING,,,,,,,,,,File không tồn tại,https://www.signingsavvy.com/signs/mp4/6/6209.mp4
07967,brown,train,scott,MISSING,,,,,,,,,,File không tồn tại,https://www.youtube.com/watch?v=_7B0lz1PMoc
07968,brown,val,aslu,MISSING,,,,,,,,,,File không tồn tại,https://www.youtube.com/watch?v=HGBcts4shKw
07969,brown,train,nabboud,MISSING,,,,,,,,,,File không tồn tại,https://www.youtube.com/watch?v=kpngPVmD_6Q
65263,brown,train,aslsignbank,VALID,656x370,656,370,16:9,23.98,66,2.752,165.2,0.161,OK,https://aslsignbank.haskins.yale.edu/dictionary/protected_media/glossvideo/ASL/BR/BROWN-53.mp4
07960,brown,train,spreadthesign,VALID,320x240,320,240,4:3,25.0,78,3.12,135.39,0.132,OK,https://media.spreadthesign.com/video/mp4/13/125573.mp4
67446,brown,train,asllex,MISSING,,,,,,,,,,File không tồn tại,https://youtu.be/v0PgAPiUeHk
07971,brown,train,aslu,MISSING,,,,,,,,,,File không tồn tại,https://www.youtube.com/watch?v=PrniQgULERg
07972,brown,train,aslpro,MISSING,,,,,,,,,,File không tồn tại,http://www.aslpro.com/main/b/brown.swf
07973,brown,val,aslsearch,MISSING,,,,,,,,,,File không tồn tại,http://www.aslsearch.com/signs/videos/brown.mp4
07961,brown,train,startasl,VALID,736x414,736,414,16:9,29.97,82,2.736,296.17,0.289,OK,https://s3-us-west-1.amazonaws.com/files.startasl.com/asldictionary/brown.mp4
07962,brown,train,signschool,VALID,1280x720,1280,720,16:9,23.98,50,2.085,344.03,0.336,OK,https://signstock.blob.core.windows.net/signschool/videos/SignSchool%20Brown.mp4
08421,but,val,asl5200,VALID,480x320,480,320,3:2,25.0,40,1.6,39.55,0.039,OK,https://www.youtube.com/watch?v=pDqITge_TGs
68368,but,train,lillybauer,MISSING,,,,,,,,,,File không tồn tại,https://www.youtube.com/watch?v=c17A0edBIaA
68016,but,train,valencia-asl,MISSING,,,,,,,,,,File không tồn tại,https://www.youtube.com/watch?v=cFlUlLhRbTE
08427,but,train,handspeak,MISSING,,,,,,,,,,File không tồn tại,https://www.handspeak.com/word/b/but-fs.mp4
08428,but,train,handspeak,MISSING,,,,,,,,,,File không tồn tại,https://www.handspeak.com/word/b/but.mp4
08429,but,test,signingsavvy,MISSING,,,,,,,,,,File không tồn tại,https://www.signingsavvy.com/signs/mp4/23/23503.mp4
08431,but,train,signingsavvy,MISSING,,,,,,,,,,File không tồn tại,https://www.signingsavvy.com/signs/mp4/6/6551.mp4
08432,but,val,aslu,MISSING,,,,,,,,,,File không tồn tại,https://www.youtube.com/watch?v=A-n2pjNaz-k
08433,but,train,aslu,MISSING,,,,,,,,,,File không tồn tại,https://www.youtube.com/watch?v=BzA6aV3_izM
65278,but,train,aslsignbank,VALID,656x370,656,370,16:9,23.98,60,2.502,175.13,0.171,OK,https://aslsignbank.haskins.yale.edu/dictionary/protected_media/glossvideo/ASL/BU/BUT-61.mp4
08424,but,train,spreadthesign,VALID,320x240,320,240,4:3,25.0,62,2.48,137.0,0.134,OK,https://media.spreadthesign.com/video/mp4/13/125640.mp4
67451,but,train,asllex,MISSING,,,,,,,,,,File không tồn tại,https://youtu.be/A1nZLK4Qodw
08434,but,train,aslu,MISSING,,,,,,,,,,File không tồn tại,https://www.youtube.com/watch?v=l3pElzy2Png
08435,but,train,aslu,MISSING,,,,,,,,,,File không tồn tại,https://www.youtube.com/watch?v=Ldw8UzKED8s
08436,but,test,aslpro,MISSING,,,,,,,,,,File không tồn tại,http://www.aslpro.com/main/b/but.swf
08437,but,train,aslsearch,MISSING,,,,,,,,,,File không tồn tại,http://www.aslsearch.com/signs/videos/but.mp4
08425,but,test,signschool,VALID,1920x1080,1920,1080,16:9,23.98,23,0.959,345.81,0.338,OK,https://signstock.blob.core.windows.net/signschool/videos/db_uploads/SignSchool%20Different-JM7Z5mfnrSk.mp4
08426,but,val,asldeafined,VALID,640x480,640,480,4:3,30.0,86,2.867,555.7,0.543,OK,https://media.asldeafined.com/vocabulary/1466725437.8006.mp4
10146,cheat,train,asl5200,VALID,480x320,480,320,3:2,25.0,53,2.12,53.75,0.052,OK,https://www.youtube.com/watch?v=PPmQd2zWdP0
10161,cheat,train,aslu,MISSING,,,,,,,,,,File không tồn tại,https://www.youtube.com/watch?v=M-YTVGOSvqA
10162,cheat,train,aslpro,MISSING,,,,,,,,,,File không tồn tại,http://www.aslpro.com/main/c/cheat_1.swf
10164,cheat,train,aslpro,MISSING,,,,,,,,,,File không tồn tại,http://www.aslpro.com/main/c/cheat_3.swf
10147,cheat,train,spreadthesign,VALID,320x240,320,240,4:3,25.0,72,2.88,145.23,0.142,OK,https://media.spreadthesign.com/video/mp4/13/125942.mp4
10166,cheat,train,aslsearch,MISSING,,,,,,,,,,File không tồn tại,http://www.aslsearch.com/signs/videos/cheat.mp4
10148,cheat,train,signschool,VALID,1920x1080,1920,1080,16:9,23.98,33,1.376,514.63,0.503,OK,https://signstock.blob.core.windows.net/signschool/videos/db_uploads/SignSchool%20Cheat%202-KsLHDSh6t7M.mp4
10149,cheat,train,signschool,VALID,1920x1080,1920,1080,16:9,23.98,41,1.71,605.33,0.591,OK,https://signstock.blob.core.windows.net/signschool/videos/db_uploads/SignSchool%20Cheat%203-Sldnni0vyBw.mp4
65341,cheat,val,aslsignbank,VALID,656x370,656,370,16:9,23.98,76,3.169,251.44,0.246,OK,https://aslsignbank.haskins.yale.edu/dictionary/protected_media/glossvideo/ASL/CH/CHEAT_1-1058.mp4
10151,cheat,val,signschool,VALID,1920x1080,1920,1080,16:9,23.98,33,1.376,505.06,0.493,OK,https://signstock.blob.core.windows.net/signschool/videos/db_uploads/SignSchool%20Cheat%20copy-Ct97K7sCACc.mp4
65342,cheat,val,aslsignbank,VALID,656x370,656,370,16:9,23.98,62,2.585,120.69,0.118,OK,https://aslsignbank.haskins.yale.edu/dictionary/protected_media/glossvideo/ASL/CH/CHEAT_2-2514.mp4
67489,cheat,train,asllex,MISSING,,,,,,,,,,File không tồn tại,https://youtu.be/lmWVuurMMOc
67490,cheat,val,asllex,MISSING,,,,,,,,,,File không tồn tại,https://youtu.be/U2Nf3gOSPhg
10156,cheat,test,handspeak,MISSING,,,,,,,,,,File không tồn tại,https://www.handspeak.com/word/c/cheat-us.mp4
10157,cheat,train,signingsavvy,MISSING,,,,,,,,,,File không tồn tại,https://www.signingsavvy.com/signs/mp4/14/14045.mp4
10158,cheat,train,signingsavvy,MISSING,,,,,,,,,,File không tồn tại,https://www.signingsavvy.com/signs/mp4/14/14046.mp4
10159,cheat,test,signingsavvy,MISSING,,,,,,,,,,File không tồn tại,https://www.signingsavvy.com/signs/mp4/14/14047.mp4
10160,cheat,train,aslu,MISSING,,,,,,,,,,File không tồn tại,https://www.youtube.com/watch?v=hIKTWc-9yKg
10888,city,test,asl5200,VALID,480x320,480,320,3:2,25.0,50,2.0,58.14,0.057,OK,https://www.youtube.com/watch?v=PPmQd2zWdP0
69269,city,test,aslbrick,VALID,1920x1080,1920,1080,16:9,29.97,91,3.036,7151.02,6.983,OK,http://aslbricks.org/New/ASL-Videos/city.mp4
68374,city,train,lillybauer,MISSING,,,,,,,,,,File không tồn tại,https://www.youtube.com/watch?v=cEbPqZiaAqQ
10895,city,train,asldeafined,VALID,640x480,640,480,4:3,30.0,127,4.233,772.33,0.754,OK,https://media.asldeafined.com/vocabulary/1466898554.85.mp4
10896,city,train,handspeak,MISSING,,,,,,,,,,File không tồn tại,https://www.handspeak.com/word/c/city.mp4
10898,city,val,signingsavvy,MISSING,,,,,,,,,,File không tồn tại,https://www.signingsavvy.com/signs/mp4/6/6001.mp4
10899,city,train,aslu,MISSING,,,,,,,,,,File không tồn tại,https://www.youtube.com/watch?v=e7Tz3OSQBQQ
10900,city,train,aslu,MISSING,,,,,,,,,,File không tồn tại,https://www.youtube.com/watch?v=R6T2OTSZNck
10901,city,val,aslu,MISSING,,,,,,,,,,File không tồn tại,https://www.youtube.com/watch?v=y3aZGBOFqtU
65362,city,train,aslsignbank,VALID,656x370,656,370,16:9,23.98,60,2.502,173.64,0.17,OK,https://aslsignbank.haskins.yale.edu/dictionary/protected_media/glossvideo/ASL/CI/CITY-551.mp4
65363,city,train,aslsignbank,VALID,656x370,656,370,16:9,29.97,80,2.669,80.22,0.078,OK,https://aslsignbank.haskins.yale.edu/dictionary/protected_media/glossvideo/ASL/CI/CITY-689.mp4
10892,city,train,elementalasl,VALID,320x180,320,180,16:9,24.0,195,8.125,442.65,0.432,OK,https://elementalaslconcepts.weebly.com/uploads/2/4/4/5/24454483/city.mov
67501,city,train,asllex,MISSING,,,,,,,,,,File không tồn tại,https://youtu.be/DV17xsFO5Jg
10902,city,train,aslu,MISSING,,,,,,,,,,File không tồn tại,https://www.youtube.com/watch?v=Y8QX1lAPwOs
10903,city,train,aslpro,MISSING,,,,,,,,,,File không tồn tại,http://www.aslpro.com/main/c/city.swf
10904,city,val,aslsearch,MISSING,,,,,,,,,,File không tồn tại,http://www.aslsearch.com/signs/videos/city.mp4
10893,city,train,spreadthesign,VALID,320x240,320,240,4:3,29.97,58,1.935,64.6,0.063,OK,https://media.spreadthesign.com/video/mp4/13/399304.mp4
10894,city,train,signschool,VALID,1920x1080,1920,1080,16:9,23.98,37,1.543,481.2,0.47,OK,https://signstock.blob.core.windows.net/signschool/videos/db_uploads/SignSchool%20Community%2C%20City-ullwVrgZsPE.mp4
13154,cook,test,asl5200,VALID,480x320,480,320,3:2,25.0,53,2.12,58.55,0.057,OK,https://www.youtube.com/watch?v=PPmQd2zWdP0
70030,cook,test,northtexas,MISSING,,,,,,,,,,File không tồn tại,https://www.youtube.com/watch?v=sErq0TJMKEo
68029,cook,train,valencia-asl,MISSING,,,,,,,,,,File không tồn tại,https://www.youtube.com/watch?v=sK9DAZw4_zs
69004,cook,train,lillybauer,MISSING,,,,,,,,,,File không tồn tại,https://www.youtube.com/watch?v=Wny0hRLOETg
13158,cook,train,asldeafined,VALID,640x480,640,480,4:3,30.0,85,2.833,550.0,0.537,OK,https://media.asldeafined.com/vocabulary/1466903034.6121.mp4
13159,cook,val,handspeak,MISSING,,,,,,,,,,File không tồn tại,https://www.handspeak.com/word/c/cook.mp4
13160,cook,train,signingsavvy,MISSING,,,,,,,,,,File không tồn tại,https://www.signingsavvy.com/signs/mp4/14/14239.mp4
13161,cook,train,signingsavvy,MISSING,,,,,,,,,,File không tồn tại,https://www.signingsavvy.com/signs/mp4/5/5801.mp4
13162,cook,val,aslu,MISSING,,,,,,,,,,File không tồn tại,https://www.youtube.com/watch?v=DPOkRwo1a6A
67527,cook,train,asllex,MISSING,,,,,,,,,,File không tồn tại,https://youtu.be/lvwn7OAGJWk
13164,cook,train,aslu,MISSING,,,,,,,,,,File không tồn tại,https://www.youtube.com/watch?v=UCVlTV4FF9g
13165,cook,train,aslu,MISSING,,,,,,,,,,File không tồn tại,https://www.youtube.com/watch?v=Xy0FCuz1KHw
13166,cook,train,aslpro,MISSING,,,,,,,,,,File không tồn tại,http://www.aslpro.com/main/c/cook.swf
13167,cook,train,aslsearch,MISSING,,,,,,,,,,File không tồn tại,http://www.aslsearch.com/signs/videos/cook2.mp4
13168,cook,train,aslsearch,MISSING,,,,,,,,,,File không tồn tại,http://www.aslsearch.com/signs/videos/cook.mp4
13155,cook,val,spreadthesign,VALID,320x240,320,240,4:3,25.0,105,4.2,137.79,0.135,OK,https://media.spreadthesign.com/video/mp4/13/74942.mp4
13156,cook,train,startasl,VALID,736x414,736,414,16:9,29.97,100,3.337,375.19,0.366,OK,https://s3-us-west-1.amazonaws.com/files.startasl.com/asldictionary/cook.mp4
13157,cook,train,signschool,VALID,1920x1080,1920,1080,16:9,29.97,46,1.535,502.58,0.491,OK,https://signstock.blob.core.windows.net/signschool/videos/db_uploads/SignSchool%20Cook-OnJxNwHhkIs.mp4
15031,decide,test,asl5200,VALID,480x320,480,320,3:2,25.0,60,2.4,55.31,0.054,OK,https://www.youtube.com/watch?v=ChIupJBcxjs
70119,decide,test,northtexas,MISSING,,,,,,,,,,File không tồn tại,https://www.youtube.com/watch?v=lvqGMGFmuV4
15034,decide,train,signschool,VALID,1920x1080,1920,1080,16:9,23.98,29,1.209,390.61,0.381,OK,https://signstock.blob.core.windows.net/signschool/videos/db_uploads/SignSchool%20Decide%2C%20Definitely-a6H-G5Vhz6w.mp4
15035,decide,train,asldeafined,VALID,640x480,640,480,4:3,30.0,76,2.533,541.36,0.529,OK,https://media.asldeafined.com/vocabulary/1466909021.4675.mp4
15036,decide,train,handspeak,MISSING,,,,,,,,,,File không tồn tại,https://www.handspeak.com/word/d/decide.mp4
15037,decide,val,signingsavvy,MISSING,,,,,,,,,,File không tồn tại,https://www.signingsavvy.com/signs/mp4/23/23917.mp4
15038,decide,train,signingsavvy,MISSING,,,,,,,,,,File không tồn tại,https://www.signingsavvy.com/signs/mp4/9/9203.mp4
15039,decide,train,aslu,MISSING,,,,,,,,,,File không tồn tại,https://www.youtube.com/watch?v=hIj1mcPpVC4
15040,decide,val,aslu,MISSING,,,,,,,,,,File không tồn tại,https://www.youtube.com/watch?v=hIj1mcPpVC4
65449,decide,train,aslsignbank,VALID,656x370,656,370,16:9,23.98,54,2.252,241.44,0.236,OK,https://aslsignbank.haskins.yale.edu/dictionary/protected_media/glossvideo/ASL/DE/DECIDE-1226.mp4
65450,decide,train,aslsignbank,VALID,656x370,656,370,16:9,23.98,60,2.502,248.92,0.243,OK,https://aslsignbank.haskins.yale.edu/dictionary/protected_media/glossvideo/ASL/DE/DECIDE-2280.mp4
67555,decide,train,asllex,MISSING,,,,,,,,,,File không tồn tại,https://youtu.be/0F7ugTN-VX8
67556,decide,train,asllex,MISSING,,,,,,,,,,File không tồn tại,https://youtu.be/AFkia1eR0_E
15041,decide,train,aslu,MISSING,,,,,,,,,,File không tồn tại,https://www.youtube.com/watch?v=N0969RhLMp0
15042,decide,train,aslpro,MISSING,,,,,,,,,,File không tồn tại,http://www.aslpro.com/main/d/decide.swf
15043,decide,val,aslsearch,MISSING,,,,,,,,,,File không tồn tại,http://www.aslsearch.com/signs/videos/decide.mp4
15032,decide,train,spreadthesign,VALID,320x240,320,240,4:3,29.97,67,2.236,79.67,0.078,OK,https://media.spreadthesign.com/video/mp4/13/399467.mp4
15033,decide,train,startasl,VALID,1280x720,1280,720,16:9,29.97,52,1.735,421.58,0.412,OK,https://s3-us-west-1.amazonaws.com/files.startasl.com/asldictionary/decide.mp4
65792,full,val,aslsignbank,VALID,656x370,656,370,16:9,23.98,42,1.751,83.53,0.082,OK,https://aslsignbank.haskins.yale.edu/dictionary/protected_media/glossvideo/ASL/FU/FULL-139.mp4
70029,full,test,northtexas,MISSING,,,,,,,,,,File không tồn tại,https://www.youtube.com/watch?v=sErq0TJMKEo
23782,full,train,aslsearch,MISSING,,,,,,,,,,File không tồn tại,http://www.aslsearch.com/signs/videos/full.mp4
23771,full,train,asldeafined,VALID,640x480,640,480,4:3,30.0,92,3.067,607.64,0.593,OK,https://media.asldeafined.com/vocabulary/1468514615.3604.mp4
23772,full,train,handspeak,MISSING,,,,,,,,,,File không tồn tại,https://www.handspeak.com/word/f/full-eat.mp4
23773,full,train,handspeak,MISSING,,,,,,,,,,File không tồn tại,https://www.handspeak.com/word/f/full.mp4
23774,full,train,signingsavvy,MISSING,,,,,,,,,,File không tồn tại,https://www.signingsavvy.com/signs/mp4/23/23323.mp4
23775,full,val,signingsavvy,MISSING,,,,,,,,,,File không tồn tại,https://www.signingsavvy.com/signs/mp4/23/23324.mp4
23766,full,train,spreadthesign,VALID,320x240,320,240,4:3,29.97,76,2.536,65.22,0.064,OK,https://media.spreadthesign.com/video/mp4/13/486573.mp4
23776,full,val,signingsavvy,MISSING,,,,,,,,,,File không tồn tại,https://www.signingsavvy.com/signs/mp4/7/7838.mp4
23777,full,train,aslu,MISSING,,,,,,,,,,File không tồn tại,https://www.youtube.com/watch?v=BOBKWrkwqUI
67697,full,train,asllex,MISSING,,,,,,,,,,File không tồn tại,https://youtu.be/vMLkIHIe_fA
23778,full,val,aslu,MISSING,,,,,,,,,,File không tồn tại,https://www.youtube.com/watch?v=OUY3FFvAjJ0
23779,full,train,aslu,MISSING,,,,,,,,,,File không tồn tại,https://www.youtube.com/watch?v=U8mXqYD9S4Q
23780,full,train,aslpro,MISSING,,,,,,,,,,File không tồn tại,http://www.aslpro.com/main/f/full.swf
23767,full,test,startasl,VALID,1280x720,1280,720,16:9,29.97,94,3.136,672.34,0.657,OK,https://s3-us-west-1.amazonaws.com/files.startasl.com/asldictionary/full.mp4
23768,full,train,signschool,VALID,1920x1080,1920,1080,16:9,23.98,26,1.084,349.3,0.341,OK,https://signstock.blob.core.windows.net/signschool/videos/db_uploads/SignSchool%20Full-0j0Nsjb8e-s.mp4
23769,full,train,signschool,VALID,854x480,854,480,16:9,29.97,101,3.37,345.81,0.338,OK,https://signstock.blob.core.windows.net/signschool/videos/db_uploads/SignSchool%20Full-K3DhCup57Cs.mp4
28187,how,test,asl5200,VALID,480x320,480,320,3:2,25.0,37,1.48,44.08,0.043,OK,https://www.youtube.com/watch?v=SiBub8VD5wo
69370,how,test,aslbrick,VALID,1280x720,1280,720,16:9,29.97,90,3.003,3646.4,3.561,OK,http://aslbricks.org/New/ASL-Videos/how.mp4
70295,how,train,northtexas,VALID,626x360,626,360,16:9,29.97,94,3.136,127.15,0.124,OK,https://www.youtube.com/watch?v=CSj7IScvZnE
68954,how,val,lillybauer,MISSING,,,,,,,,,,File không tồn tại,https://www.youtube.com/watch?v=uVXtydfzLIo
28205,how,train,asldeafined,VALID,640x480,640,480,4:3,30.0,66,2.2,464.16,0.453,OK,https://media.asldeafined.com/vocabulary/1468638815.8605.mp4
28206,how,val,handspeak,MISSING,,,,,,,,,,File không tồn tại,https://www.handspeak.com/word/h/how-1913.mp4
28207,how,train,handspeak,MISSING,,,,,,,,,,File không tồn tại,https://www.handspeak.com/word/h/how2.mp4
28208,how,train,handspeak,MISSING,,,,,,,,,,File không tồn tại,https://www.handspeak.com/word/h/how.mp4
28210,how,train,signingsavvy,MISSING,,,,,,,,,,File không tồn tại,https://www.signingsavvy.com/signs/mp4/5/5874.mp4
28201,how,test,spreadthesign,VALID,320x240,320,240,4:3,25.0,72,2.88,67.72,0.066,OK,https://media.spreadthesign.com/video/mp4/13/456602.mp4
67776,how,train,asllex,MISSING,,,,,,,,,,File không tồn tại,https://youtu.be/X9k65VXITzY
28211,how,train,signingsavvy,MISSING,,,,,,,,,,File không tồn tại,https://www.signingsavvy.com/signs/mp4/5/5875.mp4
28212,how,train,aslu,MISSING,,,,,,,,,,File không tồn tại,https://www.youtube.com/watch?v=awmySeWaTkk
28213,how,train,aslpro,MISSING,,,,,,,,,,File không tồn tại,http://www.aslpro.com/main/h/how.swf
28214,how,train,aslsearch,MISSING,,,,,,,,,,File không tồn tại,http://www.aslsearch.com/signs/videos/how.mp4
28202,how,train,startasl,VALID,736x414,736,414,16:9,29.97,79,2.636,288.41,0.282,OK,https://s3-us-west-1.amazonaws.com/files.startasl.com/asldictionary/how2.mp4
28203,how,val,startasl,VALID,736x414,736,414,16:9,29.97,81,2.703,288.26,0.282,OK,https://s3-us-west-1.amazonaws.com/files.startasl.com/asldictionary/how.mp4
28204,how,train,signschool,VALID,1920x1080,1920,1080,16:9,29.97,92,3.07,950.91,0.929,OK,https://signstock.blob.core.windows.net/signschool/videos/db_uploads/SignSchool%20How-4-FrL86gJFo.mp4
30830,jacket,test,asl5200,MISSING,,,,,,,,,,File không tồn tại,https://www.youtube.com/watch?v=8kWVajLqBL4
68320,jacket,test,lillybauer,MISSING,,,,,,,,,,File không tồn tại,https://www.youtube.com/watch?v=9YdNdSUawfc
68079,jacket,train,valencia-asl,MISSING,,,,,,,,,,File không tồn tại,https://www.youtube.com/watch?v=lMSfIEHvClM
30847,jacket,train,aslpro,MISSING,,,,,,,,,,File không tồn tại,http://www.aslpro.com//main/j/jacket_smoking.swf
30848,jacket,train,aslpro,MISSING,,,,,,,,,,File không tồn tại,http://www.aslpro.com/main/j/jacket.swf
30849,jacket,val,aslsearch,MISSING,,,,,,,,,,File không tồn tại,http://www.aslsearch.com/signs/videos/jacket.mp4
30831,jacket,train,spreadthesign,VALID,320x240,320,240,4:3,25.0,67,2.68,72.14,0.07,OK,https://media.spreadthesign.com/video/mp4/13/458051.mp4
30832,jacket,train,startasl,VALID,1280x720,1280,720,16:9,29.97,89,2.97,637.24,0.622,OK,https://s3-us-west-1.amazonaws.com/files.startasl.com/asldictionary/jacket.mp4
30833,jacket,val,signschool,VALID,1920x1080,1920,1080,16:9,23.98,36,1.501,483.3,0.472,OK,https://signstock.blob.core.windows.net/signschool/videos/db_uploads/SignSchool%20Coat%2C%20Jacket%2C%20Put%20Jacket%20Or%20Coat%20On-GiSk_5R3-1I.mp4
30834,jacket,train,signschool,VALID,1920x1080,1920,1080,16:9,23.98,46,1.918,704.77,0.688,OK,https://signstock.blob.core.windows.net/signschool/videos/db_uploads/SignSchool%20Jacket%2C%20Coat-S0s-qh1GpmE.mp4
30835,jacket,train,asldeafined,VALID,640x480,640,480,4:3,30.0,67,2.233,476.96,0.466,OK,https://media.asldeafined.com/vocabulary/1468668730.7199.mp4
30837,jacket,train,handspeak,MISSING,,,,,,,,,,File không tồn tại,https://www.handspeak.com/word/j/jacket.mp4
30838,jacket,train,handspeak,MISSING,,,,,,,,,,File không tồn tại,https://www.handspeak.com/word/j/jacket-thin.mp4
67802,jacket,train,asllex,MISSING,,,,,,,,,,File không tồn tại,https://youtu.be/rSdZfzJZZh8
30840,jacket,train,signingsavvy,MISSING,,,,,,,,,,File không tồn tại,https://www.signingsavvy.com/signs/mp4/22/22145.mp4
30841,jacket,val,nabboud,MISSING,,,,,,,,,,File không tồn tại,https://www.youtube.com/watch?v=5E38gLsXn3E
30842,jacket,train,nabboud,MISSING,,,,,,,,,,File không tồn tại,https://www.youtube.com/watch?v=dqRCKjpXV4Q
30843,jacket,train,aslu,MISSING,,,,,,,,,,File không tồn tại,https://www.youtube.com/watch?v=RhHvcp1K0-g
66038,letter,train,aslsignbank,VALID,656x370,656,370,16:9,23.98,59,2.46,307.1,0.3,OK,https://aslsignbank.haskins.yale.edu/dictionary/protected_media/glossvideo/ASL/LE/LETTER-642.mp4
68636,letter,test,lillybauer,MISSING,,,,,,,,,,File không tồn tại,https://www.youtube.com/watch?v=Kw9nFq7HD4Y
70325,letter,test,northtexas,VALID,626x360,626,360,16:9,29.97,105,3.504,108.34,0.106,OK,https://www.youtube.com/watch?v=pc0-gVEETVg
68089,letter,val,valencia-asl,MISSING,,,,,,,,,,File không tồn tại,https://www.youtube.com/watch?v=XYWN81jAkgY
32948,letter,val,signschool,VALID,1920x1080,1920,1080,16:9,23.98,33,1.376,505.9,0.494,OK,https://signstock.blob.core.windows.net/signschool/videos/db_uploads/SignSchool%20Stamp-8KA4BvqtdOg.mp4
32949,letter,train,asldeafined,VALID,640x480,640,480,4:3,30.0,97,3.233,681.5,0.666,OK,https://media.asldeafined.com/vocabulary/1468711203.8119.mp4
32950,letter,test,asldeafined,VALID,640x480,640,480,4:3,30.0,93,3.1,516.15,0.504,OK,https://media.asldeafined.com/vocabulary/1553868352.971.mp4
32951,letter,train,handspeak,MISSING,,,,,,,,,,File không tồn tại,https://www.handspeak.com/word/l/letter.mp4
32953,letter,train,signingsavvy,MISSING,,,,,,,,,,File không tồn tại,https://www.signingsavvy.com/signs/mp4/6/6847.mp4
32954,letter,train,signingsavvy,MISSING,,,,,,,,,,File không tồn tại,https://www.signingsavvy.com/signs/mp4/6/6848.mp4
32945,letter,train,spreadthesign,VALID,320x240,320,240,4:3,25.0,67,2.68,63.92,0.062,OK,https://media.spreadthesign.com/video/mp4/13/457528.mp4
67840,letter,train,asllex,MISSING,,,,,,,,,,File không tồn tại,https://youtu.be/cIC4tYLHaME
32955,letter,train,signingsavvy,MISSING,,,,,,,,,,File không tồn tại,https://www.signingsavvy.com/signs/mp4/6/6850.mp4
32956,letter,val,aslu,MISSING,,,,,,,,,,File không tồn tại,https://www.youtube.com/watch?v=fLkoJvqUUi8
32957,letter,train,aslpro,MISSING,,,,,,,,,,File không tồn tại,http://www.aslpro.com/main/l/letter.swf
32959,letter,train,aslsearch,MISSING,,,,,,,,,,File không tồn tại,http://www.aslsearch.com/signs/videos/letter.mp4
32946,letter,train,spreadthesign,VALID,320x240,320,240,4:3,25.0,82,3.28,78.9,0.077,OK,https://media.spreadthesign.com/video/mp4/13/457529.mp4
32947,letter,train,signschool,VALID,1920x1080,1920,1080,16:9,23.98,30,1.251,446.99,0.437,OK,https://signstock.blob.core.windows.net/signschool/videos/db_uploads/SignSchool%20Letter%20copy-aho9YprKA0M.mp4
66111,medicine,test,aslsignbank,VALID,656x370,656,370,16:9,23.98,72,3.003,133.85,0.131,OK,https://aslsignbank.haskins.yale.edu/dictionary/protected_media/glossvideo/ASL/ME/MEDICINE-1621.mp4
68810,medicine,test,lillybauer,MISSING,,,,,,,,,,File không tồn tại,https://www.youtube.com/watch?v=pupBwmtznhI
35454,medicine,train,signschool,VALID,640x360,640,360,16:9,29.97,104,3.47,163.58,0.16,OK,https://signstock.blob.core.windows.net/signschool/videos/SignSchool%20Medicine.mp4
35455,medicine,train,asldeafined,VALID,640x480,640,480,4:3,30.0,121,4.033,847.03,0.827,OK,https://media.asldeafined.com/vocabulary/1468714638.9395.mp4
35456,medicine,train,asldeafined,VALID,640x480,640,480,4:3,30.0,118,3.933,609.74,0.595,OK,https://media.asldeafined.com/vocabulary/1546574540.142.mp4
35457,medicine,val,handspeak,MISSING,,,,,,,,,,File không tồn tại,https://www.handspeak.com/word/m/medicine.mp4
35458,medicine,train,signingsavvy,MISSING,,,,,,,,,,File không tồn tại,https://www.signingsavvy.com/signs/mp4/6/6826.mp4
35460,medicine,train,aslu,MISSING,,,,,,,,,,File không tồn tại,https://www.youtube.com/watch?v=88xSMjuFPHA
35461,medicine,val,aslu,MISSING,,,,,,,,,,File không tồn tại,https://www.youtube.com/watch?v=R62C5PdSB1o
35452,medicine,train,spreadthesign,VALID,320x240,320,240,4:3,25.0,106,4.24,88.0,0.086,OK,https://media.spreadthesign.com/video/mp4/13/157839.mp4
67890,medicine,train,asllex,MISSING,,,,,,,,,,File không tồn tại,https://youtu.be/AUEQVbV588c
35462,medicine,train,nabboud,MISSING,,,,,,,,,,File không tồn tại,https://www.youtube.com/watch?v=rdtLwk9PeEU
35463,medicine,train,nabboud,MISSING,,,,,,,,,,File không tồn tại,https://www.youtube.com/watch?v=vAVSxCCr9jk
35464,medicine,train,aslpro,MISSING,,,,,,,,,,File không tồn tại,http://www.aslpro.com/main/l/liquid_medicine.swf
35465,medicine,train,aslpro,MISSING,,,,,,,,,,File không tồn tại,http://www.aslpro.com/main/m/medicine.swf
35466,medicine,val,aslpro,MISSING,,,,,,,,,,File không tồn tại,http://www.aslpro.com/main/m/medicine_taking.swf
35467,medicine,train,aslsearch,MISSING,,,,,,,,,,File không tồn tại,http://www.aslsearch.com/signs/videos/medical.mp4
35453,medicine,train,startasl,VALID,1280x720,1280,720,16:9,29.97,88,2.936,636.08,0.621,OK,https://s3-us-west-1.amazonaws.com/files.startasl.com/asldictionary/medicine.mp4
37879,need,test,asl5200,VALID,480x320,480,320,3:2,25.0,40,1.6,32.04,0.031,OK,https://www.youtube.com/watch?v=1_jXxjd0lKE
70237,need,test,northtexas,VALID,626x360,626,360,16:9,29.97,118,3.937,178.35,0.174,OK,https://www.youtube.com/watch?v=4Nh1iFv2BMc
68544,need,train,lillybauer,MISSING,,,,,,,,,,File không tồn tại,https://www.youtube.com/watch?v=ieLzL1Sl6SU
37885,need,train,handspeak,MISSING,,,,,,,,,,File không tồn tại,https://www.handspeak.com/word/n/need.mp4
37886,need,train,signingsavvy,MISSING,,,,,,,,,,File không tồn tại,https://www.signingsavvy.com/signs/mp4/9/9563.mp4
37887,need,val,aslu,MISSING,,,,,,,,,,File không tồn tại,https://www.youtube.com/watch?v=Eo-vEE1gFxM
37888,need,train,aslu,MISSING,,,,,,,,,,File không tồn tại,https://www.youtube.com/watch?v=Eo-vEE1gFxM
37889,need,train,aslu,MISSING,,,,,,,,,,File không tồn tại,https://www.youtube.com/watch?v=kgmz82HWI-I
37890,need,val,aslu,MISSING,,,,,,,,,,File không tồn tại,https://www.youtube.com/watch?v=n5hGwUxGm0Y
37881,need,train,spreadthesign,VALID,320x240,320,240,4:3,25.0,103,4.12,99.26,0.097,OK,https://media.spreadthesign.com/video/mp4/13/63549.mp4
67925,need,train,asllex,MISSING,,,,,,,,,,File không tồn tại,https://youtu.be/JPvbOOrG-gU
37891,need,train,aslu,MISSING,,,,,,,,,,File không tồn tại,https://www.youtube.com/watch?v=RoY7cjIPNxY
37892,need,train,nabboud,MISSING,,,,,,,,,,File không tồn tại,https://www.youtube.com/watch?v=rul1iWBt3Jg
37893,need,train,aslpro,MISSING,,,,,,,,,,File không tồn tại,http://www.aslpro.com/main/n/need.swf
37894,need,train,aslsearch,MISSING,,,,,,,,,,File không tồn tại,http://www.aslsearch.com/signs/videos/shall.mp4
37882,need,val,startasl,VALID,736x414,736,414,16:9,29.97,81,2.703,298.84,0.292,OK,https://s3-us-west-1.amazonaws.com/files.startasl.com/asldictionary/need.mp4
37883,need,train,signschool,VALID,1920x1080,1920,1080,16:9,23.98,56,2.335,931.11,0.909,OK,https://signstock.blob.core.windows.net/signschool/videos/db_uploads/SignSchool%20Need-0qij0e7-5Ak.mp4
37884,need,train,asldeafined,VALID,640x480,640,480,4:3,30.0,95,3.167,661.3,0.646,OK,https://media.asldeafined.com/vocabulary/1468718141.8252.mp4
40816,paint,test,asl5200,MISSING,,,,,,,,,,File không tồn tại,https://www.youtube.com/watch?v=zHd4YEFzpwE
68364,paint,test,lillybauer,MISSING,,,,,,,,,,File không tồn tại,https://www.youtube.com/watch?v=bzeoojCEbX0
68125,paint,train,valencia-asl,MISSING,,,,,,,,,,File không tồn tại,https://www.youtube.com/watch?v=VPeBrHewtSY
40838,paint,train,handspeak,MISSING,,,,,,,,,,File không tồn tại,https://www.handspeak.com/word/p/paint-art.mp4
40839,paint,train,handspeak,MISSING,,,,,,,,,,File không tồn tại,https://www.handspeak.com/word/p/paint-wall.mp4
40840,paint,val,signingsavvy,MISSING,,,,,,,,,,File không tồn tại,https://www.signingsavvy.com/signs/mp4/14/14823.mp4
40841,paint,train,signingsavvy,MISSING,,,,,,,,,,File không tồn tại,https://www.signingsavvy.com/signs/mp4/14/14824.mp4
40842,paint,train,aslu,MISSING,,,,,,,,,,File không tồn tại,https://www.youtube.com/watch?v=9V_pXf6tP_U
40843,paint,val,aslu,MISSING,,,,,,,,,,File không tồn tại,https://www.youtube.com/watch?v=iZ713O5fNos
40834,paint,train,signschool,VALID,1920x1080,1920,1080,16:9,23.98,34,1.418,488.26,0.477,OK,https://signstock.blob.core.windows.net/signschool/videos/db_uploads/SignSchool%20Paint%202-na0od_u1s8k.mp4
67958,paint,train,asllex,MISSING,,,,,,,,,,File không tồn tại,https://youtu.be/2x5hblbX1Ho
40844,paint,train,nabboud,MISSING,,,,,,,,,,File không tồn tại,https://www.youtube.com/watch?v=NGNoEmYEpCQ
40845,paint,train,aslu,VALID,1920x1080,1920,1080,16:9,29.97,72,2.402,412.07,0.402,OK,https://www.youtube.com/watch?v=WXDexpGu-zU
40846,paint,train,aslpro,MISSING,,,,,,,,,,File không tồn tại,http://www.aslpro.com/main/p/paint.swf
40847,paint,train,aslsearch,MISSING,,,,,,,,,,File không tồn tại,http://www.aslsearch.com/signs/videos/paint.mp4
40835,paint,val,signschool,VALID,1920x1080,1920,1080,16:9,23.98,31,1.293,396.44,0.387,OK,https://signstock.blob.core.windows.net/signschool/videos/db_uploads/SignSchool%20Paint-e962KC5Cm5w.mp4
40836,paint,train,signschool,VALID,1920x1080,1920,1080,16:9,23.98,31,1.293,401.48,0.392,OK,https://signstock.blob.core.windows.net/signschool/videos/db_uploads/SignSchool%20Paint-qTA0nc4WYOc.mp4
40837,paint,train,asldeafined,VALID,640x480,640,480,4:3,30.0,93,3.1,691.66,0.675,OK,https://media.asldeafined.com/vocabulary/1468723124.3329.mp4
41008,paper,test,asl5200,MISSING,,,,,,,,,,File không tồn tại,https://www.youtube.com/watch?v=zHd4YEFzpwE
68446,paper,test,lillybauer,MISSING,,,,,,,,,,File không tồn tại,https://www.youtube.com/watch?v=f85vUmJJP8I
70211,paper,train,northtexas,MISSING,,,,,,,,,,File không tồn tại,https://www.youtube.com/watch?v=hjS0dQDgbjo
68127,paper,train,valencia-asl,MISSING,,,,,,,,,,File không tồn tại,https://www.youtube.com/watch?v=LXLQyvK23hc
41030,paper,train,asldeafined,VALID,640x480,640,480,4:3,30.0,63,2.1,398.06,0.389,OK,https://media.asldeafined.com/vocabulary/1522767936.333.mp4
41031,paper,val,handspeak,MISSING,,,,,,,,,,File không tồn tại,https://www.handspeak.com/word/p/paper.mp4
41032,paper,train,signingsavvy,MISSING,,,,,,,,,,File không tồn tại,https://www.signingsavvy.com/signs/mp4/5/5899.mp4
41033,paper,train,aslu,MISSING,,,,,,,,,,File không tồn tại,https://www.youtube.com/watch?v=zNSQm23fGzI
41034,paper,val,aslu,MISSING,,,,,,,,,,File không tồn tại,https://www.youtube.com/watch?v=zNSQm23fGzI
41025,paper,train,spreadthesign,VALID,320x240,320,240,4:3,29.97,77,2.569,157.18,0.153,OK,https://media.spreadthesign.com/video/mp4/13/49171.mp4
67961,paper,train,asllex,MISSING,,,,,,,,,,File không tồn tại,https://youtu.be/f_l5OkjlEpw
41035,paper,train,aslu,MISSING,,,,,,,,,,File không tồn tại,https://www.youtube.com/watch?v=ZrdOYM36B9I
41036,paper,train,aslpro,MISSING,,,,,,,,,,File không tồn tại,http://www.aslpro.com/main/p/paper.swf
41037,paper,train,aslsearch,MISSING,,,,,,,,,,File không tồn tại,http://www.aslsearch.com/signs/videos/paper.mp4
41026,paper,train,startasl,VALID,736x414,736,414,16:9,29.97,78,2.603,290.48,0.284,OK,https://s3-us-west-1.amazonaws.com/files.startasl.com/asldictionary/paper.mp4
41027,paper,val,signschool,VALID,1920x1080,1920,1080,16:9,23.98,32,1.334,443.26,0.433,OK,https://signstock.blob.core.windows.net/signschool/videos/db_uploads/SignSchool%20Paper%202-wnfSW4-iXHY.mp4
41028,paper,train,signschool,VALID,1280x720,1280,720,16:9,23.98,37,1.543,246.92,0.241,OK,https://signstock.blob.core.windows.net/signschool/videos/SignSchool%20Paper.mp4
41029,paper,train,asldeafined,VALID,640x480,640,480,4:3,30.0,84,2.8,617.29,0.603,OK,https://media.asldeafined.com/vocabulary/1468723544.417.mp4
45252,pull,test,asl5200,MISSING,,,,,,,,,,File không tồn tại,https://www.youtube.com/watch?v=zHd4YEFzpwE
69439,pull,test,aslbrick,VALID,1280x720,1280,720,16:9,29.97,119,3.971,4908.1,4.793,OK,http://aslbricks.org/New/ASL-Videos/pull.mp4
70378,pull,train,northtexas,MISSING,,,,,,,,,,File không tồn tại,https://www.youtube.com/watch?v=Z25ng9maolE
45265,pull,train,asldeafined,VALID,640x480,640,480,4:3,30.0,85,2.833,627.49,0.613,OK,https://media.asldeafined.com/vocabulary/1468757283.4828.mp4
45266,pull,train,handspeak,MISSING,,,,,,,,,,File không tồn tại,https://www.handspeak.com/word/p/pull.mp4
45267,pull,val,signingsavvy,MISSING,,,,,,,,,,File không tồn tại,https://www.signingsavvy.com/signs/mp4/22/22921.mp4
45268,pull,train,aslu,MISSING,,,,,,,,,,File không tồn tại,https://www.youtube.com/watch?v=i5qAkbXqz9Y
45269,pull,train,aslu,MISSING,,,,,,,,,,File không tồn tại,https://www.youtube.com/watch?v=kO_5FgRTVCs
45270,pull,val,nabboud,MISSING,,,,,,,,,,File không tồn tại,https://www.youtube.com/watch?v=v_raVhhnAIE
66351,pull,train,aslsignbank,VALID,656x370,656,370,16:9,23.98,52,2.168,160.06,0.156,OK,https://aslsignbank.haskins.yale.edu/dictionary/protected_media/glossvideo/ASL/PU/PULL-229.mp4
45261,pull,train,spreadthesign,VALID,320x240,320,240,4:3,50.0,131,2.62,102.09,0.1,OK,https://media.spreadthesign.com/video/mp4/13/306777.mp4
67111,pull,train,asllex,MISSING,,,,,,,,,,File không tồn tại,https://youtu.be/nsRQOdkyTP8
45271,pull,train,aslu,MISSING,,,,,,,,,,File không tồn tại,https://www.youtube.com/watch?v=zfNH9EdhgNo
45272,pull,train,aslpro,MISSING,,,,,,,,,,File không tồn tại,http://www.aslpro.com/main/p/pull.swf
45273,pull,train,aslsearch,MISSING,,,,,,,,,,File không tồn tại,http://www.aslsearch.com/signs/videos/pull.mp4
45262,pull,val,signschool,VALID,1920x1080,1920,1080,16:9,23.98,47,1.96,673.7,0.658,OK,https://signstock.blob.core.windows.net/signschool/videos/db_uploads/SignSchool%20Pull2-3gtcnXxKZHs.mp4
45263,pull,train,signschool,VALID,1920x1080,1920,1080,16:9,23.98,33,1.376,426.72,0.417,OK,https://signstock.blob.core.windows.net/signschool/videos/db_uploads/SignSchool%20Pull-78bHeANdyYc.mp4
45264,pull,train,signschool,VALID,1920x1080,1920,1080,16:9,23.98,40,1.668,585.37,0.572,OK,https://signstock.blob.core.windows.net/signschool/videos/db_uploads/SignSchool%20Pull-N_bMKvAGxjs.mp4
45432,purple,test,asl5200,MISSING,,,,,,,,,,File không tồn tại,https://www.youtube.com/watch?v=zHd4YEFzpwE
69440,purple,test,aslbrick,VALID,1280x720,1280,720,16:9,29.97,60,2.002,2427.89,2.371,OK,http://aslbricks.org/New/ASL-Videos/purple.mp4
68137,purple,train,valencia-asl,MISSING,,,,,,,,,,File không tồn tại,https://www.youtube.com/watch?v=ESK6NAvvsKg
68726,purple,train,lillybauer,MISSING,,,,,,,,,,File không tồn tại,https://www.youtube.com/watch?v=nBhhhS7HXIo
70247,purple,train,northtexas,VALID,626x360,626,360,16:9,29.97,101,3.37,149.23,0.146,OK,https://www.youtube.com/watch?v=WprUBqi3iBc
45438,purple,val,signingsavvy,MISSING,,,,,,,,,,File không tồn tại,https://www.signingsavvy.com/signs/mp4/6/6858.mp4
45439,purple,train,scott,MISSING,,,,,,,,,,File không tồn tại,https://www.youtube.com/watch?v=lKzYzA2JZaI
45440,purple,train,aslu,MISSING,,,,,,,,,,File không tồn tại,https://www.youtube.com/watch?v=zgdzYtHB6jg
45441,purple,val,nabboud,MISSING,,,,,,,,,,File không tồn tại,https://www.youtube.com/watch?v=zW5FrLEDRiM
66355,purple,train,aslsignbank,VALID,656x370,656,370,16:9,23.98,63,2.627,150.58,0.147,OK,https://aslsignbank.haskins.yale.edu/dictionary/protected_media/glossvideo/ASL/PU/PURPLE-989.mp4
67114,purple,train,asllex,MISSING,,,,,,,,,,File không tồn tại,https://youtu.be/54csIWbS-Gc
45442,purple,train,aslpro,MISSING,,,,,,,,,,File không tồn tại,http://www.aslpro.com/main/p/purple.swf
45443,purple,train,aslsearch,MISSING,,,,,,,,,,File không tồn tại,http://www.aslsearch.com/signs/videos/purple.mp4
45433,purple,train,spreadthesign,VALID,320x240,320,240,4:3,29.97,92,3.07,201.89,0.197,OK,https://media.spreadthesign.com/video/mp4/13/49224.mp4
45434,purple,train,startasl,VALID,736x414,736,414,16:9,29.97,77,2.569,293.3,0.286,OK,https://s3-us-west-1.amazonaws.com/files.startasl.com/asldictionary/purple.mp4
45435,purple,val,signschool,VALID,1280x720,1280,720,16:9,23.98,53,2.21,378.19,0.369,OK,https://signstock.blob.core.windows.net/signschool/videos/SignSchool%20Purple.mp4
45436,purple,train,asldeafined,VALID,640x480,640,480,4:3,30.0,92,3.067,665.98,0.65,OK,https://media.asldeafined.com/vocabulary/1468757349.9136.mp4
45437,purple,train,handspeak,MISSING,,,,,,,,,,File không tồn tại,https://www.handspeak.com/word/p/purple.mp4
68142,right,train,valencia-asl,MISSING,,,,,,,,,,File không tồn tại,https://www.youtube.com/watch?v=e1RF5h4OgOg
48122,right,train,aslpro,MISSING,,,,,,,,,,File không tồn tại,http://www.aslpro.com/main/r/right_correct.swf
48123,right,val,aslpro,MISSING,,,,,,,,,,File không tồn tại,http://www.aslpro.com/main/r/right_direction.swf
48105,right,train,startasl,VALID,736x414,736,414,16:9,29.97,83,2.769,293.0,0.286,OK,https://s3-us-west-1.amazonaws.com/files.startasl.com/asldictionary/right.mp4
48124,right,val,aslsearch,MISSING,,,,,,,,,,File không tồn tại,http://www.aslsearch.com/signs/videos/correct.mp4
48126,right,test,aslsearch,MISSING,,,,,,,,,,File không tồn tại,http://www.aslsearch.com/signs/videos/right.mp4
48106,right,train,signschool,VALID,1920x1080,1920,1080,16:9,23.98,30,1.251,489.62,0.478,OK,https://signstock.blob.core.windows.net/signschool/videos/db_uploads/SignSchool%20Right%2C%20Correct-XhAAfS8YF4o.mp4
48107,right,train,signschool,VALID,1920x1080,1920,1080,16:9,23.98,34,1.418,623.03,0.608,OK,https://signstock.blob.core.windows.net/signschool/videos/db_uploads/SignSchool%20Right-VC1zsuX_WU4.mp4
48108,right,val,asldeafined,VALID,640x480,640,480,4:3,30.0,68,2.267,471.33,0.46,OK,https://media.asldeafined.com/vocabulary/1466903512.8429.mp4
67143,right,train,asllex,MISSING,,,,,,,,,,File không tồn tại,https://youtu.be/0AbAh8gsQZg
48109,right,train,asldeafined,VALID,640x480,640,480,4:3,30.0,77,2.567,565.05,0.552,OK,https://media.asldeafined.com/vocabulary/1468761005.7507.mp4
48111,right,train,handspeak,MISSING,,,,,,,,,,File không tồn tại,https://www.handspeak.com/word/r/right-correct2.mp4
48112,right,val,handspeak,MISSING,,,,,,,,,,File không tồn tại,https://www.handspeak.com/word/r/right-dir.mp4
67142,right,train,asllex,MISSING,,,,,,,,,,File không tồn tại,https://youtu.be/bmc1BJWo_Pw
48114,right,train,signingsavvy,MISSING,,,,,,,,,,File không tồn tại,https://www.signingsavvy.com/signs/mp4/22/22624.mp4
48115,right,test,signingsavvy,MISSING,,,,,,,,,,File không tồn tại,https://www.signingsavvy.com/signs/mp4/6/6234.mp4
48117,right,train,aslu,MISSING,,,,,,,,,,File không tồn tại,https://www.youtube.com/watch?v=5UnUWDYxfv0
48120,right,train,aslu,MISSING,,,,,,,,,,File không tồn tại,https://www.youtube.com/watch?v=mxX9mVMl8O4
49173,same,test,spreadthesign,VALID,320x240,320,240,4:3,29.97,102,3.403,130.18,0.127,OK,https://media.spreadthesign.com/video/mp4/13/50775.mp4
68856,same,train,lillybauer,MISSING,,,,,,,,,,File không tồn tại,https://www.youtube.com/watch?v=rDAGt54vEsI
49175,same,train,signschool,VALID,1920x1080,1920,1080,16:9,23.98,37,1.543,462.09,0.451,OK,https://signstock.blob.core.windows.net/signschool/videos/db_uploads/SignSchool%20Same%2C%20Similar-u52CAu7ygrY.mp4
49176,same,val,signschool,VALID,1920x1080,1920,1080,16:9,29.97,34,1.134,375.59,0.367,OK,https://signstock.blob.core.windows.net/signschool/videos/db_uploads/SignSchool%20Same-DeqpnWES_bs.mp4
49178,same,train,asldeafined,VALID,640x480,640,480,4:3,30.0,87,2.9,617.24,0.603,OK,https://media.asldeafined.com/vocabulary/1468762687.6352.mp4
49179,same,test,handspeak,MISSING,,,,,,,,,,File không tồn tại,https://www.handspeak.com/word/s/same-also.mp4
49180,same,test,handspeak,MISSING,,,,,,,,,,File không tồn tại,https://www.handspeak.com/word/s/same-as.mp4
49181,same,train,signingsavvy,MISSING,,,,,,,,,,File không tồn tại,https://www.signingsavvy.com/signs/mp4/14/14298.mp4
49182,same,val,signingsavvy,MISSING,,,,,,,,,,File không tồn tại,https://www.signingsavvy.com/signs/mp4/8/8807.mp4
67159,same,train,asllex,MISSING,,,,,,,,,,File không tồn tại,https://youtu.be/BZxoTuwBHvA
67161,same,train,asllex,MISSING,,,,,,,,,,File không tồn tại,https://youtu.be/sR_PzooQLx4
49183,same,train,signingsavvy,MISSING,,,,,,,,,,File không tồn tại,https://www.signingsavvy.com/signs/mp4/8/8808.mp4
49184,same,train,aslu,MISSING,,,,,,,,,,File không tồn tại,https://www.youtube.com/watch?v=cnX45VWbjmc
49185,same,train,aslu,MISSING,,,,,,,,,,File không tồn tại,https://www.youtube.com/watch?v=o1NMZAc7vO4
49186,same,train,aslu,MISSING,,,,,,,,,,File không tồn tại,https://www.youtube.com/watch?v=OwtSP1QozuE
49187,same,val,aslpro,MISSING,,,,,,,,,,File không tồn tại,http://www.aslpro.com/main/s/same.swf
49188,same,train,aslsearch,MISSING,,,,,,,,,,File không tồn tại,http://www.aslsearch.com/signs/videos/same.mp4
49174,same,train,signschool,VALID,1920x1080,1920,1080,16:9,29.97,36,1.201,482.51,0.471,OK,https://signstock.blob.core.windows.net/signschool/videos/db_uploads/SignSchool%20Same%202-YS_M2kWlN4E.mp4
53258,son,test,asl5200,VALID,480x320,480,320,3:2,25.0,50,2.0,60.9,0.059,OK,https://www.youtube.com/watch?v=XB3Q6IX6CBo
68336,son,test,lillybauer,MISSING,,,,,,,,,,File không tồn tại,https://www.youtube.com/watch?v=Aq6l7fEWRVM
70335,son,train,northtexas,VALID,626x360,626,360,16:9,29.97,121,4.037,122.01,0.119,OK,https://www.youtube.com/watch?v=bq-HmgjGzmw
53272,son,train,handspeak,MISSING,,,,,,,,,,File không tồn tại,https://www.handspeak.com/word/s/son.mp4
53273,son,train,signingsavvy,MISSING,,,,,,,,,,File không tồn tại,https://www.signingsavvy.com/signs/mp4/6/6483.mp4
53274,son,val,signingsavvy,MISSING,,,,,,,,,,File không tồn tại,https://www.signingsavvy.com/signs/mp4/8/8467.mp4
53275,son,train,signingsavvy,MISSING,,,,,,,,,,File không tồn tại,https://www.signingsavvy.com/signs/mp4/8/8468.mp4
53276,son,train,aslu,MISSING,,,,,,,,,,File không tồn tại,https://www.youtube.com/watch?v=IRIy8xUFfHk
53277,son,val,aslu,MISSING,,,,,,,,,,File không tồn tại,https://www.youtube.com/watch?v=JtgGFe8HIFQ
66531,son,train,aslsignbank,VALID,656x370,656,370,16:9,23.98,65,2.711,174.5,0.17,OK,https://aslsignbank.haskins.yale.edu/dictionary/protected_media/glossvideo/ASL/SO/SON-1095.mp4
66532,son,train,aslsignbank,VALID,656x370,656,370,16:9,23.98,59,2.46,185.19,0.181,OK,https://aslsignbank.haskins.yale.edu/dictionary/protected_media/glossvideo/ASL/SO/SON-2294.mp4
53268,son,train,startasl,VALID,1280x720,1280,720,16:9,29.97,75,2.503,541.5,0.529,OK,https://s3-us-west-1.amazonaws.com/files.startasl.com/asldictionary/son.mp4
67227,son,train,asllex,MISSING,,,,,,,,,,File không tồn tại,https://youtu.be/rbEp5hFQljM
53278,son,train,aslpro,MISSING,,,,,,,,,,File không tồn tại,http://www.aslpro.com/main/s/son.swf
53279,son,train,aslsearch,MISSING,,,,,,,,,,File không tồn tại,http://www.aslsearch.com/signs/videos/son.mp4
53269,son,val,signschool,VALID,1920x1080,1920,1080,16:9,29.97,68,2.269,817.55,0.798,OK,https://signstock.blob.core.windows.net/signschool/videos/db_uploads/SignSchool%20Son%20old-cbYUv1Dfe-E.mp4
53270,son,train,signschool,VALID,1920x1080,1920,1080,16:9,29.97,46,1.535,533.59,0.521,OK,https://signstock.blob.core.windows.net/signschool/videos/db_uploads/SignSchool%20Son-xK7RVeNsExY.mp4
53271,son,train,asldeafined,VALID,640x480,640,480,4:3,30.0,86,2.867,660.44,0.645,OK,https://media.asldeafined.com/vocabulary/1468776548.4657.mp4
57273,tell,test,asl5200,VALID,480x320,480,320,3:2,25.0,37,1.48,36.37,0.036,OK,https://www.youtube.com/watch?v=x6CehcknaH8
57278,tell,test,asldeafined,VALID,640x480,640,480,4:3,30.0,77,2.567,577.18,0.564,OK,https://media.asldeafined.com/vocabulary/1468943705.2416.mp4
57279,tell,train,handspeak,MISSING,,,,,,,,,,File không tồn tại,https://www.handspeak.com/word/t/tell-me.mp4
57280,tell,train,handspeak,MISSING,,,,,,,,,,File không tồn tại,https://www.handspeak.com/word/t/tell.mp4
57281,tell,train,handspeak,MISSING,,,,,,,,,,File không tồn tại,https://www.handspeak.com/word/t/tell-them.mp4
57282,tell,val,signingsavvy,MISSING,,,,,,,,,,File không tồn tại,https://www.signingsavvy.com/signs/mp4/14/14398.mp4
57283,tell,train,signingsavvy,MISSING,,,,,,,,,,File không tồn tại,https://www.signingsavvy.com/signs/mp4/6/6412.mp4
57284,tell,train,signingsavvy,MISSING,,,,,,,,,,File không tồn tại,https://www.signingsavvy.com/signs/mp4/7/7823.mp4
57285,tell,val,signingsavvy,MISSING,,,,,,,,,,File không tồn tại,https://www.signingsavvy.com/signs/mp4/9/9494.mp4
57276,tell,train,spreadthesign,VALID,320x240,320,240,4:3,25.0,94,3.76,103.55,0.101,OK,https://media.spreadthesign.com/video/mp4/13/58555.mp4
67287,tell,train,asllex,MISSING,,,,,,,,,,File không tồn tại,https://youtu.be/giIzGcYftow
57286,tell,train,signingsavvy,MISSING,,,,,,,,,,File không tồn tại,https://www.signingsavvy.com/signs/mp4/9/9495.mp4
57287,tell,train,signingsavvy,MISSING,,,,,,,,,,File không tồn tại,https://www.signingsavvy.com/signs/mp4/9/9828.mp4
57288,tell,train,aslu,MISSING,,,,,,,,,,File không tồn tại,https://www.youtube.com/watch?v=SvfopPYaJJU
57289,tell,train,aslu,MISSING,,,,,,,,,,File không tồn tại,https://www.youtube.com/watch?v=Uda6XJH18yw
57290,tell,val,aslpro,MISSING,,,,,,,,,,File không tồn tại,http://www.aslpro.com/main/t/tell.swf
57291,tell,train,aslsearch,MISSING,,,,,,,,,,File không tồn tại,http://www.aslsearch.com/signs/videos/tell.mp4
57277,tell,train,signschool,VALID,1920x1080,1920,1080,16:9,23.98,38,1.585,725.67,0.709,OK,https://signstock.blob.core.windows.net/signschool/videos/db_uploads/SignSchool%20Tell-BJ_V7T3naFY.mp4
58359,thursday,test,asl5200,VALID,480x320,480,320,3:2,25.0,53,2.12,39.88,0.039,OK,https://www.youtube.com/watch?v=x6CehcknaH8
70026,thursday,test,northtexas,MISSING,,,,,,,,,,File không tồn tại,https://www.youtube.com/watch?v=sErq0TJMKEo
58362,thursday,train,signschool,VALID,1920x1080,1920,1080,16:9,29.97,58,1.935,654.82,0.639,OK,https://signstock.blob.core.windows.net/signschool/videos/db_uploads/SignSchool%20Thursday-rvL5KYKyuS8.mp4
58363,thursday,train,asldeafined,VALID,640x480,640,480,4:3,30.0,68,2.267,507.62,0.496,OK,https://media.asldeafined.com/vocabulary/1468945192.6467.mp4
58364,thursday,train,handspeak,MISSING,,,,,,,,,,File không tồn tại,https://www.handspeak.com/word/t/thursday.mp4
58365,thursday,val,signingsavvy,MISSING,,,,,,,,,,File không tồn tại,https://www.signingsavvy.com/signs/mp4/6/6019.mp4
58366,thursday,train,signingsavvy,MISSING,,,,,,,,,,File không tồn tại,https://www.signingsavvy.com/signs/mp4/6/6020.mp4
58367,thursday,train,aslu,MISSING,,,,,,,,,,File không tồn tại,https://www.youtube.com/watch?v=avbqdo5HoQc
58368,thursday,val,aslu,MISSING,,,,,,,,,,File không tồn tại,https://www.youtube.com/watch?v=PJs5VaRTMak
66637,thursday,train,aslsignbank,VALID,656x370,656,370,16:9,23.98,69,2.877,133.37,0.13,OK,https://aslsignbank.haskins.yale.edu/dictionary/protected_media/glossvideo/ASL/TH/THURSDAY-1224.mp4
66638,thursday,train,aslsignbank,VALID,656x370,656,370,16:9,23.98,74,3.086,152.71,0.149,OK,https://aslsignbank.haskins.yale.edu/dictionary/protected_media/glossvideo/ASL/TH/THURSDAY-1228.mp4
66639,thursday,train,aslsignbank,VALID,656x370,656,370,16:9,23.98,61,2.544,127.8,0.125,OK,https://aslsignbank.haskins.yale.edu/dictionary/protected_media/glossvideo/ASL/TH/THURSDAY-1229.mp4
66640,thursday,train,aslsignbank,VALID,656x370,656,370,16:9,23.98,56,2.335,140.32,0.137,OK,https://aslsignbank.haskins.yale.edu/dictionary/protected_media/glossvideo/ASL/TH/THURSDAY-1331.mp4
67306,thursday,train,asllex,MISSING,,,,,,,,,,File không tồn tại,https://youtu.be/3HztBiJlikY
58369,thursday,train,aslpro,MISSING,,,,,,,,,,File không tồn tại,http://www.aslpro.com/main/t/thursday.swf
58370,thursday,val,aslsearch,MISSING,,,,,,,,,,File không tồn tại,http://www.aslsearch.com/signs/videos/thursday.mp4
58360,thursday,train,spreadthesign,VALID,320x240,320,240,4:3,29.97,83,2.769,127.08,0.124,OK,https://media.spreadthesign.com/video/mp4/13/50882.mp4
58361,thursday,train,startasl,VALID,1280x720,1280,720,16:9,29.97,86,2.87,558.26,0.545,OK,https://s3-us-west-1.amazonaws.com/files.startasl.com/asldictionary/thursday.mp4
