video_id,gloss,label,split,fps,frame_start,frame_end,signer_id,source,url,bbox
69241,book,0,train,25,1,-1,118,aslbrick,http://aslbricks.org/New/ASL-Videos/book.mp4,"[385, 37, 885, 720]"
65225,book,0,train,25,1,-1,90,aslsignbank,https://aslsignbank.haskins.yale.edu/dictionary/protected_media/glossvideo/ASL/BO/BOOK-418.mp4,"[190, 25, 489, 370]"
68011,book,0,train,25,1,-1,110,valencia-asl,https://www.youtube.com/watch?v=0UsjUE-TXns,"[262, 1, 652, 480]"
68208,book,0,train,25,1,60,113,lillybauer,https://www.youtube.com/watch?v=1QOYOZ3g-aY,"[123, 19, 516, 358]"
68012,book,0,train,25,1,-1,109,valencia-asl,https://www.youtube.com/watch?v=aGtIHKEdCds,"[95, 0, 1180, 720]"
70212,book,0,val,25,2150,2249,121,northtexas,https://www.youtube.com/watch?v=hjS0dQDgbjo,"[110, 25, 274, 240]"
70266,book,0,train,25,3732,3852,121,northtexas,https://www.youtube.com/watch?v=WGfiiDgrq1I,"[153, 38, 395, 360]"
07085,book,0,train,25,1,-1,49,aslpro,http://www.aslpro.com/main/b/book_english_grammar.swf,"[16, 2, 235, 240]"
07086,book,0,train,25,1,-1,49,aslpro,http://www.aslpro.com/main/b/book_geography.swf,"[16, 4, 239, 240]"
07087,book,0,train,25,1,-1,18,aslpro,http://www.aslpro.com/main/b/book_geometry.swf,"[8, 1, 253, 240]"
07069,book,0,train,25,1,-1,31,signschool,https://signstock.blob.core.windows.net/signschool/videos/SignSchool%20Book.mp4,"[462, 44, 949, 720]"
07088,book,0,train,25,1,-1,18,aslpro,http://www.aslpro.com/main/b/book_history.swf,"[29, 4, 227, 240]"
07089,book,0,train,25,1,-1,18,aslpro,http://www.aslpro.com/main/b/book_law.swf,"[22, 0, 226, 240]"
07090,book,0,train,25,1,-1,18,aslpro,http://www.aslpro.com/main/b/book_literature.swf,"[34, 2, 229, 240]"
07091,book,0,train,25,1,-1,18,aslpro,http://www.aslpro.com/main/b/book_math.swf,"[23, 1, 226, 240]"
07092,book,0,test,25,1,-1,49,aslpro,http://www.aslpro.com/main/b/book_medicine.swf,"[31, 4, 220, 240]"
07093,book,0,test,25,1,-1,18,aslpro,http://www.aslpro.com/main/b/book_music.swf,"[25, 0, 220, 240]"
07068,book,0,train,25,1,-1,36,startasl,https://s3-us-west-1.amazonaws.com/files.startasl.com/asldictionary/book.mp4,"[234, 17, 524, 414]"
07094,book,0,val,25,1,-1,18,aslpro,http://www.aslpro.com/main/b/book_photography.swf,"[22, 2, 231, 240]"
07095,book,0,test,25,1,-1,18,aslpro,http://www.aslpro.com/main/b/book_science.swf,"[3, 2, 260, 240]"
07096,book,0,val,25,1,-1,18,aslpro,http://www.aslpro.com/main/b/book_spelling.swf,"[21, 2, 228, 240]"
07097,book,0,train,25,1,-1,49,aslpro,http://www.aslpro.com/main/b/book.swf,"[26, 3, 226, 240]"
07070,book,0,train,25,1,-1,59,asldeafined,https://media.asldeafined.com/vocabulary/1466684225.687.mp4,"[131, 26, 526, 480]"
07098,book,0,val,25,1,-1,18,aslpro,http://www.aslpro.com/main/b/book_trigonometry.swf,"[21, 3, 231, 240]"
07099,book,0,val,25,1,-1,12,aslsearch,http://www.aslsearch.com/signs/videos/book.mp4,"[162, 54, 528, 400]"
07071,book,0,train,25,1,-1,14,handspeak,https://www.handspeak.com/word/b/book2.mp4,"[70, 0, 268, 240]"
07072,book,0,test,25,1,-1,14,handspeak,https://www.handspeak.com/word/b/book.mp4,"[75, 0, 270, 240]"
07073,book,0,train,25,1,-1,14,handspeak,https://www.handspeak.com/word/b/books-pile.mp4,"[64, 0, 273, 240]"
67424,book,0,train,25,1,-1,109,asllex,https://youtu.be/3-GrhsVs830,"[128, 20, 383, 360]"
07074,book,0,train,25,1,-1,11,signingsavvy,https://www.signingsavvy.com/signs/mp4/14/14326.mp4,"[82, 11, 212, 192]"
07075,book,0,train,25,1,-1,5,aslu,https://www.youtube.com/watch?v=Kwvw-K6GYW8,"[386, 48, 942, 720]"
07076,book,0,train,25,1,-1,5,aslu,https://www.youtube.com/watch?v=XjWSfh50kAU,"[362, 43, 945, 720]"
07077,book,0,train,25,1,-1,49,aslpro,http://www.aslpro.com/main/b/book_accounting.swf,"[25, 4, 223, 240]"
07078,book,0,train,25,1,-1,18,aslpro,http://www.aslpro.com/main/b/book_algebra.swf,"[28, 4, 226, 240]"
07079,book,0,train,25,1,-1,49,aslpro,http://www.aslpro.com/main/b/book_anatomy.swf,"[15, 2, 238, 240]"
07080,book,0,train,25,1,-1,18,aslpro,http://www.aslpro.com/main/b/book_art_history.swf,"[28, 2, 226, 240]"
07081,book,0,train,25,1,-1,18,aslpro,http://www.aslpro.com/main/b/book_art.swf,"[23, 2, 226, 240]"
07082,book,0,train,25,1,-1,18,aslpro,http://www.aslpro.com/main/b/book_business.swf,"[30, 3, 228, 240]"
07083,book,0,val,25,1,-1,18,aslpro,http://www.aslpro.com/main/b/book_chemistry.swf,"[0, 3, 260, 240]"
07084,book,0,train,25,1,-1,18,aslpro,http://www.aslpro.com/main/b/book_coloring.swf,"[29, 4, 225, 240]"
69302,drink,1,val,25,1,-1,115,aslbrick,http://aslbricks.org/New/ASL-Videos/drink.mp4,"[551, 68, 1350, 1080]"
65539,drink,1,train,25,1,-1,94,aslsignbank,https://aslsignbank.haskins.yale.edu/dictionary/protected_media/glossvideo/ASL/DR/DRINK-119.mp4,"[153, 11, 488, 370]"
70173,drink,1,val,25,5710,5831,121,northtexas,https://www.youtube.com/watch?v=F5Wef1_PtLk,"[142, 20, 501, 480]"
68538,drink,1,val,25,1,71,113,lillybauer,https://www.youtube.com/watch?v=HZMTQJdBZ9g,"[112, 13, 529, 356]"
68042,drink,1,val,25,1,-1,109,valencia-asl,https://www.youtube.com/watch?v=KRc_WYI1DgA,"[110, 0, 1160, 720]"
68660,drink,1,train,25,1,54,115,lillybauer,https://www.youtube.com/watch?v=Lk2Vws8homw,"[312, 19, 908, 720]"
68041,drink,1,train,25,1,-1,109,valencia-asl,https://www.youtube.com/watch?v=Nc7rSopCpI8,"[116, 0, 1166, 720]"
17725,drink,1,train,25,1,-1,5,aslu,https://www.youtube.com/watch?v=537MWOtCl78,"[300, 63, 882, 720]"
17726,drink,1,train,25,1,-1,5,aslu,https://www.youtube.com/watch?v=6gU3Ln98sWA,"[318, 29, 951, 720]"
17727,drink,1,train,25,1,-1,65,nabboud,https://www.youtube.com/watch?v=Ddd2ZZNFhVI,"[232, 55, 838, 720]"
17728,drink,1,train,25,1,-1,5,aslu,https://www.youtube.com/watch?v=g3rl9_LYqzI,"[337, 0, 994, 720]"
17710,drink,1,train,25,1,-1,36,startasl,https://s3-us-west-1.amazonaws.com/files.startasl.com/asldictionary/drink.mp4,"[196, 15, 521, 414]"
17729,drink,1,train,25,1,-1,5,aslu,https://www.youtube.com/watch?v=i0opsQ2zB1Q,"[350, 0, 999, 720]"
17730,drink,1,test,25,1,-1,5,aslu,https://www.youtube.com/watch?v=k6cNmM9WgUs,"[334, 0, 997, 720]"
17731,drink,1,train,25,1,-1,5,aslu,https://www.youtube.com/watch?v=LqJM7wcUixQ,"[348, 43, 933, 720]"
17732,drink,1,train,25,1,-1,44,aslpro,http://www.aslpro.com/main/d/drink.swf,"[0, 4, 206, 240]"
17733,drink,1,train,25,1,-1,12,aslsearch,http://www.aslsearch.com/signs/videos/drink-alcohol.mp4,"[186, 63, 551, 400]"
65540,drink,1,train,25,1,-1,94,aslsignbank,https://aslsignbank.haskins.yale.edu/dictionary/protected_media/glossvideo/ASL/DR/DRINK-120.mp4,"[167, 19, 480, 370]"
17734,drink,1,val,25,1,-1,12,aslsearch,http://www.aslsearch.com/signs/videos/drink.mp4,"[183, 55, 552, 400]"
17711,drink,1,train,25,1,-1,52,signschool,https://signstock.blob.core.windows.net/signschool/videos/db_uploads/SignSchool%20Drink%20(correct)-0UzEF7ru0sQ.mp4,"[289, 9, 783, 480]"
17712,drink,1,train,25,1,-1,6,signschool,https://signstock.blob.core.windows.net/signschool/videos/db_uploads/SignSchool%20Drink-L6hHRIQzWBo.mp4,"[673, 90, 1571, 1072]"
17713,drink,1,test,25,1,-1,21,asldeafined,https://media.asldeafined.com/vocabulary/1467773819.9825.mp4,"[28, 0, 542, 480]"
17714,drink,1,train,25,1,-1,20,handspeak,https://www.handspeak.com/word/d/drink2.mp4,"[53, 9, 579, 480]"
17715,drink,1,train,25,1,-1,14,handspeak,https://www.handspeak.com/word/d/drink-alcohol.mp4,"[57, 0, 586, 480]"
17716,drink,1,test,25,1,-1,20,handspeak,https://www.handspeak.com/word/d/drink-british.mp4,"[113, 0, 493, 360]"
17717,drink,1,train,25,1,-1,14,handspeak,https://www.handspeak.com/word/d/drink.mp4,"[112, 0, 509, 360]"
17718,drink,1,test,25,1,-1,20,handspeak,https://www.handspeak.com/word/d/drink-mug.mp4,"[84, 0, 506, 360]"
17709,drink,1,train,25,1,-1,2,spreadthesign,https://media.spreadthesign.com/video/mp4/13/153289.mp4,"[41, 9, 257, 240]"
67594,drink,1,train,25,1,-1,109,asllex,https://youtu.be/yawcLQIhQiE,"[98, 13, 372, 360]"
17719,drink,1,train,25,1,-1,14,handspeak,https://www.handspeak.com/word/d/drink-plu.mp4,"[124, 0, 542, 360]"
17720,drink,1,train,25,1,-1,11,signingsavvy,https://www.signingsavvy.com/signs/mp4/14/14885.mp4,"[49, 3, 220, 192]"
17721,drink,1,train,25,1,-1,10,signingsavvy,https://www.signingsavvy.com/signs/mp4/23/23388.mp4,"[66, 19, 209, 192]"
17722,drink,1,train,25,1,-1,10,signingsavvy,https://www.signingsavvy.com/signs/mp4/23/23388.mp4,"[66, 19, 209, 192]"
17723,drink,1,train,25,1,-1,10,signingsavvy,https://www.signingsavvy.com/signs/mp4/23/23389.mp4,"[65, 20, 208, 192]"
17724,drink,1,val,25,1,-1,11,signingsavvy,https://www.signingsavvy.com/signs/mp4/7/7796.mp4,"[68, 18, 220, 192]"
12306,computer,2,test,25,5122,5181,9,asl5200,https://www.youtube.com/watch?v=PPmQd2zWdP0,"[0, 0, 360, 240]"
68028,computer,2,train,25,1,-1,109,valencia-asl,https://www.youtube.com/watch?v=H-tAzh-nuV8,"[111, 0, 1198, 720]"
69054,computer,2,train,25,1,72,113,lillybauer,https://www.youtube.com/watch?v=YEFd7zsUNXU,"[110, 16, 549, 360]"
12328,computer,2,train,25,1,-1,11,signingsavvy,https://www.signingsavvy.com/signs/mp4/6/6326.mp4,"[56, 11, 240, 192]"
12329,computer,2,train,25,1,-1,5,aslu,https://www.youtube.com/watch?v=97IwdVSOQho,"[317, 42, 1077, 720]"
12330,computer,2,train,25,1,-1,5,aslu,https://www.youtube.com/watch?v=cujhpwWi1yY,"[299, 34, 1066, 720]"
12312,computer,2,val,25,1,-1,38,startasl,https://s3-us-west-1.amazonaws.com/files.startasl.com/asldictionary/computer-2.mp4,"[422, 50, 824, 720]"
12331,computer,2,train,25,1,-1,5,aslu,https://www.youtube.com/watch?v=fY11M3Dxxx0,"[320, 47, 961, 720]"
12332,computer,2,test,25,1,-1,65,nabboud,https://www.youtube.com/watch?v=lVo6MByRMHY,"[331, 67, 869, 720]"
12333,computer,2,val,25,1,-1,5,aslu,https://www.youtube.com/watch?v=-_RSZM-lLXE,"[256, 28, 1084, 720]"
12335,computer,2,val,25,1,-1,5,aslu,https://www.youtube.com/watch?v=vK4GwJaDcWU,"[321, 1, 953, 720]"
12336,computer,2,test,25,1,-1,65,nabboud,https://www.youtube.com/watch?v=-wmqgdmwySo,"[386, 67, 872, 720]"
12311,computer,2,train,25,1,-1,56,spreadthesign,https://media.spreadthesign.com/video/mp4/13/51378.mp4,"[27, 0, 313, 240]"
12337,computer,2,train,25,1,-1,72,aslpro,http://www.aslpro.com/main/c/computer.swf,"[8, 1, 251, 240]"
12338,computer,2,train,25,1,-1,41,aslsearch,http://www.aslsearch.com/signs/videos/computer.mp4,"[221, 42, 501, 400]"
12313,computer,2,train,25,1,-1,38,startasl,https://s3-us-west-1.amazonaws.com/files.startasl.com/asldictionary/computer.mp4,"[409, 51, 833, 720]"
12314,computer,2,train,25,1,-1,4,signschool,https://signstock.blob.core.windows.net/signschool/videos/db_uploads/Computer%203-ZIm7kG5ie_M.mp4,"[257, 38, 1684, 1080]"
12315,computer,2,val,25,1,-1,4,signschool,https://signstock.blob.core.windows.net/signschool/videos/db_uploads/Computer%205-wOn7bu44o4s.mp4,"[436, 35, 1765, 1080]"
12316,computer,2,train,25,1,-1,4,signschool,https://signstock.blob.core.windows.net/signschool/videos/db_uploads/SignSchool%20Computer%201-_2YnCKHJy6U.mp4,"[412, 18, 1698, 1080]"
12317,computer,2,train,25,1,-1,4,signschool,https://signstock.blob.core.windows.net/signschool/videos/db_uploads/SignSchool%20Computer%202-_HHzYqXw-xU.mp4,"[473, 44, 1708, 1080]"
12318,computer,2,train,25,1,-1,4,signschool,https://signstock.blob.core.windows.net/signschool/videos/db_uploads/SignSchool%20Computer%204-1f6Cc5NXBgw.mp4,"[365, 45, 1673, 1080]"
12319,computer,2,train,25,1,-1,45,signschool,https://signstock.blob.core.windows.net/signschool/videos/db_uploads/SignSchool%20Republic%20of%20Congo-b6U1CIWIPIw.mp4,"[494, 99, 1414, 1077]"
12320,computer,2,test,25,1,-1,59,asldeafined,https://media.asldeafined.com/vocabulary/1466901185.5915.mp4,"[74, 19, 565, 480]"
67519,computer,2,test,25,1,-1,109,asllex,https://youtu.be/u1xoXux2NaE,"[96, 17, 417, 360]"
12321,computer,2,train,25,1,-1,20,handspeak,https://www.handspeak.com/word/c/computer-arm2.mp4,"[115, 0, 561, 480]"
12322,computer,2,train,25,1,-1,20,handspeak,https://www.handspeak.com/word/c/computer-arm.mp4,"[107, 0, 534, 480]"
12323,computer,2,train,25,1,-1,20,handspeak,https://www.handspeak.com/word/c/computer-head.mp4,"[14, 0, 521, 480]"
12324,computer,2,train,25,1,-1,14,handspeak,https://www.handspeak.com/word/c/computer-old2.mp4,"[120, 9, 522, 360]"
12326,computer,2,val,25,1,-1,11,signingsavvy,https://www.signingsavvy.com/signs/mp4/6/6011.mp4,"[69, 9, 214, 192]"
12327,computer,2,train,25,1,-1,11,signingsavvy,https://www.signingsavvy.com/signs/mp4/6/6012.mp4,"[63, 0, 218, 192]"
05724,before,3,train,25,1733,1779,9,asl5200,https://www.youtube.com/watch?v=pDqITge_TGs,"[0, 0, 360, 240]"
70348,before,3,train,25,4778,4873,121,northtexas,https://www.youtube.com/watch?v=bq-HmgjGzmw,"[185, 50, 419, 360]"
68007,before,3,train,25,1,-1,109,valencia-asl,https://www.youtube.com/watch?v=IYH-gBXXl8I,"[121, 26, 1003, 720]"
05744,before,3,train,25,1,-1,5,aslu,https://www.youtube.com/watch?v=MvtVsr3P098,"[156, 14, 493, 360]"
05746,before,3,val,25,1,-1,5,aslu,https://www.youtube.com/watch?v=PeO4kaKvoVM,"[142, 12, 493, 360]"
05728,before,3,train,25,1,-1,32,signschool,https://signstock.blob.core.windows.net/signschool/videos/db_uploads/SignSchool%20Before%202-02xxXtC3G8c.mp4,"[624, 70, 1587, 1070]"
05747,before,3,train,25,1,-1,5,aslu,https://www.youtube.com/watch?v=TQMe2WDz9QE,"[327, 2, 1071, 720]"
05748,before,3,train,25,1,-1,24,aslpro,http://www.aslpro.com/main/b/before.swf,"[15, 12, 206, 240]"
05749,before,3,train,25,1,-1,12,aslsearch,http://www.aslsearch.com/signs/videos/before3.mp4,"[167, 52, 512, 400]"
05750,before,3,val,25,1,-1,12,aslsearch,http://www.aslsearch.com/signs/videos/before.mp4,"[171, 52, 513, 400]"
05729,before,3,train,25,1,-1,46,signschool,https://signstock.blob.core.windows.net/signschool/videos/db_uploads/SignSchool%20Before-kM8O_piLegw.mp4,"[300, 12, 1202, 1080]"
05730,before,3,train,25,1,-1,32,signschool,https://signstock.blob.core.windows.net/signschool/videos/db_uploads/SignSchool%20Before-Se78WI3j-mI.mp4,"[712, 64, 1652, 1080]"
65167,before,3,train,25,1,-1,88,aslsignbank,https://aslsignbank.haskins.yale.edu/dictionary/protected_media/glossvideo/ASL/BE/BEFORE-37.mp4,"[190, 0, 504, 370]"
05731,before,3,train,25,1,-1,4,signschool,https://signstock.blob.core.windows.net/signschool/videos/db_uploads/SignSchool%20Last-0SLfkAHELAs.mp4,"[570, 98, 1535, 1080]"
05732,before,3,train,25,1,-1,13,asldeafined,https://media.asldeafined.com/vocabulary/1466681314.2550.mp4,"[103, 25, 528, 480]"
05733,before,3,train,25,1,-1,13,asldeafined,https://media.asldeafined.com/vocabulary/1466681379.1244.mp4,"[95, 23, 533, 480]"
05734,before,3,train,25,1,-1,13,asldeafined,https://media.asldeafined.com/vocabulary/1468755772.9751.mp4,"[129, 0, 555, 480]"
05735,before,3,test,25,1,-1,20,handspeak,https://www.handspeak.com/word/b/before-long.mp4,"[30, 4, 550, 480]"
05736,before,3,val,25,1,-1,14,handspeak,https://www.handspeak.com/word/b/before.mp4,"[59, 0, 303, 240]"
05727,before,3,test,25,1,-1,38,startasl,https://s3-us-west-1.amazonaws.com/files.startasl.com/asldictionary/before.mp4,"[386, 45, 810, 720]"
05737,before,3,val,25,1,-1,20,handspeak,https://www.handspeak.com/word/b/before-past.mp4,"[102, 11, 532, 480]"
05739,before,3,test,25,1,-1,10,signingsavvy,https://www.signingsavvy.com/signs/mp4/22/22829.mp4,"[74, 23, 209, 192]"
05740,before,3,train,25,1,-1,10,signingsavvy,https://www.signingsavvy.com/signs/mp4/22/22831.mp4,"[90, 22, 203, 192]"
05741,before,3,test,25,1,-1,11,signingsavvy,https://www.signingsavvy.com/signs/mp4/5/5971.mp4,"[65, 9, 219, 192]"
05742,before,3,train,25,1,-1,11,signingsavvy,https://www.signingsavvy.com/signs/mp4/6/6164.mp4,"[67, 14, 216, 192]"
05743,before,3,train,25,1,-1,11,signingsavvy,https://www.signingsavvy.com/signs/mp4/9/9194.mp4,"[43, 3, 212, 192]"
09847,chair,4,test,25,1830,1889,9,asl5200,https://www.youtube.com/watch?v=PPmQd2zWdP0,"[0, 0, 360, 240]"
70230,chair,4,train,25,2101,2231,121,northtexas,https://www.youtube.com/watch?v=4Nh1iFv2BMc,"[127, 41, 449, 360]"
68580,chair,4,train,25,1,51,115,lillybauer,https://www.youtube.com/watch?v=j2hvnGiBrRI,"[340, 12, 944, 720]"
70263,chair,4,train,25,3092,3209,121,northtexas,https://www.youtube.com/watch?v=WGfiiDgrq1I,"[112, 39, 426, 360]"
68019,chair,4,train,25,1,-1,110,valencia-asl,https://www.youtube.com/watch?v=zICB0wesqvY,"[229, 3, 672, 480]"
09865,chair,4,train,25,1,-1,72,aslpro,http://www.aslpro.com//main/c/chair_stacking.swf,"[0, 10, 245, 240]"
09866,chair,4,train,25,1,-1,72,aslpro,http://www.aslpro.com/main/c/chair.swf,"[18, 6, 247, 240]"
09848,chair,4,train,25,1,-1,0,spreadthesign,https://media.spreadthesign.com/video/mp4/13/74909.mp4,"[40, 6, 266, 240]"
09867,chair,4,test,25,1,-1,72,aslpro,http://www.aslpro.com//main/c/chair_wood.swf,"[5, 9, 250, 240]"
09869,chair,4,train,25,1,-1,12,aslsearch,http://www.aslsearch.com/signs/videos/chair.mp4,"[183, 55, 560, 400]"
09849,chair,4,train,25,1,-1,38,startasl,https://s3-us-west-1.amazonaws.com/files.startasl.com/asldictionary/chair.mp4,"[388, 56, 806, 720]"
09850,chair,4,train,25,1,-1,31,signschool,https://signstock.blob.core.windows.net/signschool/videos/db_uploads/SignSchool%20Chair-mVdtJjs-_20.mp4,"[667, 144, 1472, 1061]"
09851,chair,4,val,25,1,-1,59,asldeafined,https://media.asldeafined.com/vocabulary/1466729509.9229.mp4,"[102, 22, 563, 480]"
65328,chair,4,train,25,1,-1,90,aslsignbank,https://aslsignbank.haskins.yale.edu/dictionary/protected_media/glossvideo/ASL/CH/CHAIR-378.mp4,"[169, 15, 476, 370]"
09853,chair,4,train,25,1,-1,14,handspeak,https://www.handspeak.com/word/c/chair.mp4,"[60, 0, 306, 240]"
09854,chair,4,val,25,1,-1,11,signingsavvy,https://www.signingsavvy.com/signs/mp4/7/7821.mp4,"[81, 15, 233, 192]"
09855,chair,4,test,25,1,-1,5,aslu,https://www.youtube.com/watch?v=8vc2vD9N4tk,"[288, 29, 1001, 720]"
09856,chair,4,train,25,1,-1,65,nabboud,https://www.youtube.com/watch?v=dXz1i9gTR4w,"[273, 88, 902, 720]"
67483,chair,4,val,25,1,-1,109,asllex,https://youtu.be/K47c4lIJQvI,"[92, 19, 395, 360]"
09857,chair,4,train,25,1,-1,72,aslpro,http://www.aslpro.com//main/c/chair_director.swf,"[15, 8, 245, 240]"
09858,chair,4,train,25,1,-1,72,aslpro,http://www.aslpro.com//main/c/chair_folding.swf,"[0, 8, 249, 240]"
09859,chair,4,train,25,1,-1,72,aslpro,http://www.aslpro.com//main/c/chair_lawn_folding.swf,"[0, 8, 247, 240]"
09860,chair,4,train,25,1,-1,72,aslpro,http://www.aslpro.com//main/c/chair_lawn.swf,"[1, 8, 252, 240]"
09861,chair,4,train,25,1,-1,72,aslpro,http://www.aslpro.com//main/c/chair_loveseat.swf,"[18, 5, 242, 240]"
09862,chair,4,val,25,1,-1,72,aslpro,http://www.aslpro.com//main/c/chair_recliner.swf,"[10, 9, 248, 240]"
09863,chair,4,train,25,1,-1,72,aslpro,http://www.aslpro.com//main/c/chair_rocking_1.swf,"[5, 8, 239, 240]"
24857,go,5,test,25,887,926,9,asl5200,https://www.youtube.com/watch?v=YdHKN_wHZqo,"[0, 0, 360, 240]"
69345,go,5,val,25,1,-1,118,aslbrick,http://aslbricks.org/New/ASL-Videos/go.mp4,"[268, 38, 898, 720]"
68292,go,5,train,25,1,65,113,lillybauer,https://www.youtube.com/watch?v=7IkKMzvSsFM,"[93, 11, 559, 360]"
24955,go,5,train,25,1,-1,10,signingsavvy,https://www.signingsavvy.com/signs/mp4/23/23400.mp4,"[79, 22, 201, 192]"
24956,go,5,train,25,1,-1,10,signingsavvy,https://www.signingsavvy.com/signs/mp4/23/23401.mp4,"[81, 22, 199, 192]"
24941,go,5,train,25,1,-1,36,startasl,https://s3-us-west-1.amazonaws.com/files.startasl.com/asldictionary/go.mp4,"[187, 18, 526, 414]"
24960,go,5,test,25,1,-1,10,signingsavvy,https://www.signingsavvy.com/signs/mp4/23/23517.mp4,"[78, 25, 214, 192]"
24961,go,5,train,25,1,-1,10,signingsavvy,https://www.signingsavvy.com/signs/mp4/23/23517.mp4,"[78, 25, 214, 192]"
24962,go,5,train,25,1,-1,10,signingsavvy,https://www.signingsavvy.com/signs/mp4/23/23519.mp4,"[88, 25, 217, 192]"
24965,go,5,train,25,1,-1,65,nabboud,https://www.youtube.com/watch?v=jknOnIhAbNo,"[201, 38, 837, 720]"
24969,go,5,train,25,1,-1,5,aslu,https://www.youtube.com/watch?v=ZEyH-t5ALCs,"[239, 20, 942, 720]"
24970,go,5,train,25,1,-1,5,aslu,https://www.youtube.com/watch?v=ZEyH-t5ALCs,"[239, 20, 942, 720]"
24971,go,5,train,25,1,-1,65,nabboud,https://www.youtube.com/watch?v=ZyL9f_qoGug,"[345, 51, 948, 720]"
24972,go,5,train,25,1,-1,25,aslpro,http://www.aslpro.com/main/g/go.swf,"[2, 9, 248, 240]"
65824,go,5,train,25,1,-1,94,aslsignbank,https://aslsignbank.haskins.yale.edu/dictionary/protected_media/glossvideo/ASL/GO/GO-469.mp4,"[149, 9, 591, 370]"
24973,go,5,train,25,1,-1,41,aslsearch,http://www.aslsearch.com/signs/videos/go.mp4,"[229, 42, 573, 400]"
24943,go,5,train,25,1,-1,52,signschool,https://signstock.blob.core.windows.net/signschool/videos/db_uploads/SignSchool%20go-c3j44FTrL9c.mp4,"[283, 19, 812, 480]"
24946,go,5,val,25,1,-1,31,signschool,https://signstock.blob.core.windows.net/signschool/videos/db_uploads/SignSchool%20To%20Go-BeOwDK5YI0U.mp4,"[607, 62, 1534, 1075]"
24947,go,5,train,25,1,-1,21,asldeafined,https://media.asldeafined.com/vocabulary/1468549286.5649.mp4,"[58, 2, 557, 480]"
24948,go,5,val,25,1,-1,14,handspeak,https://www.handspeak.com/word/g/go.mp4,"[37, 7, 273, 240]"
24940,go,5,train,25,1,-1,0,spreadthesign,https://media.spreadthesign.com/video/mp4/13/58507.mp4,"[37, 1, 284, 240]"
67715,go,5,test,25,1,-1,109,asllex,https://youtu.be/QfVrSA3yrSc,"[106, 19, 343, 360]"
24950,go,5,train,25,1,-1,14,handspeak,https://www.handspeak.com/word/g/go-to2.mp4,"[4, 9, 525, 480]"
24951,go,5,train,25,1,-1,20,handspeak,https://www.handspeak.com/word/g/go-to.mp4,"[13, 1, 526, 480]"
24952,go,5,val,25,1,-1,10,signingsavvy,https://www.signingsavvy.com/signs/mp4/22/22235.mp4,"[32, 14, 204, 192]"
24954,go,5,train,25,1,-1,10,signingsavvy,https://www.signingsavvy.com/signs/mp4/23/23400.mp4,"[79, 22, 201, 192]"
11305,clothes,6,test,25,3938,3997,9,asl5200,https://www.youtube.com/watch?v=PPmQd2zWdP0,"[0, 0, 360, 240]"
68870,clothes,6,train,25,1,51,115,lillybauer,https://www.youtube.com/watch?v=RVnoNW53qFU,"[348, 11, 932, 720]"
68024,clothes,6,train,25,1,-1,110,valencia-asl,https://www.youtube.com/watch?v=Xmrvvk8l3_w,"[210, 0, 661, 480]"
11327,clothes,6,train,25,1,-1,72,aslpro,http://www.aslpro.com//main/c/clothes.swf,"[0, 5, 255, 240]"
11328,clothes,6,train,25,1,-1,72,aslpro,http://www.aslpro.com//main/c/clothes_winter.swf,"[14, 8, 243, 240]"
11310,clothes,6,train,25,1,-1,38,startasl,https://s3-us-west-1.amazonaws.com/files.startasl.com/asldictionary/clothes.mp4,"[403, 67, 893, 720]"
11329,clothes,6,train,25,1,-1,72,aslpro,http://www.aslpro.com//main/c/clothes_womens.swf,"[12, 7, 236, 240]"
11330,clothes,6,train,25,1,-1,12,aslsearch,http://www.aslsearch.com/signs/videos/clothes.mp4,"[165, 51, 578, 400]"
11311,clothes,6,test,25,1,-1,59,asldeafined,https://media.asldeafined.com/vocabulary/1466899298.7370.mp4,"[70, 21, 614, 480]"
11312,clothes,6,train,25,1,-1,20,handspeak,https://www.handspeak.com/word/c/clothes.mp4,"[42, 0, 612, 480]"
11313,clothes,6,train,25,1,-1,11,signingsavvy,https://www.signingsavvy.com/signs/mp4/6/6566.mp4,"[56, 8, 243, 192]"
11314,clothes,6,val,25,1,-1,5,aslu,https://www.youtube.com/watch?v=06hMAkUdQgg,"[242, 43, 1134, 720]"
11315,clothes,6,val,25,1,-1,5,aslu,https://www.youtube.com/watch?v=15czV0-SagI,"[341, 49, 999, 720]"
11309,clothes,6,train,25,1,-1,42,spreadthesign,https://media.spreadthesign.com/video/mp4/13/399310.mp4,"[21, 2, 304, 240]"
11316,clothes,6,train,25,1,-1,5,aslu,https://www.youtube.com/watch?v=mda48XkT9gQ,"[320, 28, 968, 720]"
11317,clothes,6,train,25,1,-1,72,aslpro,http://www.aslpro.com//main/c/clothes_boys.swf,"[3, 6, 240, 240]"
11318,clothes,6,test,25,1,-1,72,aslpro,http://www.aslpro.com//main/c/clothes_designer.swf,"[0, 6, 224, 240]"
11319,clothes,6,val,25,1,-1,72,aslpro,http://www.aslpro.com//main/c/clothes_fall.swf,"[12, 7, 234, 240]"
11320,clothes,6,train,25,1,-1,72,aslpro,http://www.aslpro.com//main/c/clothes_girls.swf,"[5, 9, 242, 240]"
11321,clothes,6,train,25,1,-1,49,aslpro,http://www.aslpro.com//main/c/clothes_irregular.swf,"[7, 7, 232, 240]"
11322,clothes,6,train,25,1,-1,72,aslpro,http://www.aslpro.com//main/c/clothes_mens.swf,"[3, 8, 228, 240]"
11323,clothes,6,train,25,1,-1,72,aslpro,http://www.aslpro.com//main/c/clothes_petite.swf,"[8, 5, 238, 240]"
11324,clothes,6,train,25,1,-1,72,aslpro,http://www.aslpro.com//main/c/clothes_plus_size.swf,"[0, 9, 254, 240]"
11325,clothes,6,val,25,1,-1,72,aslpro,http://www.aslpro.com//main/c/clothes_spring.swf,"[14, 8, 238, 240]"
11326,clothes,6,train,25,1,-1,72,aslpro,http://www.aslpro.com//main/c/clothes_summer.swf,"[13, 8, 241, 240]"
63219,who,7,test,25,2159,2235,9,asl5200,https://www.youtube.com/watch?v=A5dihMAjeTE,"[0, 0, 360, 240]"
69534,who,7,train,25,1,-1,118,aslbrick,http://aslbricks.org/New/ASL-Videos/who.mp4,"[381, 45, 868, 720]"
68890,who,7,train,25,1,54,115,lillybauer,https://www.youtube.com/watch?v=SQUHKsHMUiw,"[343, 21, 928, 720]"
68183,who,7,train,25,1,-1,111,valencia-asl,https://www.youtube.com/watch?v=Xx8ZjswBRLY,"[196, 11, 606, 480]"
63239,who,7,train,25,1,-1,5,aslu,https://www.youtube.com/watch?v=pBnGrdxhxHQ,"[356, 43, 951, 720]"
63240,who,7,train,25,1,-1,5,aslu,https://www.youtube.com/watch?v=_V31e361KV8,"[333, 18, 917, 720]"
63241,who,7,train,25,1,-1,87,aslpro,http://www.aslpro.com/main/w/who.swf,"[25, 8, 223, 240]"
63242,who,7,train,25,1,-1,12,aslsearch,http://www.aslsearch.com/signs/videos/who.mp4,"[188, 55, 546, 400]"
63226,who,7,test,25,1,-1,36,startasl,https://s3-us-west-1.amazonaws.com/files.startasl.com/asldictionary/who.mp4,"[235, 15, 526, 414]"
63227,who,7,train,25,1,-1,6,signschool,https://signstock.blob.core.windows.net/signschool/videos/db_uploads/SignSchool%20Who%202-P20hHY3qUEQ.mp4,"[687, 96, 1421, 1080]"
63228,who,7,train,25,1,-1,6,signschool,https://signstock.blob.core.windows.net/signschool/videos/db_uploads/SignSchool%20Who-rehp_kwiS-I.mp4,"[693, 88, 1401, 1080]"
63229,who,7,val,25,1,-1,4,signschool,https://signstock.blob.core.windows.net/signschool/videos/db_uploads/SignSchool%20Who-wmIY6Yo-vp8.mp4,"[655, 72, 1505, 1071]"
63230,who,7,val,25,1,-1,46,signschool,https://signstock.blob.core.windows.net/signschool/videos/db_uploads/SignSchool%20Who-xchfz0eTaP8.mp4,"[342, 20, 1162, 1080]"
63231,who,7,train,25,1,-1,13,asldeafined,https://media.asldeafined.com/vocabulary/1468928348.68.mp4,"[128, 8, 517, 480]"
66778,who,7,train,25,1,-1,88,aslsignbank,https://aslsignbank.haskins.yale.edu/dictionary/protected_media/glossvideo/ASL/WH/WHO-1430.mp4,"[165, 4, 472, 370]"
63232,who,7,train,25,1,-1,59,asldeafined,https://media.asldeafined.com/vocabulary/1539176590.1089.mp4,"[112, 28, 507, 480]"
63233,who,7,test,25,1,-1,14,handspeak,https://www.handspeak.com/word/w/who.mp4,"[121, 12, 533, 480]"
63234,who,7,val,25,1,-1,20,handspeak,https://www.handspeak.com/word/w/who-old.mp4,"[173, 0, 516, 360]"
66779,who,7,train,25,1,-1,88,aslsignbank,https://aslsignbank.haskins.yale.edu/dictionary/protected_media/glossvideo/ASL/WH/WHO-2236.mp4,"[167, 3, 471, 370]"
66780,who,7,train,25,1,-1,93,aslsignbank,https://aslsignbank.haskins.yale.edu/dictionary/protected_media/glossvideo/WH/WHO-2283.mp4,"[195, 32, 472, 370]"
63225,who,7,train,25,1,-1,42,spreadthesign,https://media.spreadthesign.com/video/mp4/13/51811.mp4,"[35, 0, 293, 240]"
67066,who,7,train,25,1,-1,109,asllex,https://youtu.be/gDkZ2Zn3Sjg,"[115, 29, 371, 360]"
63236,who,7,train,25,1,-1,11,signingsavvy,https://www.signingsavvy.com/signs/mp4/9/9019.mp4,"[81, 19, 207, 192]"
63237,who,7,val,25,1,-1,11,signingsavvy,https://www.signingsavvy.com/signs/mp4/9/9020.mp4,"[82, 17, 212, 192]"
63238,who,7,train,25,1,-1,80,nabboud,https://www.youtube.com/watch?v=dnDu1DxXWo4,"[373, 118, 828, 720]"
08909,candy,8,train,25,730,782,9,asl5200,https://www.youtube.com/watch?v=PPmQd2zWdP0,"[0, 0, 360, 240]"
68018,candy,8,train,25,1,-1,109,valencia-asl,https://www.youtube.com/watch?v=LMQ4kaHPS48,"[114, 0, 1155, 720]"
70326,candy,8,train,25,5286,5411,121,northtexas,https://www.youtube.com/watch?v=pc0-gVEETVg,"[126, 32, 284, 240]"
68790,candy,8,train,25,1,63,113,lillybauer,https://www.youtube.com/watch?v=PfobLrBH5G8,"[112, 16, 539, 357]"
08928,candy,8,train,25,1,-1,49,aslpro,http://www.aslpro.com/main/c/candy.swf,"[33, 4, 230, 240]"
08929,candy,8,val,25,1,-1,12,aslsearch,http://www.aslsearch.com/signs/videos/candy.mp4,"[153, 55, 539, 400]"
08916,candy,8,train,25,1,-1,36,startasl,https://s3-us-west-1.amazonaws.com/files.startasl.com/asldictionary/candy.mp4,"[163, 14, 517, 414]"
08917,candy,8,train,25,1,-1,39,signschool,https://signstock.blob.core.windows.net/signschool/videos/db_uploads/SignSchool%20Candy%2C%20It%27s%20Nothing%202-dsVi-FR4eBg.mp4,"[784, 153, 1501, 1080]"
08918,candy,8,val,25,1,-1,39,signschool,https://signstock.blob.core.windows.net/signschool/videos/db_uploads/SignSchool%20Candy%2C%20It%27s%20Nothing-YX3NQ7iEwiE.mp4,"[774, 153, 1499, 1080]"
08919,candy,8,train,25,1,-1,4,signschool,https://signstock.blob.core.windows.net/signschool/videos/db_uploads/SignSchool%20Candy-v1iNoQ1DZ7c.mp4,"[647, 60, 1538, 1065]"
08920,candy,8,train,25,1,-1,4,signschool,https://signstock.blob.core.windows.net/signschool/videos/db_uploads/SignSchool%20Cute-Dl2ekdgVRTg.mp4,"[675, 65, 1529, 1060]"
08921,candy,8,train,25,1,-1,17,asldeafined,https://media.asldeafined.com/vocabulary/1471144833.8086.mp4,"[66, 24, 572, 480]"
08922,candy,8,val,25,1,-1,14,handspeak,https://www.handspeak.com/word/c/candy-sweet.mp4,"[56, 15, 264, 240]"
08923,candy,8,train,25,1,-1,14,handspeak,https://www.handspeak.com/word/c/candy-usa.mp4,"[16, 8, 268, 240]"
65298,candy,8,train,25,1,-1,90,aslsignbank,https://aslsignbank.haskins.yale.edu/dictionary/protected_media/glossvideo/ASL/CA/CANDY_1-66.mp4,"[186, 15, 467, 370]"
08924,candy,8,train,25,1,-1,11,signingsavvy,https://www.signingsavvy.com/signs/mp4/6/6123.mp4,"[80, 11, 216, 192]"
65299,candy,8,train,25,1,-1,90,aslsignbank,https://aslsignbank.haskins.yale.edu/dictionary/protected_media/glossvideo/ASL/CA/CANDY_1-67.mp4,"[136, 16, 469, 370]"
65300,candy,8,test,25,1,-1,89,aslsignbank,https://aslsignbank.haskins.yale.edu/dictionary/protected_media/glossvideo/ASL/CA/CANDY_2-1014.mp4,"[195, 16, 467, 370]"
08915,candy,8,test,25,1,-1,56,spreadthesign,https://media.spreadthesign.com/video/mp4/13/51294.mp4,"[23, 0, 286, 240]"
67468,candy,8,val,25,1,-1,109,asllex,https://youtu.be/kymMYu5qPhY,"[147, 19, 426, 360]"
67470,candy,8,train,25,1,-1,109,asllex,https://youtu.be/xK2QEO7Xld4,"[93, 19, 365, 360]"
08925,candy,8,test,25,1,-1,11,signingsavvy,https://www.signingsavvy.com/signs/mp4/7/7906.mp4,"[78, 15, 233, 192]"
08926,candy,8,train,25,1,-1,5,aslu,https://www.youtube.com/watch?v=EfJ4xLiX5IA,"[329, 47, 928, 717]"
08927,candy,8,train,25,1,-1,5,aslu,https://www.youtube.com/watch?v=nmD3uqyVAC0,"[340, 23, 1019, 720]"
65415,cousin,9,test,25,1,-1,102,aslsignbank,https://aslsignbank.haskins.yale.edu/dictionary/protected_media/glossvideo/ASL/CO/COUSIN-1171.mp4,"[134, 17, 491, 370]"
70332,cousin,9,train,25,1161,1262,121,northtexas,https://www.youtube.com/watch?v=bq-HmgjGzmw,"[176, 46, 440, 360]"
68592,cousin,9,train,25,1,39,112,lillybauer,https://www.youtube.com/watch?v=jC6sHiZBEyI,"[275, 19, 882, 720]"
13647,cousin,9,train,25,1,-1,41,aslsearch,http://www.aslsearch.com/signs/videos/cousin3.mp4,"[205, 43, 479, 400]"
13648,cousin,9,train,25,1,-1,41,aslsearch,http://www.aslsearch.com/signs/videos/cousin.mp4,"[192, 41, 488, 400]"
13631,cousin,9,train,25,1,-1,38,startasl,https://s3-us-west-1.amazonaws.com/files.startasl.com/asldictionary/cousin-female.mp4,"[463, 67, 856, 720]"
13632,cousin,9,train,25,1,-1,38,startasl,https://s3-us-west-1.amazonaws.com/files.startasl.com/asldictionary/cousin-male.mp4,"[428, 69, 853, 720]"
13633,cousin,9,val,25,1,-1,60,signschool,https://signstock.blob.core.windows.net/signschool/videos/db_uploads/SignSchool%20Cousin-WACMzmRGgY8.mp4,"[297, 16, 772, 480]"
13634,cousin,9,val,25,1,-1,59,asldeafined,https://media.asldeafined.com/vocabulary/1466904377.9296.mp4,"[99, 24, 512, 480]"
13635,cousin,9,test,25,1,-1,59,asldeafined,https://media.asldeafined.com/vocabulary/1466904400.1624.mp4,"[59, 25, 528, 480]"
13636,cousin,9,train,25,1,-1,59,asldeafined,https://media.asldeafined.com/vocabulary/1539177107.4884.mp4,"[55, 27, 520, 480]"
13637,cousin,9,train,25,1,-1,14,handspeak,https://www.handspeak.com/word/c/cousin-female.mp4,"[49, 17, 258, 240]"
13638,cousin,9,train,25,1,-1,14,handspeak,https://www.handspeak.com/word/c/cousin-male.mp4,"[31, 16, 254, 240]"
13630,cousin,9,train,25,1,-1,35,spreadthesign,https://media.spreadthesign.com/video/mp4/13/47501.mp4,"[67, 17, 251, 234]"
13639,cousin,9,val,25,1,-1,14,handspeak,https://www.handspeak.com/word/c/cousin.mp4,"[63, 15, 257, 240]"
67535,cousin,9,test,25,1,-1,109,asllex,https://youtu.be/mBNbzPNTVqk,"[86, 20, 382, 360]"
13640,cousin,9,train,25,1,-1,11,signingsavvy,https://www.signingsavvy.com/signs/mp4/6/6148.mp4,"[52, 9, 225, 192]"
13641,cousin,9,val,25,1,-1,11,signingsavvy,https://www.signingsavvy.com/signs/mp4/6/6150.mp4,"[79, 8, 222, 192]"
13642,cousin,9,train,25,1,-1,11,signingsavvy,https://www.signingsavvy.com/signs/mp4/6/6568.mp4,"[54, 9, 222, 192]"
13643,cousin,9,train,25,1,-1,5,aslu,https://www.youtube.com/watch?v=e9-jd3sf6us,"[240, 25, 965, 720]"
13644,cousin,9,train,25,1,-1,24,aslpro,http://www.aslpro.com/main/c/cousin_female.swf,"[4, 11, 199, 240]"
13645,cousin,9,train,25,1,-1,24,aslpro,http://www.aslpro.com/main/c/cousin_male.swf,"[2, 13, 205, 240]"
13646,cousin,9,train,25,1,-1,41,aslsearch,http://www.aslsearch.com/signs/videos/cousin2.mp4,"[174, 36, 487, 400]"
14855,deaf,10,test,25,497,543,9,asl5200,https://www.youtube.com/watch?v=ChIupJBcxjs,"[0, 0, 360, 240]"
70015,deaf,10,train,25,4420,4511,121,northtexas,https://www.youtube.com/watch?v=25ymRY7hbjs,"[163, 40, 401, 360]"
68586,deaf,10,train,25,80,137,113,lillybauer,https://www.youtube.com/watch?v=J9hiREjgVe0,"[102, 6, 563, 360]"
68033,deaf,10,train,25,1,-1,109,valencia-asl,https://www.youtube.com/watch?v=Qvn5RGyb0po,"[275, 0, 1053, 720]"
14899,deaf,10,train,25,1,-1,5,aslu,https://www.youtube.com/watch?v=sP4e9vRUCYM,"[320, 43, 932, 720]"
14900,deaf,10,train,25,1,-1,69,nabboud,https://www.youtube.com/watch?v=YsLUNOu9jXU,"[320, 54, 842, 720]"
14882,deaf,10,train,25,1,-1,36,startasl,https://s3-us-west-1.amazonaws.com/files.startasl.com/asldictionary/deaf.mp4,"[186, 15, 525, 414]"
14901,deaf,10,val,25,1,-1,16,aslpro,http://www.aslpro.com/main/d/deaf_1.swf,"[22, 18, 199, 240]"
14903,deaf,10,val,25,1,-1,12,aslsearch,http://www.aslsearch.com/signs/videos/deaf.mp4,"[170, 62, 532, 400]"
14883,deaf,10,test,25,1,-1,45,signschool,https://signstock.blob.core.windows.net/signschool/videos/db_uploads/SignSchool%20Deaf%202-1tMYCoZB0lE.mp4,"[738, 111, 1463, 1080]"
14884,deaf,10,train,25,1,-1,4,signschool,https://signstock.blob.core.windows.net/signschool/videos/db_uploads/SignSchool%20Deaf%202-VoHLEG8FIH4.mp4,"[677, 59, 1527, 1061]"
14885,deaf,10,train,25,1,-1,45,signschool,https://signstock.blob.core.windows.net/signschool/videos/db_uploads/SignSchool%20Deaf-bHRhz2geOTA.mp4,"[727, 115, 1483, 1078]"
14886,deaf,10,train,25,1,-1,4,signschool,https://signstock.blob.core.windows.net/signschool/videos/SignSchool%20Deaf.mp4,"[445, 35, 1030, 709]"
65445,deaf,10,train,25,1,-1,90,aslsignbank,https://aslsignbank.haskins.yale.edu/dictionary/protected_media/glossvideo/ASL/DE/DEAF-103.mp4,"[170, 15, 476, 370]"
14887,deaf,10,val,25,1,-1,59,asldeafined,https://media.asldeafined.com/vocabulary/1466906743.302.mp4,"[111, 30, 517, 480]"
14888,deaf,10,test,25,1,-1,15,asldeafined,https://media.asldeafined.com/vocabulary/1522766619.2346.mp4,"[95, 28, 530, 480]"
14889,deaf,10,train,25,1,-1,14,handspeak,https://www.handspeak.com/word/d/deaf2.mp4,"[36, 0, 527, 480]"
14891,deaf,10,val,25,1,-1,20,handspeak,https://www.handspeak.com/word/d/deaf.mp4,"[30, 0, 526, 480]"
14893,deaf,10,train,25,1,-1,10,signingsavvy,https://www.signingsavvy.com/signs/mp4/23/23016.mp4,"[66, 24, 205, 192]"
14894,deaf,10,train,25,1,-1,10,signingsavvy,https://www.signingsavvy.com/signs/mp4/23/23017.mp4,"[60, 24, 206, 192]"
14895,deaf,10,train,25,1,-1,69,nabboud,https://www.youtube.com/watch?v=5Dr7V1fbTFU,"[372, 54, 842, 720]"
14896,deaf,10,train,25,1,-1,47,scott,https://www.youtube.com/watch?v=IgT0jDp56ZM,"[341, 30, 910, 720]"
14898,deaf,10,train,25,1,-1,5,aslu,https://www.youtube.com/watch?v=ofL3HMkLDOc,"[334, 35, 942, 720]"
65717,fine,11,test,25,1,-1,94,aslsignbank,https://aslsignbank.haskins.yale.edu/dictionary/protected_media/glossvideo/ASL/FI/FINE-455.mp4,"[160, 15, 471, 370]"
70234,fine,11,test,25,4638,4746,121,northtexas,https://www.youtube.com/watch?v=4Nh1iFv2BMc,"[163, 42, 390, 360]"
68048,fine,11,train,25,1,-1,109,valencia-asl,https://www.youtube.com/watch?v=Yey5VEZE-_g,"[338, 30, 991, 720]"
21885,fine,11,train,25,1,-1,64,aslu,https://www.youtube.com/watch?v=IuBUE7SH1Wk,"[149, 39, 415, 341]"
21886,fine,11,val,25,1,-1,5,aslu,https://www.youtube.com/watch?v=OHHKerxHJjQ,"[317, 43, 919, 720]"
21887,fine,11,val,25,1,-1,5,aslu,https://www.youtube.com/watch?v=YSTnrscx1UY,"[333, 39, 959, 720]"
21888,fine,11,train,25,1,-1,83,aslpro,http://www.aslpro.com/main/f/fine.swf,"[12, 20, 207, 240]"
21870,fine,11,train,25,1,-1,38,startasl,https://s3-us-west-1.amazonaws.com/files.startasl.com/asldictionary/fine2.mp4,"[414, 53, 804, 720]"
21889,fine,11,train,25,1,-1,24,aslpro,http://www.aslpro.com//main/f/fine_ticket.swf,"[33, 6, 245, 240]"
21890,fine,11,test,25,1,-1,12,aslsearch,http://www.aslsearch.com/signs/videos/cost.mp4,"[166, 54, 515, 400]"
21891,fine,11,train,25,1,-1,41,aslsearch,http://www.aslsearch.com/signs/videos/fine.mp4,"[236, 35, 486, 400]"
21871,fine,11,train,25,1,-1,36,startasl,https://s3-us-west-1.amazonaws.com/files.startasl.com/asldictionary/fine.mp4,"[206, 15, 518, 414]"
21872,fine,11,val,25,1,-1,52,signschool,https://signstock.blob.core.windows.net/signschool/videos/db_uploads/SignSchool%20fine5-4SzwErJNYTc.mp4,"[344, 10, 770, 480]"
21869,fine,11,train,25,1,-1,2,spreadthesign,https://media.spreadthesign.com/video/mp4/13/92669.mp4,"[67, 10, 236, 240]"
21874,fine,11,val,25,1,-1,21,asldeafined,https://media.asldeafined.com/vocabulary/1468494312.7752.mp4,"[57, 6, 600, 480]"
21875,fine,11,train,25,1,-1,20,handspeak,https://www.handspeak.com/word/f/fine-charge.mp4,"[7, 0, 532, 480]"
21876,fine,11,train,25,1,-1,20,handspeak,https://www.handspeak.com/word/f/fine-good2.mp4,"[64, 0, 586, 480]"
21878,fine,11,train,25,1,-1,11,signingsavvy,https://www.signingsavvy.com/signs/mp4/14/14347.mp4,"[69, 14, 214, 192]"
67660,fine,11,train,25,1,-1,109,asllex,https://youtu.be/2RLybfKx4Js,"[100, 25, 378, 360]"
67659,fine,11,train,25,1,-1,109,asllex,https://youtu.be/lTp1ICCGCxA,"[94, 19, 364, 360]"
21883,fine,11,train,25,1,-1,11,signingsavvy,https://www.signingsavvy.com/signs/mp4/6/6355.mp4,"[72, 15, 216, 192]"
21884,fine,11,train,25,1,-1,5,aslu,https://www.youtube.com/watch?v=atyYSgDudAU,"[372, 50, 959, 720]"
27194,help,12,test,25,1387,1433,9,asl5200,https://www.youtube.com/watch?v=SiBub8VD5wo,"[0, 0, 360, 240]"
69364,help,12,val,25,1,-1,115,aslbrick,http://aslbricks.org/New/ASL-Videos/help.mp4,"[605, 64, 1417, 1080]"
27219,help,12,val,25,1,-1,65,nabboud,https://www.youtube.com/watch?v=RStYX5OXPjE,"[380, 43, 875, 720]"
27220,help,12,val,25,1,-1,30,aslpro,http://www.aslpro.com/main/h/help.swf,"[0, 12, 224, 240]"
27221,help,12,train,25,1,-1,12,aslsearch,http://www.aslsearch.com/signs/videos/help.mp4,"[198, 56, 563, 400]"
27206,help,12,train,25,1,-1,36,startasl,https://s3-us-west-1.amazonaws.com/files.startasl.com/asldictionary/help.mp4,"[211, 16, 525, 414]"
27207,help,12,train,25,1,-1,4,signschool,https://signstock.blob.core.windows.net/signschool/videos/db_uploads/SignSchool%20Stamp%2C%20Help-2bSAr25HPXY.mp4,"[665, 54, 1608, 1080]"
27208,help,12,train,25,1,-1,21,asldeafined,https://media.asldeafined.com/vocabulary/1468580671.3652.mp4,"[80, 14, 536, 480]"
27209,help,12,test,25,1,-1,17,asldeafined,https://media.asldeafined.com/vocabulary/1471136062.8464.mp4,"[66, 20, 607, 480]"
27210,help,12,train,25,1,-1,14,handspeak,https://www.handspeak.com/word/h/help2.mp4,"[63, 17, 284, 240]"
27211,help,12,train,25,1,-1,20,handspeak,https://www.handspeak.com/word/h/help-me.mp4,"[55, 0, 298, 240]"
27212,help,12,train,25,2,-1,20,handspeak,https://www.handspeak.com/word/h/help.mp4,"[171, 0, 515, 360]"
65890,help,12,train,25,1,-1,90,aslsignbank,https://aslsignbank.haskins.yale.edu/dictionary/protected_media/glossvideo/ASL/HE/HELP-2562.mp4,"[182, 14, 465, 370]"
27213,help,12,test,25,1,-1,10,signingsavvy,https://www.signingsavvy.com/signs/mp4/23/23431.mp4,"[92, 24, 202, 192]"
27214,help,12,train,25,1,-1,11,signingsavvy,https://www.signingsavvy.com/signs/mp4/5/5871.mp4,"[77, 3, 220, 192]"
65891,help,12,val,25,1,-1,90,aslsignbank,https://aslsignbank.haskins.yale.edu/dictionary/protected_media/glossvideo/ASL/HE/HELP-2563.mp4,"[188, 14, 463, 370]"
65889,help,12,train,25,1,-1,90,aslsignbank,https://aslsignbank.haskins.yale.edu/dictionary/protected_media/glossvideo/ASL/HE/HELP-483.mp4,"[188, 15, 469, 370]"
67757,help,12,train,25,1,-1,109,asllex,https://youtu.be/OWXmFhatan8,"[93, 18, 364, 360]"
27215,help,12,train,25,1,-1,11,signingsavvy,https://www.signingsavvy.com/signs/mp4/6/6389.mp4,"[72, 14, 217, 192]"
27216,help,12,train,25,1,-1,11,signingsavvy,https://www.signingsavvy.com/signs/mp4/9/9918.mp4,"[67, 5, 217, 192]"
27217,help,12,train,25,1,-1,11,signingsavvy,https://www.signingsavvy.com/signs/mp4/9/9936.mp4,"[61, 12, 213, 192]"
27218,help,12,train,25,1,-1,65,nabboud,https://www.youtube.com/watch?v=l31UXgChCS4,"[387, 40, 901, 720]"
38482,no,13,test,25,1318,1397,9,asl5200,https://www.youtube.com/watch?v=1_jXxjd0lKE,"[0, 0, 360, 240]"
69411,no,13,val,25,1,-1,118,aslbrick,http://aslbricks.org/New/ASL-Videos/no.mp4,"[274, 43, 875, 720]"
68110,no,13,val,25,1,-1,109,valencia-asl,https://www.youtube.com/watch?v=BqmquW0f1ok,"[113, 0, 1151, 720]"
68406,no,13,val,25,1,54,112,lillybauer,https://www.youtube.com/watch?v=Dd95RFhtSs4,"[346, 31, 916, 720]"
38539,no,13,train,25,1,-1,47,scott,https://www.youtube.com/watch?v=nyUDOPmQlZQ,"[384, 33, 929, 720]"
38540,no,13,train,25,1,-1,5,aslu,https://www.youtube.com/watch?v=pkzfT9cYvH0,"[343, 23, 999, 720]"
38541,no,13,train,25,1,-1,5,aslu,https://www.youtube.com/watch?v=QJXKaOSyl4o,"[262, 14, 958, 720]"
38542,no,13,train,25,1,-1,25,aslpro,http://www.aslpro.com/main/n/no.swf,"[0, 4, 240, 240]"
38525,no,13,test,25,1,-1,36,startasl,https://s3-us-west-1.amazonaws.com/files.startasl.com/asldictionary/no.mp4,"[223, 12, 525, 414]"
38544,no,13,train,25,1,-1,41,aslsearch,http://www.aslsearch.com/signs/videos/no.mp4,"[258, 38, 509, 400]"
38527,no,13,train,25,1,-1,3,signschool,https://signstock.blob.core.windows.net/signschool/videos/db_uploads/SignSchool%20No-hwa_U71nr74.mp4,"[777, 24, 1651, 1080]"
38529,no,13,train,25,1,-1,13,asldeafined,https://media.asldeafined.com/vocabulary/1468719269.5533.mp4,"[88, 0, 502, 480]"
38530,no,13,train,25,1,-1,15,asldeafined,https://media.asldeafined.com/vocabulary/1522767129.7038.mp4,"[138, 36, 517, 480]"
38531,no,13,test,25,1,-1,20,handspeak,https://www.handspeak.com/word/n/no.mp4,"[121, 0, 545, 480]"
38532,no,13,train,25,1,-1,10,signingsavvy,https://www.signingsavvy.com/signs/mp4/23/23547.mp4,"[74, 22, 205, 192]"
38533,no,13,val,25,1,-1,10,signingsavvy,https://www.signingsavvy.com/signs/mp4/23/23949.mp4,"[83, 17, 215, 192]"
66183,no,13,train,25,1,-1,102,aslsignbank,https://aslsignbank.haskins.yale.edu/dictionary/protected_media/glossvideo/ASL/NO/NO-512.mp4,"[143, 0, 480, 370]"
38524,no,13,train,25,1,-1,56,spreadthesign,https://media.spreadthesign.com/video/mp4/13/48823.mp4,"[54, 0, 261, 240]"
67934,no,13,train,25,1,-1,109,asllex,https://youtu.be/jGsh6zd3eUQ,"[93, 26, 377, 360]"
38534,no,13,train,25,1,-1,11,signingsavvy,https://www.signingsavvy.com/signs/mp4/6/6400.mp4,"[77, 17, 218, 192]"
38536,no,13,train,25,1,-1,51,nabboud,https://www.youtube.com/watch?v=lgNwgl10VSg,"[335, 65, 882, 720]"
38538,no,13,train,25,1,-1,5,aslu,https://www.youtube.com/watch?v=mskmnqYYsGw,"[320, 52, 918, 720]"
57919,thin,14,train,25,2147,2196,9,asl5200,https://www.youtube.com/watch?v=x6CehcknaH8,"[0, 0, 360, 240]"
57948,thin,14,val,25,1,-1,10,signingsavvy,https://www.signingsavvy.com/signs/mp4/22/22387.mp4,"[66, 21, 206, 192]"
57949,thin,14,train,25,1,-1,10,signingsavvy,https://www.signingsavvy.com/signs/mp4/22/22387.mp4,"[66, 21, 206, 192]"
57950,thin,14,train,25,1,-1,5,aslu,https://www.youtube.com/watch?v=5IGeT5NK79A,"[338, 49, 926, 720]"
57952,thin,14,train,25,1,-1,87,aslpro,http://www.aslpro.com/main/t/thin.swf,"[18, 7, 228, 240]"
57934,thin,14,train,25,1,-1,38,startasl,https://s3-us-west-1.amazonaws.com/files.startasl.com/asldictionary/thin-2.mp4,"[427, 57, 820, 720]"
57953,thin,14,train,25,1,-1,12,aslsearch,http://www.aslsearch.com/signs/videos/skinny.mp4,"[214, 53, 566, 400]"
57935,thin,14,train,25,1,-1,38,startasl,https://s3-us-west-1.amazonaws.com/files.startasl.com/asldictionary/thin.mp4,"[437, 57, 825, 720]"
57936,thin,14,train,25,1,-1,32,signschool,https://signstock.blob.core.windows.net/signschool/videos/db_uploads/SignSchool%20Thin%202-aLghoMT6IhA.mp4,"[840, 75, 1596, 1075]"
57937,thin,14,train,25,1,-1,4,signschool,https://signstock.blob.core.windows.net/signschool/videos/db_uploads/SignSchool%20Thin%202-cXEknONHNEc.mp4,"[740, 74, 1629, 1076]"
66606,thin,14,train,25,1,-1,92,aslsignbank,https://aslsignbank.haskins.yale.edu/dictionary/protected_media/glossvideo/ASL/TH/THIN-2192.mp4,"[183, 26, 437, 370]"
57939,thin,14,train,25,1,-1,39,signschool,https://signstock.blob.core.windows.net/signschool/videos/db_uploads/SignSchool%20Thin-5G1gWM4HnBI.mp4,"[856, 69, 1733, 1080]"
57940,thin,14,train,25,1,-1,6,signschool,https://signstock.blob.core.windows.net/signschool/videos/db_uploads/SignSchool%20Thin-85Xp1i_NN-E.mp4,"[690, 97, 1426, 1080]"
57941,thin,14,test,25,1,-1,32,signschool,https://signstock.blob.core.windows.net/signschool/videos/db_uploads/SignSchool%20Thin-fTYMARYgieE.mp4,"[823, 73, 1592, 1080]"
57942,thin,14,train,25,1,-1,13,asldeafined,https://media.asldeafined.com/vocabulary/1468944700.6887.mp4,"[120, 0, 533, 480]"
66607,thin,14,val,25,1,-1,93,aslsignbank,https://aslsignbank.haskins.yale.edu/dictionary/protected_media/glossvideo/ASL/TH/THIN-2465.mp4,"[169, 35, 479, 370]"
57933,thin,14,val,25,1,-1,56,spreadthesign,https://media.spreadthesign.com/video/mp4/13/50888.mp4,"[59, 0, 282, 240]"
67299,thin,14,train,25,1,-1,109,asllex,https://youtu.be/LCJYxgYwsVE,"[97, 28, 395, 360]"
57943,thin,14,test,25,1,-1,34,asldeafined,https://media.asldeafined.com/vocabulary/1546575308.9841.mp4,"[129, 21, 550, 480]"
57944,thin,14,test,25,1,-1,14,handspeak,https://www.handspeak.com/word/t/thin2.mp4,"[56, 0, 581, 480]"
57945,thin,14,val,25,1,-1,14,handspeak,https://www.handspeak.com/word/t/thin.mp4,"[116, 0, 567, 480]"
57947,thin,14,train,25,1,-1,10,signingsavvy,https://www.signingsavvy.com/signs/mp4/22/22386.mp4,"[90, 24, 227, 192]"
62152,walk,15,test,25,187,249,9,asl5200,https://www.youtube.com/watch?v=A5dihMAjeTE,"[0, 0, 360, 240]"
68852,walk,15,val,25,1,64,115,lillybauer,https://www.youtube.com/watch?v=r9Rten33zC8,"[328, 14, 941, 720]"
68918,walk,15,val,25,1,120,113,lillybauer,https://www.youtube.com/watch?v=tRJ29Rh8pGg,"[97, 12, 566, 360]"
68177,walk,15,val,25,1,-1,109,valencia-asl,https://www.youtube.com/watch?v=XdA0TlfPB48,"[90, 13, 1240, 720]"
62173,walk,15,train,25,1,-1,5,aslu,https://www.youtube.com/watch?v=xFxoieTtJlA,"[268, 31, 1020, 720]"
62174,walk,15,train,25,1,-1,87,aslpro,http://www.aslpro.com/main/w/walk.swf,"[4, 6, 245, 240]"
62175,walk,15,train,25,1,-1,41,aslsearch,http://www.aslsearch.com/signs/videos/walk.mp4,"[201, 38, 529, 400]"
62159,walk,15,train,25,1,-1,36,startasl,https://s3-us-west-1.amazonaws.com/files.startasl.com/asldictionary/walk.mp4,"[209, 14, 581, 414]"
62160,walk,15,test,25,1,-1,39,signschool,https://signstock.blob.core.windows.net/signschool/videos/db_uploads/SignSchool%20Walk%202-lSM2XoWrTUY.mp4,"[513, 128, 1847, 1080]"
62163,walk,15,train,25,1,-1,39,signschool,https://signstock.blob.core.windows.net/signschool/videos/db_uploads/SignSchool%20Walk-MyDb3_nPts4.mp4,"[585, 136, 1828, 1080]"
62164,walk,15,train,25,1,-1,13,asldeafined,https://media.asldeafined.com/vocabulary/1468926910.5698.mp4,"[122, 0, 592, 480]"
62165,walk,15,train,25,1,-1,14,handspeak,https://www.handspeak.com/word/w/walk2.mp4,"[73, 1, 586, 480]"
66743,walk,15,train,25,1,-1,100,aslsignbank,https://aslsignbank.haskins.yale.edu/dictionary/protected_media/glossvideo/ASL/WA/WALK-1407.mp4,"[202, 29, 478, 370]"
62166,walk,15,test,25,1,-1,20,handspeak,https://www.handspeak.com/word/w/walk.mp4,"[59, 1, 564, 480]"
66742,walk,15,train,25,1,-1,107,aslsignbank,https://aslsignbank.haskins.yale.edu/dictionary/protected_media/glossvideo/ASL/WA/WALK-314.mp4,"[155, 31, 517, 370]"
62158,walk,15,val,25,1,-1,56,spreadthesign,https://media.spreadthesign.com/video/mp4/13/50935.mp4,"[30, 0, 285, 240]"
67036,walk,15,train,25,1,-1,109,asllex,https://youtu.be/hhgODkjRmcg,"[71, 18, 401, 360]"
62168,walk,15,train,25,1,-1,10,signingsavvy,https://www.signingsavvy.com/signs/mp4/23/23053.mp4,"[76, 17, 237, 192]"
62169,walk,15,train,25,1,-1,10,signingsavvy,https://www.signingsavvy.com/signs/mp4/23/23054.mp4,"[73, 16, 239, 192]"
62170,walk,15,train,25,1,-1,11,signingsavvy,https://www.signingsavvy.com/signs/mp4/9/9209.mp4,"[57, 16, 224, 192]"
62171,walk,15,train,25,1,-1,5,aslu,https://www.youtube.com/watch?v=5iv2XtBzogU,"[286, 40, 1064, 720]"
62172,walk,15,train,25,1,-1,80,nabboud,https://www.youtube.com/watch?v=U32Kznk2a70,"[262, 119, 961, 720]"
64201,year,16,test,25,1,77,9,asl5200,https://www.youtube.com/watch?v=BRO-oYGV224,"[0, 0, 360, 240]"
64211,year,16,val,25,1,-1,4,signschool,https://signstock.blob.core.windows.net/signschool/videos/db_uploads/SignSchool%20Year-8JUNM67_g9g.mp4,"[565, 54, 1534, 1080]"
68416,year,16,val,25,1,64,112,lillybauer,https://www.youtube.com/watch?v=DnDbjT1fq8I,"[354, 25, 929, 720]"
68190,year,16,val,25,1,-1,109,valencia-asl,https://www.youtube.com/watch?v=dsuL3WA2Krw,"[89, 6, 1184, 720]"
70306,year,16,train,25,860,989,121,northtexas,https://www.youtube.com/watch?v=pc0-gVEETVg,"[100, 21, 277, 240]"
68992,year,16,train,25,1,147,115,lillybauer,https://www.youtube.com/watch?v=w9jgHLG_4ow,"[107, 3, 549, 360]"
64223,year,16,train,25,1,-1,25,aslpro,http://www.aslpro.com/main/y/year.swf,"[0, 6, 235, 240]"
64224,year,16,train,25,1,-1,12,aslsearch,http://www.aslsearch.com/signs/videos/year.mp4,"[176, 52, 537, 400]"
64210,year,16,test,25,1,-1,36,startasl,https://s3-us-west-1.amazonaws.com/files.startasl.com/asldictionary/year.mp4,"[229, 13, 548, 414]"
64212,year,16,train,25,1,-1,4,signschool,https://signstock.blob.core.windows.net/signschool/videos/db_uploads/SignSchool%20Year-VAtU8WanjmE.mp4,"[642, 59, 1646, 1080]"
66818,year,16,train,25,1,-1,88,aslsignbank,https://aslsignbank.haskins.yale.edu/dictionary/protected_media/glossvideo/ASL/YE/YEAR-1469.mp4,"[157, 8, 461, 370]"
64213,year,16,train,25,1,-1,13,asldeafined,https://media.asldeafined.com/vocabulary/1468774917.4615.mp4,"[82, 0, 535, 480]"
66816,year,16,train,25,1,-1,93,aslsignbank,https://aslsignbank.haskins.yale.edu/dictionary/protected_media/glossvideo/ASL/YE/YEAR-656.mp4,"[188, 33, 482, 370]"
64209,year,16,test,25,1,-1,42,spreadthesign,https://media.spreadthesign.com/video/mp4/13/51103.mp4,"[52, 0, 274, 240]"
64215,year,16,train,25,1,-1,14,handspeak,https://www.handspeak.com/word/y/year-inf.mp4,"[75, 9, 513, 480]"
64216,year,16,val,25,1,-1,14,handspeak,https://www.handspeak.com/word/y/year.mp4,"[53, 8, 262, 240]"
67012,year,16,train,25,1,-1,109,asllex,https://youtu.be/21Naa_OgS4A,"[95, 15, 389, 360]"
64217,year,16,train,25,1,-1,14,handspeak,https://www.handspeak.com/word/y/years.mp4,"[117, 0, 494, 360]"
64219,year,16,train,25,1,-1,11,signingsavvy,https://www.signingsavvy.com/signs/mp4/7/7723.mp4,"[88, 16, 226, 192]"
64218,year,16,train,25,1,-1,11,signingsavvy,https://www.signingsavvy.com/signs/mp4/7/7228.mp4,"[72, 15, 221, 192]"
64221,year,16,train,25,1,-1,5,aslu,https://www.youtube.com/watch?v=jw_R6ttIrgg,"[355, 24, 985, 720]"
64222,year,16,train,25,1,-1,5,aslu,https://www.youtube.com/watch?v=zTIJAgTai40,"[313, 20, 992, 720]"
64275,yes,17,test,25,105,174,9,asl5200,https://www.youtube.com/watch?v=BRO-oYGV224,"[0, 0, 360, 240]"
69546,yes,17,val,25,1,-1,118,aslbrick,http://aslbricks.org/New/ASL-Videos/yes.mp4,"[214, 41, 881, 720]"
64287,yes,17,val,25,1,-1,13,asldeafined,https://media.asldeafined.com/vocabulary/1468774983.6377.mp4,"[120, 4, 526, 480]"
68192,yes,17,val,25,1,-1,109,valencia-asl,https://www.youtube.com/watch?v=-on_5PoBEak,"[104, 0, 1150, 720]"
64290,yes,17,train,25,1,-1,14,handspeak,https://www.handspeak.com/word/y/yes.mp4,"[107, 14, 561, 480]"
64284,yes,17,train,25,1,-1,3,signschool,https://signstock.blob.core.windows.net/signschool/videos/db_uploads/SignSchool%20Yes-Kg0VRsnehgQ.mp4,"[724, 29, 1675, 1080]"
64291,yes,17,train,25,1,-1,10,signingsavvy,https://www.signingsavvy.com/signs/mp4/23/23544.mp4,"[81, 25, 212, 192]"
64292,yes,17,train,25,1,-1,10,signingsavvy,https://www.signingsavvy.com/signs/mp4/23/23545.mp4,"[79, 23, 212, 192]"
64293,yes,17,test,25,1,-1,10,signingsavvy,https://www.signingsavvy.com/signs/mp4/23/23546.mp4,"[70, 20, 212, 192]"
64294,yes,17,train,25,1,-1,5,aslu,https://www.youtube.com/watch?v=0usayvOXzHo,"[316, 50, 892, 720]"
64295,yes,17,train,25,1,-1,5,aslu,https://www.youtube.com/watch?v=3J2KaRL9i_Q,"[245, 63, 893, 720]"
64296,yes,17,train,25,1,-1,47,scott,https://www.youtube.com/watch?v=gpNDuOwyW7Q,"[311, 17, 905, 720]"
66820,yes,17,train,25,1,-1,88,aslsignbank,https://aslsignbank.haskins.yale.edu/dictionary/protected_media/glossvideo/ASL/YE/YES-1472.mp4,"[168, 14, 461, 370]"
64297,yes,17,test,25,1,-1,5,aslu,https://www.youtube.com/watch?v=JLNxO35tB-U,"[155, 14, 481, 360]"
64280,yes,17,train,25,1,-1,28,spreadthesign,https://media.spreadthesign.com/video/mp4/13/485639.mp4,"[20, 13, 258, 240]"
64298,yes,17,val,25,1,-1,51,nabboud,https://www.youtube.com/watch?v=wc2A8AZepy4,"[309, 64, 891, 720]"
64299,yes,17,train,25,1,-1,30,aslpro,http://www.aslpro.com/main/y/yes.swf,"[2, 15, 220, 240]"
64300,yes,17,train,25,1,-1,41,aslsearch,http://www.aslsearch.com/signs/videos/yes.mp4,"[235, 44, 478, 400]"
64281,yes,17,train,25,1,-1,36,startasl,https://s3-us-west-1.amazonaws.com/files.startasl.com/asldictionary/yes.mp4,"[222, 13, 524, 414]"
64288,yes,17,train,25,1,-1,15,asldeafined,https://media.asldeafined.com/vocabulary/1522767427.6654.mp4,"[143, 25, 514, 480]"
64289,yes,17,train,25,1,-1,14,handspeak,https://www.handspeak.com/word/y/yes-fs.mp4,"[106, 14, 568, 480]"
64283,yes,17,train,25,1,-1,4,signschool,https://signstock.blob.core.windows.net/signschool/videos/db_uploads/SignSchool%20Yes-IIWhF2S6saQ.mp4,"[625, 111, 1483, 1063]"
01912,all,18,val,25,1679,1728,9,asl5200,https://www.youtube.com/watch?v=jPn0FQxkdBc,"[0, 0, 360, 240]"
69206,all,18,train,25,1,-1,115,aslbrick,http://aslbricks.org/New/ASL-Videos/all.mp4,"[439, 68, 1366, 1080]"
68001,all,18,val,25,1,-1,109,valencia-asl,https://www.youtube.com/watch?v=Gmj2_uVjhqI,"[126, 4, 1102, 720]"
68720,all,18,test,25,1,69,113,lillybauer,https://www.youtube.com/watch?v=My4w56H6qwk,"[100, 15, 526, 359]"
02002,all,18,train,25,1,-1,16,aslpro,http://www.aslpro.com/main/a/all.swf,"[0, 19, 208, 240]"
02003,all,18,train,25,1,-1,12,aslsearch,http://www.aslsearch.com/signs/videos/all.mp4,"[171, 49, 564, 400]"
01987,all,18,train,25,1,-1,38,startasl,https://s3-us-west-1.amazonaws.com/files.startasl.com/asldictionary/all.mp4,"[351, 53, 821, 720]"
01988,all,18,train,25,1,-1,13,asldeafined,https://media.asldeafined.com/vocabulary/1466172884.2656.mp4,"[32, 13, 543, 480]"
01989,all,18,train,25,1,-1,14,handspeak,https://www.handspeak.com/word/a/all.mp4,"[75, 5, 505, 360]"
01990,all,18,train,25,1,-1,20,handspeak,https://www.handspeak.com/word/a/all-you.mp4,"[31, 33, 519, 480]"
01991,all,18,train,25,1,-1,10,signingsavvy,https://www.signingsavvy.com/signs/mp4/22/22936.mp4,"[43, 22, 221, 192]"
01992,all,18,train,25,1,-1,10,signingsavvy,https://www.signingsavvy.com/signs/mp4/22/22937.mp4,"[47, 23, 228, 192]"
65043,all,18,train,25,1,-1,88,aslsignbank,https://aslsignbank.haskins.yale.edu/dictionary/protected_media/glossvideo/ASL/AL/ALL-11.mp4,"[149, 10, 464, 370]"
01995,all,18,train,25,1,-1,5,aslu,https://www.youtube.com/watch?v=0DgYClc0e-E,"[260, 45, 995, 720]"
01986,all,18,test,25,1,-1,2,spreadthesign,https://media.spreadthesign.com/video/mp4/13/244016.mp4,"[43, 0, 269, 240]"
67356,all,18,train,25,1,-1,109,asllex,https://youtu.be/-lxp0xh1smo,"[72, 19, 363, 360]"
01996,all,18,test,25,1,-1,5,aslu,https://www.youtube.com/watch?v=BEfH2a6OfRA,"[115, 8, 500, 360]"
01997,all,18,val,25,1,-1,5,aslu,https://www.youtube.com/watch?v=fE1BI5KxKJM,"[259, 43, 954, 720]"
01998,all,18,train,25,1,-1,7,nabboud,https://www.youtube.com/watch?v=iERRGfH_giQ,"[375, 81, 904, 720]"
01999,all,18,val,25,1,-1,7,nabboud,https://www.youtube.com/watch?v=k3c4uVHBFR4,"[354, 81, 908, 720]"
02000,all,18,train,25,1,-1,5,aslu,https://www.youtube.com/watch?v=n1PjPqcHswk,"[168, 12, 488, 360]"
06455,black,19,test,25,3109,3158,9,asl5200,https://www.youtube.com/watch?v=pDqITge_TGs,"[0, 0, 360, 240]"
69236,black,19,val,25,1,-1,118,aslbrick,http://aslbricks.org/New/ASL-Videos/black.mp4,"[295, 38, 885, 720]"
68230,black,19,val,25,1,49,113,lillybauer,https://www.youtube.com/watch?v=2YRASxmXLD0,"[275, 3, 919, 720]"
70244,black,19,train,25,1146,1241,121,northtexas,https://www.youtube.com/watch?v=WprUBqi3iBc,"[157, 44, 396, 360]"
06472,black,19,train,25,1,-1,36,startasl,https://s3-us-west-1.amazonaws.com/files.startasl.com/asldictionary/black.mp4,"[205, 17, 524, 414]"
06473,black,19,train,25,1,-1,4,signschool,https://signstock.blob.core.windows.net/signschool/videos/db_uploads/SignSchool%20Black-Mr3gdFh3A28.mp4,"[544, 60, 1618, 1080]"
06474,black,19,train,25,1,-1,59,asldeafined,https://media.asldeafined.com/vocabulary/1466682549.1836.mp4,"[77, 18, 515, 480]"
06475,black,19,train,25,1,-1,20,handspeak,https://www.handspeak.com/word/b/black.mp4,"[37, 44, 544, 480]"
06476,black,19,val,25,1,-1,11,signingsavvy,https://www.signingsavvy.com/signs/mp4/6/6787.mp4,"[58, 15, 216, 192]"
06477,black,19,train,25,1,-1,11,signingsavvy,https://www.signingsavvy.com/signs/mp4/7/7145.mp4,"[48, 11, 226, 192]"
06478,black,19,train,25,1,-1,11,signingsavvy,https://www.signingsavvy.com/signs/mp4/8/8384.mp4,"[63, 8, 245, 192]"
06480,black,19,train,25,1,-1,5,aslu,https://www.youtube.com/watch?v=DQdDGulGFwc,"[143, 7, 487, 360]"
65200,black,19,train,25,1,-1,90,aslsignbank,https://aslsignbank.haskins.yale.edu/dictionary/protected_media/glossvideo/ASL/BL/BLACK-415.mp4,"[149, 24, 479, 370]"
06471,black,19,train,25,1,-1,56,spreadthesign,https://media.spreadthesign.com/video/mp4/13/357947.mp4,"[66, 13, 258, 240]"
67414,black,19,train,25,1,-1,109,asllex,https://youtu.be/kCT-we5dguI,"[96, 8, 374, 360]"
06481,black,19,test,25,1,-1,47,scott,https://www.youtube.com/watch?v=HoDXS3W8lEM,"[233, 3, 946, 720]"
06482,black,19,train,25,1,-1,5,aslu,https://www.youtube.com/watch?v=Huy9y5RyKAU,"[333, 21, 934, 720]"
06483,black,19,test,25,1,-1,5,aslu,https://www.youtube.com/watch?v=O5_4x8p5t4U,"[144, 6, 487, 360]"
06484,black,19,train,25,1,-1,68,nabboud,https://www.youtube.com/watch?v=TLoZKdMeA8w,"[316, 57, 889, 720]"
06485,black,19,train,25,1,-1,25,aslpro,http://www.aslpro.com/main/b/black.swf,"[45, 10, 285, 240]"
06486,black,19,train,25,1,-1,12,aslsearch,http://www.aslsearch.com/signs/videos/black.mp4,"[131, 52, 555, 400]"
69281,cool,20,train,25,1,-1,116,aslbrick,http://aslbricks.org/New/ASL-Videos/cool.mp4,"[148, 9, 605, 480]"
65403,cool,20,train,25,1,-1,102,aslsignbank,https://aslsignbank.haskins.yale.edu/dictionary/protected_media/glossvideo/ASL/CO/COOL-1158.mp4,"[175, 17, 495, 370]"
70271,cool,20,test,25,4948,5095,121,northtexas,https://www.youtube.com/watch?v=WGfiiDgrq1I,"[148, 46, 404, 360]"
13213,cool,20,train,25,1,-1,10,signingsavvy,https://www.signingsavvy.com/signs/mp4/24/24134.mp4,"[73, 16, 215, 192]"
13214,cool,20,train,25,1,-1,5,aslu,https://www.youtube.com/watch?v=pH3DDpGQe_E,"[329, 57, 926, 720]"
13197,cool,20,val,25,1,-1,4,signschool,https://signstock.blob.core.windows.net/signschool/videos/db_uploads/SignSchool%20Cool%203-2zFEI2o-HXc.mp4,"[504, 69, 1606, 1080]"
13216,cool,20,train,25,1,-1,12,aslsearch,http://www.aslsearch.com/signs/videos/cool2.mp4,"[154, 51, 527, 400]"
13217,cool,20,train,25,1,-1,12,aslsearch,http://www.aslsearch.com/signs/videos/cool.mp4,"[161, 50, 520, 400]"
13198,cool,20,test,25,1,-1,4,signschool,https://signstock.blob.core.windows.net/signschool/videos/db_uploads/SignSchool%20Cool%20cool-wonohTR_Bv4.mp4,"[822, 84, 1608, 1052]"
13199,cool,20,train,25,1,-1,4,signschool,https://signstock.blob.core.windows.net/signschool/videos/db_uploads/SignSchool%20Cool%2C%20Cool%20Down-8l_h3RsEM-4.mp4,"[609, 80, 1589, 1080]"
13200,cool,20,train,25,1,-1,4,signschool,https://signstock.blob.core.windows.net/signschool/videos/db_uploads/SignSchool%20Cool-5aJkQai-PKc.mp4,"[586, 95, 1564, 1080]"
13201,cool,20,train,25,1,-1,59,asldeafined,https://media.asldeafined.com/vocabulary/1466903138.2211.mp4,"[125, 18, 533, 480]"
65402,cool,20,val,25,1,-1,99,aslsignbank,https://aslsignbank.haskins.yale.edu/dictionary/protected_media/glossvideo/ASL/CO/COOL-575.mp4,"[163, 19, 476, 370]"
13202,cool,20,train,25,1,-1,59,asldeafined,https://media.asldeafined.com/vocabulary/1466903216.3416.mp4,"[114, 30, 509, 480]"
13203,cool,20,val,25,1,-1,17,asldeafined,https://media.asldeafined.com/vocabulary/1472219365.8123.mp4,"[73, 31, 560, 480]"
13205,cool,20,train,25,1,-1,14,handspeak,https://www.handspeak.com/word/c/cool-neat2.mp4,"[101, 0, 562, 479]"
13196,cool,20,test,25,1,-1,4,signschool,https://signstock.blob.core.windows.net/signschool/videos/db_uploads/SignSchool%20Cool%202-qCqdPZVJTYY.mp4,"[608, 85, 1596, 1077]"
13206,cool,20,train,25,1,-1,14,handspeak,https://www.handspeak.com/word/c/cool-neat.mp4,"[138, 0, 574, 480]"
13207,cool,20,val,25,1,-1,14,handspeak,https://www.handspeak.com/word/c/cool-weather.mp4,"[9, 0, 320, 240]"
13208,cool,20,train,25,1,-1,10,signingsavvy,https://www.signingsavvy.com/signs/mp4/22/22660.mp4,"[85, 20, 219, 192]"
13209,cool,20,train,25,1,-1,10,signingsavvy,https://www.signingsavvy.com/signs/mp4/23/23043.mp4,"[73, 21, 200, 192]"
21933,finish,21,test,25,1429,1481,9,asl5200,https://www.youtube.com/watch?v=lWaQxL25Aew,"[0, 0, 360, 240]"
70361,finish,21,test,25,7669,7786,121,northtexas,https://www.youtube.com/watch?v=bq-HmgjGzmw,"[181, 56, 437, 360]"
68050,finish,21,train,25,1,-1,109,valencia-asl,https://www.youtube.com/watch?v=JDc62QM6-GU,"[79, 11, 1224, 720]"
68674,finish,21,train,25,1,53,113,lillybauer,https://www.youtube.com/watch?v=luSKhV7GMUo,"[100, 8, 573, 358]"
68688,finish,21,train,25,1,42,115,lillybauer,https://www.youtube.com/watch?v=Mh3UZ1UsXzw,"[354, 3, 971, 720]"
21942,finish,21,val,25,1,-1,36,startasl,https://s3-us-west-1.amazonaws.com/files.startasl.com/asldictionary/finish.mp4,"[232, 15, 533, 414]"
21943,finish,21,train,25,1,-1,32,signschool,https://signstock.blob.core.windows.net/signschool/videos/db_uploads/SignSchool%20Finish%202-BNOu92X_Hws.mp4,"[757, 52, 1564, 1080]"
21944,finish,21,test,25,1,-1,45,signschool,https://signstock.blob.core.windows.net/signschool/videos/db_uploads/SignSchool%20Finish%2C%20That%27s%20Enough-UODQssr2FSc.mp4,"[734, 126, 1442, 1080]"
21945,finish,21,train,25,1,-1,21,asldeafined,https://media.asldeafined.com/vocabulary/1468494387.7315.mp4,"[62, 5, 564, 480]"
21946,finish,21,val,25,1,-1,20,handspeak,https://www.handspeak.com/word/f/finish2.mp4,"[70, 0, 571, 480]"
21949,finish,21,val,25,1,-1,10,signingsavvy,https://www.signingsavvy.com/signs/mp4/23/23269.mp4,"[94, 23, 208, 192]"
21950,finish,21,train,25,1,-1,11,signingsavvy,https://www.signingsavvy.com/signs/mp4/7/7267.mp4,"[74, 13, 227, 192]"
65721,finish,21,train,25,1,-1,94,aslsignbank,https://aslsignbank.haskins.yale.edu/dictionary/protected_media/glossvideo/ASL/FI/FINISH-456.mp4,"[136, 14, 521, 370]"
21941,finish,21,train,25,1,-1,37,spreadthesign,https://media.spreadthesign.com/video/mp4/13/455668.mp4,"[57, 0, 271, 240]"
67663,finish,21,train,25,1,-1,109,asllex,https://youtu.be/_1MKB3Avehs,"[99, 14, 388, 360]"
21951,finish,21,train,25,1,-1,11,signingsavvy,https://www.signingsavvy.com/signs/mp4/8/8336.mp4,"[96, 16, 231, 192]"
21952,finish,21,val,25,1,-1,5,aslu,https://www.youtube.com/watch?v=7xQE2N0z7gM,"[299, 36, 1026, 720]"
21953,finish,21,train,25,1,-1,5,aslu,https://www.youtube.com/watch?v=v3ncKPr_8ro,"[233, 41, 1040, 720]"
21954,finish,21,train,25,1,-1,5,aslu,https://www.youtube.com/watch?v=WujjGy4syeI,"[84, 0, 465, 360]"
21955,finish,21,train,25,1,-1,5,aslu,https://www.youtube.com/watch?v=WujjGy4syeI,"[285, 8, 1130, 720]"
21956,finish,21,train,25,1,-1,16,aslpro,http://www.aslpro.com/main/f/finish.swf,"[24, 8, 239, 240]"
28074,hot,22,test,25,2249,2285,9,asl5200,https://www.youtube.com/watch?v=SiBub8VD5wo,"[0, 0, 360, 240]"
69368,hot,22,val,25,1,-1,118,aslbrick,http://aslbricks.org/New/ASL-Videos/hot.mp4,"[284, 42, 886, 720]"
70270,hot,22,val,25,4497,4596,121,northtexas,https://www.youtube.com/watch?v=WGfiiDgrq1I,"[154, 35, 395, 360]"
28125,hot,22,train,25,1,-1,12,aslsearch,http://www.aslsearch.com/signs/videos/heat2.mp4,"[197, 49, 571, 400]"
28108,hot,22,train,25,1,-1,36,startasl,https://s3-us-west-1.amazonaws.com/files.startasl.com/asldictionary/hot.mp4,"[229, 17, 521, 414]"
28109,hot,22,train,25,1,-1,52,signschool,https://signstock.blob.core.windows.net/signschool/videos/db_uploads/SignSchool%20Hot-9X3bjjuKGMM.mp4,"[351, 11, 818, 480]"
28110,hot,22,train,25,1,-1,6,signschool,https://signstock.blob.core.windows.net/signschool/videos/db_uploads/SignSchool%20Hot-QCvXMjNN4PE.mp4,"[657, 78, 1430, 1080]"
28111,hot,22,train,25,1,-1,39,signschool,https://signstock.blob.core.windows.net/signschool/videos/db_uploads/SignSchool%20Hot-wy-09ieHXhM.mp4,"[544, 128, 1596, 1080]"
28112,hot,22,val,25,1,-1,21,asldeafined,https://media.asldeafined.com/vocabulary/1468638601.9688.mp4,"[61, 4, 500, 480]"
28113,hot,22,train,25,1,-1,14,handspeak,https://www.handspeak.com/word/h/hot2.mp4,"[114, 9, 538, 480]"
28114,hot,22,train,25,1,-1,20,handspeak,https://www.handspeak.com/word/h/hot.mp4,"[116, 18, 519, 480]"
28115,hot,22,train,25,1,-1,11,signingsavvy,https://www.signingsavvy.com/signs/mp4/14/14232.mp4,"[65, 9, 207, 192]"
28116,hot,22,train,25,1,-1,11,signingsavvy,https://www.signingsavvy.com/signs/mp4/6/6109.mp4,"[64, 11, 221, 192]"
28107,hot,22,train,25,1,-1,0,spreadthesign,https://media.spreadthesign.com/video/mp4/13/58462.mp4,"[51, 0, 250, 240]"
28118,hot,22,train,25,1,-1,5,aslu,https://www.youtube.com/watch?v=a0robonALIk,"[316, 30, 937, 720]"
28119,hot,22,test,25,1,-1,64,aslu,https://www.youtube.com/watch?v=Eya_OdUAevw,"[142, 37, 410, 339]"
28120,hot,22,train,25,1,-1,5,aslu,https://www.youtube.com/watch?v=Eya_OdUAevw,"[329, 36, 980, 720]"
28121,hot,22,test,25,1,-1,5,aslu,https://www.youtube.com/watch?v=F84dU7A7jI0,"[328, 34, 937, 720]"
28122,hot,22,train,25,1,-1,5,aslu,https://www.youtube.com/watch?v=IqCHIu9NrZs,"[293, 31, 955, 720]"
28123,hot,22,train,25,1,-1,65,nabboud,https://www.youtube.com/watch?v=Ob3drndU_yM,"[335, 88, 834, 720]"
28124,hot,22,train,25,1,-1,72,aslpro,http://www.aslpro.com/main/h/hot.swf,"[67, 1, 261, 240]"
69389,like,23,test,25,1,-1,118,aslbrick,http://aslbricks.org/New/ASL-Videos/like.mp4,"[344, 36, 876, 720]"
33266,like,23,train,25,1,-1,8,spreadthesign,https://media.spreadthesign.com/video/mp4/13/457551.mp4,"[68, 3, 234, 240]"
68093,like,23,test,25,1,-1,109,valencia-asl,https://www.youtube.com/watch?v=0qeMFifNqC4,"[403, 14, 1068, 720]"
70299,like,23,train,25,5546,5667,121,northtexas,https://www.youtube.com/watch?v=CSj7IScvZnE,"[152, 43, 390, 360]"
33285,like,23,train,25,1,-1,12,aslsearch,http://www.aslsearch.com/signs/videos/like4.mp4,"[189, 57, 540, 400]"
33267,like,23,train,25,1,-1,38,startasl,https://s3-us-west-1.amazonaws.com/files.startasl.com/asldictionary/like.mp4,"[408, 49, 805, 720]"
33286,like,23,test,25,1,-1,12,aslsearch,http://www.aslsearch.com/signs/videos/like.mp4,"[184, 61, 541, 400]"
33268,like,23,val,25,1,-1,60,signschool,https://signstock.blob.core.windows.net/signschool/videos/db_uploads/SignSchool%20really%20like-7y5Ye-2-ZBs.mp4,"[237, 13, 584, 360]"
33269,like,23,train,25,1,-1,13,asldeafined,https://media.asldeafined.com/vocabulary/1468711783.5361.mp4,"[132, 0, 506, 477]"
33270,like,23,val,25,1,-1,13,asldeafined,https://media.asldeafined.com/vocabulary/1468711809.2438.mp4,"[114, 0, 523, 480]"
33271,like,23,val,25,1,-1,20,handspeak,https://www.handspeak.com/word/l/like.mp4,"[152, 0, 567, 480]"
33273,like,23,train,25,1,-1,11,signingsavvy,https://www.signingsavvy.com/signs/mp4/14/14298.mp4,"[70, 11, 209, 192]"
33274,like,23,train,25,1,-1,11,signingsavvy,https://www.signingsavvy.com/signs/mp4/6/6394.mp4,"[73, 14, 213, 192]"
33277,like,23,train,25,1,-1,5,aslu,https://www.youtube.com/watch?v=qK3SqANZheA,"[325, 12, 985, 720]"
33278,like,23,train,25,1,-1,82,scott,https://www.youtube.com/watch?v=SbXfT74yfDI,"[283, 0, 873, 720]"
33279,like,23,train,25,1,-1,5,aslu,https://www.youtube.com/watch?v=vh7DN3usJgc,"[256, 0, 936, 720]"
33280,like,23,val,25,1,-1,5,aslu,https://www.youtube.com/watch?v=vh7DN3usJgc,"[256, 0, 936, 720]"
33281,like,23,train,25,1,-1,5,aslu,https://www.youtube.com/watch?v=vzUKt2pjkRI,"[162, 9, 493, 360]"
33282,like,23,train,25,1,-1,5,aslu,https://www.youtube.com/watch?v=vzUKt2pjkRI,"[349, 52, 952, 720]"
33283,like,23,train,25,1,-1,69,nabboud,https://www.youtube.com/watch?v=xKY35YaWuLE,"[364, 51, 840, 720]"
33284,like,23,train,25,1,-1,87,aslpro,http://www.aslpro.com/main/l/like.swf,"[32, 17, 215, 240]"
34822,many,24,test,25,461,517,9,asl5200,https://www.youtube.com/watch?v=IxO7unGawfk,"[0, 0, 360, 240]"
69396,many,24,val,25,1,-1,118,aslbrick,http://aslbricks.org/New/ASL-Videos/many.mp4,"[374, 52, 902, 720]"
70308,many,24,val,25,1524,1638,121,northtexas,https://www.youtube.com/watch?v=pc0-gVEETVg,"[111, 25, 276, 240]"
34823,many,24,train,25,1,-1,2,spreadthesign,https://media.spreadthesign.com/video/mp4/13/246018.mp4,"[26, 4, 278, 240]"
34824,many,24,train,25,1,-1,38,startasl,https://s3-us-west-1.amazonaws.com/files.startasl.com/asldictionary/many.mp4,"[426, 54, 796, 720]"
34825,many,24,train,25,1,-1,6,signschool,https://signstock.blob.core.windows.net/signschool/videos/db_uploads/SignSchool%20Many%202-j0vvJVAAcBs.mp4,"[552, 55, 1533, 1080]"
34826,many,24,train,25,1,-1,6,signschool,https://signstock.blob.core.windows.net/signschool/videos/db_uploads/SignSchool%20Many-RzCIBY5rsGA.mp4,"[659, 80, 1618, 1072]"
34827,many,24,train,25,1,-1,13,asldeafined,https://media.asldeafined.com/vocabulary/1468713681.2568.mp4,"[124, 0, 523, 480]"
34828,many,24,val,25,1,-1,20,handspeak,https://www.handspeak.com/word/m/many2.mp4,"[69, 0, 575, 480]"
34829,many,24,train,25,1,-1,20,handspeak,https://www.handspeak.com/word/m/many.mp4,"[82, 0, 608, 480]"
34830,many,24,train,25,1,-1,11,signingsavvy,https://www.signingsavvy.com/signs/mp4/6/6570.mp4,"[82, 14, 221, 192]"
34831,many,24,train,25,1,-1,11,signingsavvy,https://www.signingsavvy.com/signs/mp4/8/8040.mp4,"[84, 11, 230, 192]"
67873,many,24,train,25,1,-1,109,asllex,https://youtu.be/eTmzHLtBOnU,"[88, 20, 374, 360]"
34832,many,24,train,25,1,-1,11,signingsavvy,https://www.signingsavvy.com/signs/mp4/8/8041.mp4,"[86, 12, 228, 192]"
34833,many,24,train,25,1,-1,7,nabboud,https://www.youtube.com/watch?v=3B2kbN-ai6Y,"[338, 80, 968, 720]"
34834,many,24,test,25,1,-1,5,aslu,https://www.youtube.com/watch?v=7O2mS0Kz4CA,"[328, 41, 963, 720]"
34835,many,24,train,25,1,-1,5,aslu,https://www.youtube.com/watch?v=KBk8p5Xv2ow,"[340, 10, 1023, 720]"
34836,many,24,test,25,1,-1,5,aslu,https://www.youtube.com/watch?v=Ku9SWR4uSUI,"[330, 28, 966, 720]"
34837,many,24,train,25,1,-1,7,nabboud,https://www.youtube.com/watch?v=MHJPgvs2kP8,"[356, 84, 976, 720]"
34838,many,24,train,25,1,-1,83,aslpro,http://www.aslpro.com/main/m/many.swf,"[0, 8, 219, 240]"
34839,many,24,train,25,1,-1,41,aslsearch,http://www.aslsearch.com/signs/videos/many.mp4,"[223, 39, 471, 400]"
36927,mother,25,test,25,2187,2239,9,asl5200,https://www.youtube.com/watch?v=IxO7unGawfk,"[0, 0, 360, 240]"
69402,mother,25,val,25,1,-1,116,aslbrick,http://aslbricks.org/New/ASL-Videos/mother.mp4,"[172, 21, 476, 480]"
36945,mother,25,val,25,1,-1,87,aslpro,http://www.aslpro.com/main/m/mother.swf,"[29, 7, 225, 240]"
36946,mother,25,train,25,1,-1,41,aslsearch,http://www.aslsearch.com/signs/videos/mama.mp4,"[218, 38, 468, 400]"
36930,mother,25,train,25,1,-1,36,startasl,https://s3-us-west-1.amazonaws.com/files.startasl.com/asldictionary/mother.mp4,"[214, 17, 520, 414]"
36931,mother,25,train,25,1,-1,4,signschool,https://signstock.blob.core.windows.net/signschool/videos/db_uploads/SignSchool%20Mother%20Wiggle-ZwJlF1W1GbE.mp4,"[715, 59, 1630, 1071]"
36932,mother,25,train,25,1,-1,52,signschool,https://signstock.blob.core.windows.net/signschool/videos/SignSchool%20Mother.mp4,"[205, 17, 588, 360]"
36933,mother,25,train,25,1,-1,13,asldeafined,https://media.asldeafined.com/vocabulary/1468716729.3803.mp4,"[150, 0, 502, 480]"
36934,mother,25,val,25,1,-1,14,handspeak,https://www.handspeak.com/word/m/mother2.mp4,"[38, 3, 278, 240]"
36936,mother,25,train,25,1,-1,11,signingsavvy,https://www.signingsavvy.com/signs/mp4/6/6508.mp4,"[69, 16, 210, 192]"
36937,mother,25,train,25,1,-1,11,signingsavvy,https://www.signingsavvy.com/signs/mp4/6/6509.mp4,"[72, 18, 210, 192]"
36938,mother,25,train,25,1,-1,5,aslu,https://www.youtube.com/watch?v=4nGdzLPvoP4,"[174, 8, 500, 360]"
66147,mother,25,train,25,1,-1,97,aslsignbank,https://aslsignbank.haskins.yale.edu/dictionary/protected_media/glossvideo/ASL/MO/MOTHER-1590.mp4,"[136, 27, 465, 370]"
66146,mother,25,train,25,1,-1,90,aslsignbank,https://aslsignbank.haskins.yale.edu/dictionary/protected_media/glossvideo/ASL/MO/MOTHER-509.mp4,"[190, 13, 462, 370]"
36929,mother,25,train,25,1,-1,56,spreadthesign,https://media.spreadthesign.com/video/mp4/13/48601.mp4,"[48, 0, 263, 240]"
67908,mother,25,test,25,1,-1,109,asllex,https://youtu.be/MEhxsAx_n6A,"[105, 14, 372, 360]"
36939,mother,25,train,25,1,-1,5,aslu,https://www.youtube.com/watch?v=8yzUd0Md_uY,"[379, 38, 936, 720]"
36940,mother,25,test,25,1,-1,5,aslu,https://www.youtube.com/watch?v=CMElqMGZrHc,"[383, 38, 973, 720]"
36941,mother,25,train,25,1,-1,5,aslu,https://www.youtube.com/watch?v=gmBUPfuUbzc,"[322, 22, 980, 720]"
36942,mother,25,train,25,1,-1,5,aslu,https://www.youtube.com/watch?v=qUkCg3rtEws,"[387, 42, 946, 720]"
36944,mother,25,train,25,1,-1,5,aslu,https://www.youtube.com/watch?v=zv4zGZ92WAY,"[329, 33, 976, 720]"
38982,now,26,test,25,1842,1871,9,asl5200,https://www.youtube.com/watch?v=1_jXxjd0lKE,"[0, 0, 360, 240]"
69413,now,26,val,25,1,-1,118,aslbrick,http://aslbricks.org/New/ASL-Videos/now.mp4,"[340, 40, 954, 720]"
38994,now,26,val,25,1,-1,70,signschool,https://signstock.blob.core.windows.net/signschool/videos/db_uploads/SignSchool%20now-0wcuocGAvNU.mp4,"[251, 12, 761, 480]"
70345,now,26,train,25,4000,4107,121,northtexas,https://www.youtube.com/watch?v=bq-HmgjGzmw,"[177, 40, 459, 360]"
68694,now,26,train,25,1,69,115,lillybauer,https://www.youtube.com/watch?v=mKDG2tGn1Y8,"[104, 6, 570, 359]"
68770,now,26,train,25,50,116,113,lillybauer,https://www.youtube.com/watch?v=OQM3x-HY2dM,"[88, 7, 1048, 720]"
68114,now,26,train,25,1,-1,109,valencia-asl,https://www.youtube.com/watch?v=vmGh2IPdSRU,"[73, 7, 1193, 720]"
38999,now,26,train,25,1,-1,11,signingsavvy,https://www.signingsavvy.com/signs/mp4/7/7774.mp4,"[85, 19, 229, 192]"
39000,now,26,val,25,1,-1,11,signingsavvy,https://www.signingsavvy.com/signs/mp4/9/9785.mp4,"[64, 12, 213, 192]"
39001,now,26,train,25,1,-1,5,aslu,https://www.youtube.com/watch?v=EtW1-NdM5qI,"[52, 16, 506, 360]"
39002,now,26,train,25,1,-1,5,aslu,https://www.youtube.com/watch?v=EtW1-NdM5qI,"[305, 41, 1017, 720]"
39003,now,26,train,25,1,-1,5,aslu,https://www.youtube.com/watch?v=g2j70neQ_lI,"[333, 38, 983, 720]"
38990,now,26,train,25,1,-1,2,spreadthesign,https://media.spreadthesign.com/video/mp4/13/111145.mp4,"[58, 2, 262, 240]"
67937,now,26,train,25,1,-1,109,asllex,https://youtu.be/hIPRC-_00vs,"[111, 20, 343, 360]"
39004,now,26,train,25,1,-1,5,aslu,https://www.youtube.com/watch?v=OdOx4qaYlKI,"[381, 47, 965, 720]"
39005,now,26,test,25,1,-1,30,aslpro,http://www.aslpro.com/main/n/now.swf,"[0, 10, 230, 240]"
39006,now,26,train,25,1,-1,12,aslsearch,http://www.aslsearch.com/signs/videos/now.mp4,"[200, 52, 569, 400]"
38991,now,26,test,25,1,-1,56,spreadthesign,https://media.spreadthesign.com/video/mp4/13/49006.mp4,"[46, 1, 273, 240]"
38995,now,26,train,25,1,-1,13,asldeafined,https://media.asldeafined.com/vocabulary/1468719996.5074.mp4,"[124, 0, 532, 480]"
38996,now,26,train,25,1,-1,14,handspeak,https://www.handspeak.com/word/n/now.mp4,"[106, 0, 561, 480]"
38997,now,26,train,25,1,-1,11,signingsavvy,https://www.signingsavvy.com/signs/mp4/7/7687.mp4,"[78, 20, 219, 192]"
40114,orange,27,test,25,1181,1240,9,asl5200,https://www.youtube.com/watch?v=K1VPkuTMpP0,"[0, 0, 360, 240]"
69422,orange,27,val,25,1,-1,118,aslbrick,http://aslbricks.org/New/ASL-Videos/orange.mp4,"[363, 40, 871, 720]"
70310,orange,27,val,25,1835,1938,121,northtexas,https://www.youtube.com/watch?v=pc0-gVEETVg,"[109, 22, 280, 240]"
70249,orange,27,train,25,1858,1971,121,northtexas,https://www.youtube.com/watch?v=WprUBqi3iBc,"[165, 42, 395, 360]"
68122,orange,27,train,25,1,-1,111,valencia-asl,https://www.youtube.com/watch?v=WuwIz-vDMUc,"[203, 0, 588, 480]"
40115,orange,27,train,25,1,-1,2,spreadthesign,https://media.spreadthesign.com/video/mp4/13/91534.mp4,"[82, 32, 233, 240]"
40116,orange,27,train,25,1,-1,36,startasl,https://s3-us-west-1.amazonaws.com/files.startasl.com/asldictionary/orange.mp4,"[223, 16, 527, 414]"
40117,orange,27,train,25,1,-1,39,signschool,https://signstock.blob.core.windows.net/signschool/videos/db_uploads/SignSchool%20Orange-mylSeGckZJs.mp4,"[910, 68, 1734, 1056]"
40118,orange,27,val,25,1,-1,13,asldeafined,https://media.asldeafined.com/vocabulary/1468722445.5887.mp4,"[140, 0, 497, 480]"
40119,orange,27,train,25,1,-1,13,asldeafined,https://media.asldeafined.com/vocabulary/1468722468.1582.mp4,"[140, 0, 497, 480]"
40120,orange,27,train,25,1,-1,14,handspeak,https://www.handspeak.com/word/o/orange.mp4,"[42, 15, 262, 240]"
40121,orange,27,train,25,1,-1,11,signingsavvy,https://www.signingsavvy.com/signs/mp4/14/14519.mp4,"[81, 10, 222, 192]"
40122,orange,27,train,25,1,-1,5,aslu,https://www.youtube.com/watch?v=3VAeP_x9tFg,"[338, 40, 942, 720]"
40123,orange,27,train,25,1,-1,5,aslu,https://www.youtube.com/watch?v=gHyJ2zdCVHw,"[329, 40, 949, 720]"
66246,orange,27,train,25,1,-1,107,aslsignbank,https://aslsignbank.haskins.yale.edu/dictionary/protected_media/glossvideo/ASL/OR/ORANGE-521.mp4,"[146, 2, 484, 370]"
67949,orange,27,test,25,1,-1,109,asllex,https://youtu.be/F4cpgfDA0ds,"[134, 17, 377, 360]"
40124,orange,27,train,25,1,-1,68,nabboud,https://www.youtube.com/watch?v=juHCHcRrGew,"[411, 72, 892, 720]"
40126,orange,27,test,25,1,-1,47,scott,https://www.youtube.com/watch?v=V3hT7-PIJz4,"[350, 8, 932, 720]"
40128,orange,27,train,25,1,-1,30,aslpro,http://www.aslpro.com/main/o/orange.swf,"[6, 10, 230, 240]"
40129,orange,27,train,25,1,-1,12,aslsearch,http://www.aslsearch.com/signs/videos/orange.mp4,"[175, 50, 531, 400]"
40130,orange,27,train,25,1,-1,12,aslsearch,http://www.aslsearch.com/signs/videos/orange.mp4,"[175, 50, 531, 400]"
56552,table,28,test,25,24,80,9,asl5200,https://www.youtube.com/watch?v=x6CehcknaH8,"[0, 0, 360, 240]"
70323,table,28,val,25,4848,4943,121,northtexas,https://www.youtube.com/watch?v=pc0-gVEETVg,"[118, 32, 296, 240]"
68972,table,28,val,25,1,54,115,lillybauer,https://www.youtube.com/watch?v=VQMheRBg2Mw,"[316, 0, 998, 720]"
56573,table,28,train,25,1,-1,72,aslpro,http://www.aslpro.com//main/t/table_place_setting.swf,"[0, 8, 235, 240]"
56574,table,28,train,25,1,-1,72,aslpro,http://www.aslpro.com//main/t/table_stacking.swf,"[0, 9, 236, 240]"
56557,table,28,train,25,1,-1,4,signschool,https://signstock.blob.core.windows.net/signschool/videos/db_uploads/SignSchool%20Booth%2C%20Desk%2C%20Table-8QbAD7Y9UEk.mp4,"[558, 75, 1619, 1080]"
56576,table,28,train,25,1,-1,72,aslpro,http://www.aslpro.com//main/t/table_umbrella_and_chairs.swf,"[0, 4, 242, 240]"
56577,table,28,train,25,1,-1,49,aslpro,http://www.aslpro.com//main/t/table_umbrella.swf,"[0, 4, 240, 240]"
56578,table,28,val,25,1,-1,49,aslpro,http://www.aslpro.com//main/t/table_vanity.swf,"[6, 11, 230, 240]"
56579,table,28,train,25,1,-1,12,aslsearch,http://www.aslsearch.com/signs/videos/counter2.mp4,"[159, 60, 542, 400]"
56558,table,28,train,25,1,-1,13,asldeafined,https://media.asldeafined.com/vocabulary/1468942806.9415.mp4,"[88, 0, 599, 480]"
56556,table,28,train,25,1,-1,38,startasl,https://s3-us-west-1.amazonaws.com/files.startasl.com/asldictionary/table.mp4,"[374, 52, 810, 720]"
56560,table,28,train,25,1,-1,14,handspeak,https://www.handspeak.com/word/t/table.mp4,"[40, 0, 536, 480]"
56563,table,28,train,25,1,-1,11,signingsavvy,https://www.signingsavvy.com/signs/mp4/9/9252.mp4,"[65, 18, 213, 192]"
56564,table,28,train,25,1,-1,65,nabboud,https://www.youtube.com/watch?v=DB5oSxy6rrc,"[318, 87, 864, 720]"
67275,table,28,test,25,1,-1,109,asllex,https://youtu.be/XtP6_KGsQwE,"[111, 20, 408, 360]"
56566,table,28,train,25,1,-1,5,aslu,https://www.youtube.com/watch?v=mEgQI-DHntY,"[260, 35, 1023, 720]"
56567,table,28,test,25,1,-1,5,aslu,https://www.youtube.com/watch?v=UJINxF1cSUA,"[187, 22, 1025, 720]"
56568,table,28,train,25,1,-1,72,aslpro,http://www.aslpro.com//main/t/table_coffee.swf,"[10, 10, 233, 240]"
56569,table,28,train,25,1,-1,72,aslpro,http://www.aslpro.com//main/t/table_decorative.swf,"[7, 8, 227, 240]"
56571,table,28,train,25,1,-1,72,aslpro,http://www.aslpro.com//main/t/table_folding.swf,"[0, 9, 258, 240]"
69092,thanksgiving,29,train,25,1,49,112,lillybauer,https://www.youtube.com/watch?v=ZxOqr6aCVLc,"[302, 27, 918, 720]"
57645,thanksgiving,29,train,25,1,-1,5,aslu,https://www.youtube.com/watch?v=SX3ppKcVdKA,"[307, 24, 952, 720]"
57646,thanksgiving,29,test,25,1,-1,24,aslpro,http://www.aslpro.com/main/t/thanksgiving.swf,"[5, 14, 238, 240]"
57628,thanksgiving,29,val,25,1,-1,19,elementalasl,https://elementalaslconcepts.weebly.com/uploads/2/4/4/5/24454483/thanksgiving.mov,"[79, 10, 242, 180]"
57647,thanksgiving,29,train,25,1,-1,12,aslsearch,http://www.aslsearch.com/signs/videos/thanksgiving.mp4,"[171, 50, 538, 400]"
57629,thanksgiving,29,val,25,1,-1,2,spreadthesign,https://media.spreadthesign.com/video/mp4/13/244790.mp4,"[41, 13, 251, 240]"
57630,thanksgiving,29,train,25,1,-1,38,startasl,https://s3-us-west-1.amazonaws.com/files.startasl.com/asldictionary/thanksgiving2.mp4,"[402, 56, 823, 720]"
57631,thanksgiving,29,train,25,1,-1,38,startasl,https://s3-us-west-1.amazonaws.com/files.startasl.com/asldictionary/thanksgiving.mp4,"[406, 54, 825, 720]"
57632,thanksgiving,29,train,25,1,-1,4,signschool,https://signstock.blob.core.windows.net/signschool/videos/db_uploads/SignSchool%20Thanksgiving-jCauWIb_KEw.mp4,"[689, 87, 1577, 1074]"
57633,thanksgiving,29,train,25,1,-1,13,asldeafined,https://media.asldeafined.com/vocabulary/1468944257.5323.mp4,"[131, 0, 560, 480]"
57634,thanksgiving,29,train,25,1,-1,15,asldeafined,https://media.asldeafined.com/vocabulary/1522763808.287.mp4,"[121, 31, 528, 480]"
67292,thanksgiving,29,train,25,1,-1,109,asllex,https://youtu.be/3PcHDlj9WEc,"[104, 13, 354, 360]"
57635,thanksgiving,29,train,25,1,-1,15,asldeafined,https://media.asldeafined.com/vocabulary/1522763837.9158.mp4,"[150, 24, 521, 480]"
57636,thanksgiving,29,train,25,1,-1,14,handspeak,https://www.handspeak.com/word/t/thanksgiving-ca.mp4,"[77, 0, 582, 480]"
57637,thanksgiving,29,test,25,1,-1,14,handspeak,https://www.handspeak.com/word/t/thanksgiving-us.mp4,"[82, 0, 547, 480]"
57638,thanksgiving,29,train,25,1,-1,10,signingsavvy,https://www.signingsavvy.com/signs/mp4/23/23272.mp4,"[94, 19, 238, 192]"
57639,thanksgiving,29,val,25,1,-1,10,signingsavvy,https://www.signingsavvy.com/signs/mp4/23/23652.mp4,"[66, 15, 209, 192]"
57640,thanksgiving,29,test,25,1,-1,10,signingsavvy,https://www.signingsavvy.com/signs/mp4/23/23653.mp4,"[65, 16, 209, 192]"
57641,thanksgiving,29,train,25,1,-1,11,signingsavvy,https://www.signingsavvy.com/signs/mp4/9/9026.mp4,"[64, 16, 214, 192]"
57642,thanksgiving,29,train,25,1,-1,5,aslu,https://www.youtube.com/watch?v=2wmuIc7XVUY,"[354, 14, 1028, 720]"
57643,thanksgiving,29,train,25,1,-1,5,aslu,https://www.youtube.com/watch?v=eyaWHo4EwPQ,"[332, 25, 936, 720]"
62944,what,30,val,25,1748,1780,9,asl5200,https://www.youtube.com/watch?v=A5dihMAjeTE,"[0, 0, 360, 240]"
69531,what,30,val,25,1,-1,118,aslbrick,http://aslbricks.org/New/ASL-Videos/what.mp4,"[155, 34, 1067, 720]"
68330,what,30,train,25,1,55,115,lillybauer,https://www.youtube.com/watch?v=AK26EQRsH7k,"[342, 10, 960, 720]"
62967,what,30,test,25,1,-1,39,signschool,https://signstock.blob.core.windows.net/signschool/videos/db_uploads/SignSchool%20What%202-xFO06HB3kFs.mp4,"[766, 98, 1727, 1080]"
62968,what,30,train,25,1,-1,32,signschool,https://signstock.blob.core.windows.net/signschool/videos/db_uploads/SignSchool%20What-tzER8F2xbB0.mp4,"[333, 61, 1614, 1080]"
62982,what,30,train,25,1,-1,80,nabboud,https://www.youtube.com/watch?v=M1gXuGSWqVI,"[311, 119, 890, 720]"
62970,what,30,train,25,1,-1,13,asldeafined,https://media.asldeafined.com/vocabulary/1468927879.8532.mp4,"[78, 9, 560, 480]"
62984,what,30,train,25,1,-1,5,aslu,https://www.youtube.com/watch?v=sSdQWC7mUZc,"[228, 11, 953, 720]"
62971,what,30,train,25,1,-1,14,handspeak,https://www.handspeak.com/word/w/what2.mp4,"[181, 0, 501, 360]"
66769,what,30,train,25,1,-1,88,aslsignbank,https://aslsignbank.haskins.yale.edu/dictionary/protected_media/glossvideo/ASL/WH/WHAT-1425.mp4,"[173, 7, 480, 370]"
67057,what,30,train,25,1,-1,109,asllex,https://youtu.be/sbODkAcZ5Mw,"[43, 19, 399, 360]"
62986,what,30,train,25,1,-1,30,aslpro,http://www.aslpro.com/main/w/what.swf,"[4, 15, 236, 240]"
62973,what,30,train,25,1,-1,14,handspeak,https://www.handspeak.com/word/w/what.mp4,"[166, 0, 520, 360]"
62987,what,30,test,25,1,-1,12,aslsearch,http://www.aslsearch.com/signs/videos/what2.mp4,"[159, 58, 577, 400]"
62964,what,30,train,25,1,-1,42,spreadthesign,https://media.spreadthesign.com/video/mp4/13/51095.mp4,"[50, 0, 280, 240]"
67058,what,30,train,25,1,-1,109,asllex,https://youtu.be/XO9Lq5Gyuaw,"[50, 20, 430, 360]"
62988,what,30,val,25,1,-1,12,aslsearch,http://www.aslsearch.com/signs/videos/what.mp4,"[185, 61, 560, 400]"
62975,what,30,test,25,1,-1,10,signingsavvy,https://www.signingsavvy.com/signs/mp4/23/23463.mp4,"[52, 24, 246, 192]"
62965,what,30,val,25,1,-1,36,startasl,https://s3-us-west-1.amazonaws.com/files.startasl.com/asldictionary/what.mp4,"[179, 13, 606, 414]"
62979,what,30,train,25,1,-1,11,signingsavvy,https://www.signingsavvy.com/signs/mp4/5/5985.mp4,"[77, 2, 231, 192]"
62966,what,30,train,25,1,-1,4,signschool,https://signstock.blob.core.windows.net/signschool/videos/db_uploads/SignSchool%20What-0SsXCKwjrpA.mp4,"[509, 75, 1631, 1080]"
63662,woman,31,test,25,3191,3250,9,asl5200,https://www.youtube.com/watch?v=A5dihMAjeTE,"[0, 0, 360, 240]"
68187,woman,31,val,25,1,-1,110,valencia-asl,https://www.youtube.com/watch?v=i47aN_PUDvk,"[128, 0, 650, 480]"
68764,woman,31,val,25,1,54,115,lillybauer,https://www.youtube.com/watch?v=OgcjUatW9LA,"[336, 19, 905, 720]"
63679,woman,31,train,25,1,-1,41,aslsearch,http://www.aslsearch.com/signs/videos/woman.mp4,"[231, 38, 486, 400]"
63665,woman,31,train,25,1,-1,36,startasl,https://s3-us-west-1.amazonaws.com/files.startasl.com/asldictionary/woman2.mp4,"[215, 16, 525, 414]"
63666,woman,31,train,25,1,-1,36,startasl,https://s3-us-west-1.amazonaws.com/files.startasl.com/asldictionary/woman.mp4,"[216, 15, 525, 414]"
63667,woman,31,train,25,1,-1,4,signschool,https://signstock.blob.core.windows.net/signschool/videos/db_uploads/SignSchool%20Female%2C%20Woman-UzzZAyAR-rU.mp4,"[664, 83, 1585, 1072]"
63668,woman,31,train,25,1,-1,39,signschool,https://signstock.blob.core.windows.net/signschool/videos/db_uploads/SignSchool%20Woman-rKWxvDjIcvg.mp4,"[913, 49, 1738, 1071]"
63669,woman,31,val,25,1,-1,13,asldeafined,https://media.asldeafined.com/vocabulary/1468928952.8639.mp4,"[81, 14, 511, 480]"
63670,woman,31,train,25,1,-1,14,handspeak,https://www.handspeak.com/word/w/woman2.mp4,"[87, 0, 483, 480]"
63671,woman,31,train,25,1,-1,14,handspeak,https://www.handspeak.com/word/w/woman.mp4,"[94, 0, 507, 480]"
63672,woman,31,train,25,1,-1,11,signingsavvy,https://www.signingsavvy.com/signs/mp4/6/6188.mp4,"[71, 14, 215, 192]"
63673,woman,31,train,25,1,-1,11,signingsavvy,https://www.signingsavvy.com/signs/mp4/8/8401.mp4,"[78, 14, 234, 192]"
66798,woman,31,train,25,1,-1,88,aslsignbank,https://aslsignbank.haskins.yale.edu/dictionary/protected_media/glossvideo/ASL/WO/WOMAN-1443.mp4,"[188, 8, 488, 370]"
66799,woman,31,train,25,1,-1,88,aslsignbank,https://aslsignbank.haskins.yale.edu/dictionary/protected_media/glossvideo/ASL/WO/WOMAN-1446.mp4,"[167, 2, 479, 370]"
63664,woman,31,test,25,1,-1,42,spreadthesign,https://media.spreadthesign.com/video/mp4/13/51081.mp4,"[33, 0, 294, 240]"
67078,woman,31,train,25,1,-1,109,asllex,https://youtu.be/2GhoeP8Gcyk,"[113, 28, 367, 360]"
63675,woman,31,test,25,1,-1,5,aslu,https://www.youtube.com/watch?v=GobeSyJHyLk,"[375, 38, 972, 720]"
63676,woman,31,train,25,1,-1,5,aslu,https://www.youtube.com/watch?v=-tJtocMNeI8,"[326, 35, 942, 720]"
63677,woman,31,train,25,1,-1,5,aslu,https://www.youtube.com/watch?v=ToVkVdAa34Q,"[334, 36, 961, 720]"
63678,woman,31,train,25,1,-1,24,aslpro,http://www.aslpro.com/main/w/woman.swf,"[17, 17, 194, 240]"
05628,bed,32,test,25,1456,1505,9,asl5200,https://www.youtube.com/watch?v=pDqITge_TGs,"[0, 0, 360, 240]"
05643,bed,32,val,25,1,-1,49,aslpro,http://www.aslpro.com/main/b/bed.swf,"[14, 9, 227, 240]"
05644,bed,32,train,25,1,-1,12,aslsearch,http://www.aslsearch.com/signs/videos/bed.mp4,"[170, 52, 534, 400]"
05629,bed,32,train,25,1,-1,2,spreadthesign,https://media.spreadthesign.com/video/mp4/13/123626.mp4,"[64, 12, 265, 240]"
05630,bed,32,train,25,1,-1,38,startasl,https://s3-us-west-1.amazonaws.com/files.startasl.com/asldictionary/bed.mp4,"[413, 57, 807, 720]"
05631,bed,32,train,25,1,-1,4,signschool,https://signstock.blob.core.windows.net/signschool/videos/db_uploads/SignSchool%20Bed%202-ORy44F0bpkU.mp4,"[617, 68, 1584, 1080]"
05632,bed,32,train,25,1,-1,4,signschool,https://signstock.blob.core.windows.net/signschool/videos/db_uploads/SignSchool%20Bed%204-Y5FkAjWcqcw.mp4,"[639, 79, 1541, 1080]"
05633,bed,32,train,25,1,-1,4,signschool,https://signstock.blob.core.windows.net/signschool/videos/db_uploads/SignSchool%20Bed-Btm85a-1LuM.mp4,"[697, 82, 1644, 1068]"
05634,bed,32,train,25,1,-1,13,asldeafined,https://media.asldeafined.com/vocabulary/1466681104.4565.mp4,"[126, 20, 533, 480]"
05635,bed,32,train,25,1,-1,20,handspeak,https://www.handspeak.com/word/b/bed.mp4,"[131, 14, 512, 480]"
05636,bed,32,train,25,1,-1,10,signingsavvy,https://www.signingsavvy.com/signs/mp4/23/23233.mp4,"[72, 23, 218, 192]"
65162,bed,32,train,25,1,-1,91,aslsignbank,https://aslsignbank.haskins.yale.edu/dictionary/protected_media/glossvideo/ASL/BE/BED-1974.mp4,"[217, 31, 465, 370]"
05637,bed,32,train,25,1,-1,10,signingsavvy,https://www.signingsavvy.com/signs/mp4/23/23908.mp4,"[74, 18, 192, 192]"
65163,bed,32,val,25,1,-1,89,aslsignbank,https://aslsignbank.haskins.yale.edu/dictionary/protected_media/glossvideo/ASL/BE/BED-2101.mp4,"[199, 0, 510, 370]"
65161,bed,32,train,25,1,-1,88,aslsignbank,https://aslsignbank.haskins.yale.edu/dictionary/protected_media/glossvideo/ASL/BE/BED-384.mp4,"[188, 5, 495, 370]"
67400,bed,32,val,25,1,-1,109,asllex,https://youtu.be/Rl52rS9gxSU,"[105, 19, 386, 360]"
05638,bed,32,train,25,1,-1,11,signingsavvy,https://www.signingsavvy.com/signs/mp4/6/6637.mp4,"[72, 17, 219, 192]"
05639,bed,32,test,25,1,-1,5,aslu,https://www.youtube.com/watch?v=6lQwfs5E7lM,"[330, 31, 923, 720]"
05641,bed,32,train,25,1,-1,5,aslu,https://www.youtube.com/watch?v=RnbIsdsBc5Y,"[341, 50, 996, 720]"
05642,bed,32,train,25,1,-1,65,nabboud,https://www.youtube.com/watch?v=zsInxFbekV8,"[375, 86, 837, 720]"
06822,blue,33,test,25,3453,3512,9,asl5200,https://www.youtube.com/watch?v=pDqITge_TGs,"[0, 0, 360, 240]"
69238,blue,33,val,25,1,-1,118,aslbrick,http://aslbricks.org/New/ASL-Videos/blue.mp4,"[257, 39, 881, 720]"
68274,blue,33,train,25,1,36,112,lillybauer,https://www.youtube.com/watch?v=6I9PNDl8A_U,"[340, 4, 895, 720]"
68010,blue,33,train,25,1,-1,111,valencia-asl,https://www.youtube.com/watch?v=ZpxhfHSHi7Q,"[276, 0, 659, 480]"
06835,blue,33,train,25,1,-1,59,asldeafined,https://media.asldeafined.com/vocabulary/1466683577.262.mp4,"[125, 26, 528, 480]"
06836,blue,33,train,25,1,-1,14,handspeak,https://www.handspeak.com/word/b/blue-deep.mp4,"[40, 19, 302, 240]"
06837,blue,33,train,25,1,-1,14,handspeak,https://www.handspeak.com/word/b/blue-light.mp4,"[52, 17, 278, 240]"
06838,blue,33,train,25,1,-1,14,handspeak,https://www.handspeak.com/word/b/blue.mp4,"[52, 20, 268, 240]"
06839,blue,33,train,25,1,-1,10,signingsavvy,https://www.signingsavvy.com/signs/mp4/22/22144.mp4,"[90, 21, 213, 192]"
06840,blue,33,train,25,1,-1,5,aslu,https://www.youtube.com/watch?v=2O8jkekJkiE,"[324, 57, 923, 720]"
06841,blue,33,train,25,1,-1,47,scott,https://www.youtube.com/watch?v=ckcIj13POaE,"[358, 9, 954, 720]"
65216,blue,33,train,25,1,-1,90,aslsignbank,https://aslsignbank.haskins.yale.edu/dictionary/protected_media/glossvideo/ASL/BL/BLUE-417.mp4,"[158, 24, 482, 370]"
06832,blue,33,train,25,1,-1,8,spreadthesign,https://media.spreadthesign.com/video/mp4/13/455254.mp4,"[41, 0, 232, 240]"
67420,blue,33,val,25,1,-1,109,asllex,https://youtu.be/b_4KkOWYXIU,"[99, 19, 383, 360]"
06842,blue,33,train,25,1,-1,5,aslu,https://www.youtube.com/watch?v=JD2yYYdS4xg,"[351, 47, 942, 720]"
06843,blue,33,val,25,1,-1,68,nabboud,https://www.youtube.com/watch?v=Xi6L8dzG8YQ,"[371, 68, 878, 720]"
06844,blue,33,train,25,1,-1,24,aslpro,http://www.aslpro.com/main/b/blue.swf,"[13, 15, 198, 240]"
06845,blue,33,test,25,1,-1,41,aslsearch,http://www.aslsearch.com/signs/videos/blue.mp4,"[232, 39, 483, 400]"
06833,blue,33,train,25,1,-1,36,startasl,https://s3-us-west-1.amazonaws.com/files.startasl.com/asldictionary/blue.mp4,"[225, 18, 519, 414]"
06834,blue,33,train,25,1,-1,46,signschool,https://signstock.blob.core.windows.net/signschool/videos/SignSchool%20Blue.mp4,"[188, 0, 794, 720]"
07383,bowling,34,test,25,4053,4099,9,asl5200,https://www.youtube.com/watch?v=pDqITge_TGs,"[0, 0, 360, 240]"
07403,bowling,34,val,25,1,-1,44,aslpro,http://www.aslpro.com//main/b/bowling.swf,"[0, 1, 237, 240]"
07389,bowling,34,train,25,1,-1,38,startasl,https://s3-us-west-1.amazonaws.com/files.startasl.com/asldictionary/bowling.mp4,"[424, 56, 833, 720]"
07390,bowling,34,train,25,1,-1,31,signschool,https://signstock.blob.core.windows.net/signschool/videos/db_uploads/SignSchool%20Bowling%202-jScnRm5hYNo.mp4,"[737, 142, 1494, 1080]"
07391,bowling,34,train,25,1,-1,31,signschool,https://signstock.blob.core.windows.net/signschool/videos/db_uploads/SignSchool%20Bowling%203-SF414zqKaLY.mp4,"[685, 146, 1545, 1080]"
07392,bowling,34,train,25,1,-1,31,signschool,https://signstock.blob.core.windows.net/signschool/videos/db_uploads/SignSchool%20Bowling-i2ibKcoIOSY.mp4,"[627, 134, 1450, 1069]"
07393,bowling,34,train,25,1,-1,4,signschool,https://signstock.blob.core.windows.net/signschool/videos/db_uploads/SignSchool%20Bowling-VJCD8tZiLhc.mp4,"[428, 47, 1680, 1080]"
07394,bowling,34,train,25,1,-1,59,asldeafined,https://media.asldeafined.com/vocabulary/1466684977.5374.mp4,"[106, 23, 557, 480]"
07395,bowling,34,train,25,1,-1,14,handspeak,https://www.handspeak.com/word/b/bowling2.mp4,"[32, 10, 264, 240]"
07396,bowling,34,train,25,1,-1,14,handspeak,https://www.handspeak.com/word/b/bowling-game.mp4,"[57, 13, 264, 240]"
07397,bowling,34,train,25,1,-1,11,signingsavvy,https://www.signingsavvy.com/signs/mp4/14/14322.mp4,"[69, 12, 217, 192]"
65242,bowling,34,train,25,1,-1,99,aslsignbank,https://aslsignbank.haskins.yale.edu/dictionary/protected_media/glossvideo/ASL/BO/BOWLING-2448.mp4,"[179, 18, 530, 370]"
65241,bowling,34,train,25,1,-1,90,aslsignbank,https://aslsignbank.haskins.yale.edu/dictionary/protected_media/glossvideo/ASL/BO/BOWLING-722.mp4,"[159, 26, 477, 370]"
07388,bowling,34,val,25,1,-1,2,spreadthesign,https://media.spreadthesign.com/video/mp4/13/125215.mp4,"[55, 13, 258, 240]"
67431,bowling,34,train,25,1,-1,109,asllex,https://youtu.be/GZ_G19YmWO8,"[48, 18, 385, 360]"
07398,bowling,34,val,25,1,-1,11,signingsavvy,https://www.signingsavvy.com/signs/mp4/14/14420.mp4,"[84, 17, 226, 192]"
07399,bowling,34,train,25,1,-1,11,signingsavvy,https://www.signingsavvy.com/signs/mp4/14/14421.mp4,"[68, 10, 222, 192]"
07400,bowling,34,test,25,1,-1,11,signingsavvy,https://www.signingsavvy.com/signs/mp4/6/6345.mp4,"[89, 9, 213, 192]"
07401,bowling,34,train,25,1,-1,5,aslu,https://www.youtube.com/watch?v=8WU50RPuCL0,"[287, 52, 915, 720]"
07402,bowling,34,train,25,1,-1,5,aslu,https://www.youtube.com/watch?v=iIr9H2LXllA,"[339, 51, 939, 720]"
69257,can,35,test,25,1,-1,118,aslbrick,http://aslbricks.org/New/ASL-Videos/can.mp4,"[285, 31, 964, 720]"
65294,can,35,val,25,1,-1,90,aslsignbank,https://aslsignbank.haskins.yale.edu/dictionary/protected_media/glossvideo/ASL/CA/CAN-426.mp4,"[137, 15, 500, 370]"
08950,can,35,train,25,1,-1,65,nabboud,https://www.youtube.com/watch?v=_jv2aC-37vQ,"[237, 51, 954, 720]"
08951,can,35,train,25,1,-1,7,nabboud,https://www.youtube.com/watch?v=trqyl20lEno,"[349, 87, 925, 720]"
08952,can,35,train,25,1,-1,65,nabboud,https://www.youtube.com/watch?v=-VJGz9f7DMY,"[224, 43, 964, 720]"
08953,can,35,train,25,1,-1,30,aslpro,http://www.aslpro.com/main/c/can.swf,"[1, 17, 220, 240]"
08955,can,35,train,25,1,-1,12,aslsearch,http://www.aslsearch.com/signs/videos/can.mp4,"[163, 54, 555, 400]"
08935,can,35,train,25,1,-1,38,startasl,https://s3-us-west-1.amazonaws.com/files.startasl.com/asldictionary/can.mp4,"[434, 54, 814, 720]"
08936,can,35,train,25,1,-1,70,signschool,https://signstock.blob.core.windows.net/signschool/videos/db_uploads/SignSchool%20can%202-jK3eUJXZ3h8.mp4,"[201, 5, 823, 480]"
08937,can,35,train,25,1,-1,59,asldeafined,https://media.asldeafined.com/vocabulary/1466726413.7244.mp4,"[69, 17, 552, 480]"
08938,can,35,train,25,1,-1,59,asldeafined,https://media.asldeafined.com/vocabulary/1522766215.7563.mp4,"[110, 29, 555, 480]"
08939,can,35,train,25,1,-1,20,handspeak,https://www.handspeak.com/word/c/can.mp4,"[50, 6, 534, 480]"
08942,can,35,train,25,1,-1,11,signingsavvy,https://www.signingsavvy.com/signs/mp4/7/7817.mp4,"[76, 18, 237, 192]"
67465,can,35,val,25,1,-1,109,asllex,https://youtu.be/XKsE3bqirCc,"[79, 17, 404, 360]"
08944,can,35,train,25,1,-1,11,signingsavvy,https://www.signingsavvy.com/signs/mp4/9/9064.mp4,"[70, 18, 217, 192]"
08945,can,35,val,25,1,-1,5,aslu,https://www.youtube.com/watch?v=4zPifaOHJIE,"[265, 0, 956, 720]"
08946,can,35,train,25,1,-1,5,aslu,https://www.youtube.com/watch?v=4zPifaOHJIE,"[265, 0, 956, 720]"
08947,can,35,test,25,1,-1,65,nabboud,https://www.youtube.com/watch?v=AkAg7GO240c,"[234, 49, 961, 720]"
08948,can,35,train,25,1,-1,5,aslu,https://www.youtube.com/watch?v=BVypOVtFnNk,"[310, 57, 931, 720]"
08949,can,35,train,25,1,-1,65,nabboud,https://www.youtube.com/watch?v=FH3mTCczlsc,"[220, 51, 965, 720]"
17076,dog,36,train,25,3933,3995,9,asl5200,https://www.youtube.com/watch?v=ChIupJBcxjs,"[0, 0, 360, 240]"
69298,dog,36,train,25,1,-1,118,aslbrick,http://aslbricks.org/New/ASL-Videos/dog.mp4,"[356, 40, 877, 720]"
68632,dog,36,train,25,1,67,113,lillybauer,https://www.youtube.com/watch?v=kMcaG9BjXXg,"[107, 8, 521, 358]"
68035,dog,36,val,25,1,-1,109,valencia-asl,https://www.youtube.com/watch?v=_wQEymilNt4,"[116, 0, 1102, 720]"
17097,dog,36,test,25,1,-1,12,aslsearch,http://www.aslsearch.com/signs/videos/dog.mp4,"[133, 62, 585, 400]"
17084,dog,36,train,25,1,-1,8,spreadthesign,https://media.spreadthesign.com/video/mp4/13/456752.mp4,"[53, 0, 229, 240]"
17085,dog,36,train,25,1,-1,36,startasl,https://s3-us-west-1.amazonaws.com/files.startasl.com/asldictionary/dog-2.mp4,"[225, 18, 521, 414]"
17086,dog,36,train,25,1,-1,38,startasl,https://s3-us-west-1.amazonaws.com/files.startasl.com/asldictionary/dog.mp4,"[417, 61, 834, 720]"
17087,dog,36,train,25,1,-1,21,asldeafined,https://media.asldeafined.com/vocabulary/1467772624.2233.mp4,"[101, 15, 546, 480]"
17088,dog,36,train,25,1,-1,20,handspeak,https://www.handspeak.com/word/d/dog-fs.mp4,"[74, 0, 572, 480]"
17090,dog,36,train,25,1,-1,10,signingsavvy,https://www.signingsavvy.com/signs/mp4/24/24220.mp4,"[91, 22, 203, 192]"
17091,dog,36,train,25,1,-1,11,signingsavvy,https://www.signingsavvy.com/signs/mp4/6/6597.mp4,"[105, 20, 213, 192]"
17092,dog,36,train,25,1,-1,67,nabboud,https://www.youtube.com/watch?v=catBjk1p2bk,"[285, 55, 914, 720]"
65506,dog,36,test,25,1,-1,102,aslsignbank,https://aslsignbank.haskins.yale.edu/dictionary/protected_media/glossvideo/ASL/DO/DOG-376.mp4,"[175, 16, 496, 370]"
65507,dog,36,train,25,1,-1,99,aslsignbank,https://aslsignbank.haskins.yale.edu/dictionary/protected_media/glossvideo/ASL/DO/DOG-441.mp4,"[146, 18, 475, 370]"
17083,dog,36,val,25,1,-1,8,spreadthesign,https://media.spreadthesign.com/video/mp4/13/456751.mp4,"[53, 0, 233, 240]"
67578,dog,36,test,25,1,-1,109,asllex,https://youtu.be/-9AsKTaXwH8,"[133, 14, 375, 360]"
17093,dog,36,train,25,1,-1,5,aslu,https://www.youtube.com/watch?v=IbpJtH_QssM,"[368, 47, 930, 719]"
17095,dog,36,train,25,1,-1,5,aslu,https://www.youtube.com/watch?v=V5I4eIMatII,"[363, 52, 936, 720]"
17096,dog,36,val,25,1,-1,72,aslpro,http://www.aslpro.com/main/d/dog.swf,"[57, 5, 278, 240]"
20976,family,37,test,25,334,373,9,asl5200,https://www.youtube.com/watch?v=lWaQxL25Aew,"[0, 0, 360, 240]"
69316,family,37,val,25,1,-1,116,aslbrick,http://aslbricks.org/New/ASL-Videos/family.mp4,"[334, 15, 960, 720]"
69016,family,37,train,25,1,52,112,lillybauer,https://www.youtube.com/watch?v=x3GJ5mFOpNA,"[309, 17, 879, 720]"
20980,family,37,train,25,1,-1,36,startasl,https://s3-us-west-1.amazonaws.com/files.startasl.com/asldictionary/family.mp4,"[218, 18, 529, 414]"
20981,family,37,train,25,1,-1,52,signschool,https://signstock.blob.core.windows.net/signschool/videos/db_uploads/SignSchool%20Family-jPtV6Y2sUO4.mp4,"[307, 9, 790, 480]"
20982,family,37,train,25,1,-1,6,signschool,https://signstock.blob.core.windows.net/signschool/videos/db_uploads/SignSchool%20Family-JV4BqtKxwOY.mp4,"[688, 43, 1555, 1080]"
20983,family,37,train,25,1,-1,21,asldeafined,https://media.asldeafined.com/vocabulary/1467858228.7191.mp4,"[60, 0, 557, 480]"
20984,family,37,train,25,1,-1,20,handspeak,https://www.handspeak.com/word/f/family-isl.mp4,"[50, 0, 546, 480]"
20985,family,37,train,25,1,-1,20,handspeak,https://www.handspeak.com/word/f/family.mp4,"[66, 0, 561, 480]"
20986,family,37,train,25,1,-1,11,signingsavvy,https://www.signingsavvy.com/signs/mp4/14/14462.mp4,"[84, 12, 218, 192]"
20987,family,37,train,25,1,-1,11,signingsavvy,https://www.signingsavvy.com/signs/mp4/6/6375.mp4,"[79, 13, 210, 192]"
65677,family,37,train,25,1,-1,98,aslsignbank,https://aslsignbank.haskins.yale.edu/dictionary/protected_media/glossvideo/ASL/FA/FAMILY-1379.mp4,"[167, 31, 467, 370]"
20978,family,37,train,25,1,-1,19,elementalasl,https://elementalaslconcepts.weebly.com/uploads/2/4/4/5/24454483/family.mov,"[63, 7, 227, 180]"
67642,family,37,val,25,1,-1,109,asllex,https://youtu.be/Yuif86dOrEY,"[100, 23, 395, 360]"
20988,family,37,train,25,1,-1,5,aslu,https://www.youtube.com/watch?v=cEuA1gLPbIY,"[317, 47, 961, 720]"
20989,family,37,val,25,1,-1,5,aslu,https://www.youtube.com/watch?v=SxrxUgeTt00,"[368, 35, 977, 720]"
20990,family,37,train,25,1,-1,5,aslu,https://www.youtube.com/watch?v=wtURQzK00eo,"[320, 43, 1002, 720]"
20991,family,37,test,25,1,-1,44,aslpro,http://www.aslpro.com/main/f/family.swf,"[4, 5, 220, 240]"
20992,family,37,train,25,1,-1,41,aslsearch,http://www.aslsearch.com/signs/videos/family.mp4,"[217, 35, 489, 400]"
20979,family,37,train,25,1,-1,37,spreadthesign,https://media.spreadthesign.com/video/mp4/13/455625.mp4,"[69, 0, 259, 240]"
22109,fish,38,test,25,1525,1574,9,asl5200,https://www.youtube.com/watch?v=lWaQxL25Aew,"[0, 0, 360, 240]"
69325,fish,38,train,25,1,-1,116,aslbrick,http://aslbricks.org/New/ASL-Videos/fish.mp4,"[311, 0, 1071, 720]"
22129,fish,38,train,25,1,-1,83,aslpro,http://www.aslpro.com/main/f/fish.swf,"[3, 16, 230, 240]"
22130,fish,38,train,25,1,-1,12,aslsearch,http://www.aslsearch.com/signs/videos/fish.mp4,"[166, 52, 551, 400]"
22114,fish,38,val,25,1,-1,0,spreadthesign,https://media.spreadthesign.com/video/mp4/13/74988.mp4,"[55, 13, 265, 240]"
22115,fish,38,train,25,1,-1,38,startasl,https://s3-us-west-1.amazonaws.com/files.startasl.com/asldictionary/fish.mp4,"[403, 57, 843, 720]"
22116,fish,38,train,25,1,-1,32,signschool,https://signstock.blob.core.windows.net/signschool/videos/db_uploads/SignSchool%20Fish-_GVODUZLS70.mp4,"[710, 70, 1594, 1070]"
22117,fish,38,test,25,1,-1,21,asldeafined,https://media.asldeafined.com/vocabulary/1468494686.303.mp4,"[36, 9, 540, 480]"
22118,fish,38,train,25,1,-1,20,handspeak,https://www.handspeak.com/word/f/fish2.mp4,"[57, 2, 561, 480]"
22119,fish,38,train,25,1,-1,14,handspeak,https://www.handspeak.com/word/f/fish.mp4,"[116, 0, 464, 360]"
22120,fish,38,train,25,1,-1,11,signingsavvy,https://www.signingsavvy.com/signs/mp4/6/6808.mp4,"[73, 14, 221, 192]"
22121,fish,38,train,25,1,-1,11,signingsavvy,https://www.signingsavvy.com/signs/mp4/6/6809.mp4,"[74, 16, 221, 192]"
65731,fish,38,train,25,1,-1,94,aslsignbank,https://aslsignbank.haskins.yale.edu/dictionary/protected_media/glossvideo/ASL/FI/FISH-387.mp4,"[160, 18, 467, 370]"
22113,fish,38,val,25,1,-1,19,elementalasl,https://elementalaslconcepts.weebly.com/uploads/2/4/4/5/24454483/fish.mov,"[98, 12, 236, 180]"
67667,fish,38,val,25,1,-1,109,asllex,https://youtu.be/61B8V3YHlqg,"[109, 19, 386, 360]"
22124,fish,38,train,25,1,-1,67,nabboud,https://www.youtube.com/watch?v=22cYLTT67sc,"[336, 56, 892, 720]"
22125,fish,38,train,25,1,-1,64,aslu,https://www.youtube.com/watch?v=_41TQ39vHMA,"[127, 39, 405, 346]"
22126,fish,38,test,25,1,-1,5,aslu,https://www.youtube.com/watch?v=IJyUcYJMpmU,"[359, 69, 965, 720]"
22127,fish,38,train,25,1,-1,5,aslu,https://www.youtube.com/watch?v=w1_BBOZWwPY,"[377, 23, 1017, 720]"
22128,fish,38,val,25,1,-1,5,aslu,https://www.youtube.com/watch?v=xCQmc-1g9fM,"[378, 19, 1015, 720]"
25318,graduate,39,test,25,1520,1549,9,asl5200,https://www.youtube.com/watch?v=YdHKN_wHZqo,"[0, 0, 360, 240]"
70176,graduate,39,val,25,6345,6474,121,northtexas,https://www.youtube.com/watch?v=F5Wef1_PtLk,"[117, 20, 505, 480]"
68528,graduate,39,train,25,1,41,112,lillybauer,https://www.youtube.com/watch?v=HNp5UcfuRSI,"[315, 35, 932, 720]"
25337,graduate,39,train,25,1,-1,72,aslpro,http://www.aslpro.com/main/g/graduate_person.swf,"[73, 0, 282, 240]"
25338,graduate,39,train,25,1,-1,72,aslpro,http://www.aslpro.com/main/g/graduate_verb.swf,"[77, 3, 280, 240]"
25339,graduate,39,train,25,1,-1,12,aslsearch,http://www.aslsearch.com/signs/videos/graduate.mp4,"[175, 60, 532, 400]"
25322,graduate,39,train,25,1,-1,38,startasl,https://s3-us-west-1.amazonaws.com/files.startasl.com/asldictionary/graduate.mp4,"[431, 59, 827, 720]"
25323,graduate,39,train,25,1,-1,45,signschool,https://signstock.blob.core.windows.net/signschool/videos/db_uploads/SignSchool%20Graduate%2C%20Guarantee%202-5_ku83x4epk.mp4,"[538, 131, 1504, 1071]"
25324,graduate,39,train,25,1,-1,45,signschool,https://signstock.blob.core.windows.net/signschool/videos/db_uploads/SignSchool%20Graduate%2C%20Guarantee%203-AehX-pK1AIE.mp4,"[586, 116, 1418, 1080]"
25325,graduate,39,train,25,1,-1,45,signschool,https://signstock.blob.core.windows.net/signschool/videos/db_uploads/SignSchool%20Graduate%2C%20Guarantee-fK4BOAHYevM.mp4,"[575, 117, 1467, 1080]"
25326,graduate,39,train,25,1,-1,21,asldeafined,https://media.asldeafined.com/vocabulary/1468549910.3136.mp4,"[35, 0, 547, 480]"
25327,graduate,39,train,25,1,-1,14,handspeak,https://www.handspeak.com/word/g/graduate.mp4,"[57, 0, 267, 240]"
25328,graduate,39,train,25,1,-1,14,handspeak,https://www.handspeak.com/word/g/graduate-person.mp4,"[63, 1, 270, 240]"
65843,graduate,39,val,25,1,-1,106,aslsignbank,https://aslsignbank.haskins.yale.edu/dictionary/protected_media/glossvideo/ASL/GR/GRADUATE-1866.mp4,"[171, 39, 485, 370]"
25329,graduate,39,train,25,1,-1,11,signingsavvy,https://www.signingsavvy.com/signs/mp4/6/6256.mp4,"[74, 15, 214, 192]"
25330,graduate,39,val,25,1,-1,11,signingsavvy,https://www.signingsavvy.com/signs/mp4/8/8864.mp4,"[63, 11, 212, 192]"
25321,graduate,39,train,25,1,-1,0,spreadthesign,https://media.spreadthesign.com/video/mp4/13/58510.mp4,"[51, 4, 251, 240]"
67722,graduate,39,test,25,1,-1,109,asllex,https://youtu.be/aciHfU1IrCc,"[95, 7, 388, 360]"
25332,graduate,39,train,25,1,-1,5,aslu,https://www.youtube.com/watch?v=3KH3aihCcF8,"[346, 53, 924, 720]"
25333,graduate,39,train,25,1,-1,5,aslu,https://www.youtube.com/watch?v=Uch6xFIQ3X0,"[313, 42, 954, 720]"
26688,hat,40,test,25,628,684,9,asl5200,https://www.youtube.com/watch?v=SiBub8VD5wo,"[0, 0, 360, 240]"
69359,hat,40,val,25,1,-1,116,aslbrick,http://aslbricks.org/New/ASL-Videos/hat.mp4,"[147, 5, 566, 480]"
68396,hat,40,train,25,1,53,115,lillybauer,https://www.youtube.com/watch?v=Cw7DfeqaQu0,"[247, 1, 944, 720]"
68068,hat,40,train,25,1,-1,110,valencia-asl,https://www.youtube.com/watch?v=M2pI7j5-mR0,"[139, 0, 606, 480]"
26713,hat,40,train,25,1,-1,38,startasl,https://s3-us-west-1.amazonaws.com/files.startasl.com/asldictionary/hat.mp4,"[334, 31, 813, 720]"
26736,hat,40,train,25,1,-1,72,aslpro,http://www.aslpro.com/main/h/hat.swf,"[0, 8, 221, 240]"
26712,hat,40,train,25,1,-1,35,spreadthesign,https://media.spreadthesign.com/video/mp4/13/51154.mp4,"[32, 0, 273, 240]"
26739,hat,40,train,25,1,-1,41,aslsearch,http://www.aslsearch.com/signs/videos/ballcap.mp4,"[203, 39, 485, 400]"
26741,hat,40,train,25,1,-1,12,aslsearch,http://www.aslsearch.com/signs/videos/hat.mp4,"[137, 29, 544, 400]"
26714,hat,40,train,25,1,-1,32,signschool,https://signstock.blob.core.windows.net/signschool/videos/db_uploads/SignSchool%20Hat-F1p5oelfV7U.mp4,"[698, 74, 1615, 1066]"
26715,hat,40,train,25,1,-1,21,asldeafined,https://media.asldeafined.com/vocabulary/1468579799.8963.mp4,"[26, 0, 542, 480]"
26716,hat,40,train,25,1,-1,20,handspeak,https://www.handspeak.com/word/h/hat.mp4,"[18, 2, 521, 480]"
26717,hat,40,train,25,1,-1,10,signingsavvy,https://www.signingsavvy.com/signs/mp4/23/23605.mp4,"[62, 17, 213, 192]"
67745,hat,40,val,25,1,-1,109,asllex,https://youtu.be/YZyaVHlqsvY,"[87, 19, 379, 360]"
26719,hat,40,train,25,1,-1,11,signingsavvy,https://www.signingsavvy.com/signs/mp4/6/6388.mp4,"[44, 4, 227, 192]"
26721,hat,40,val,25,1,-1,64,aslu,https://www.youtube.com/watch?v=3xNKnBbX6aA,"[132, 20, 509, 342]"
26722,hat,40,train,25,1,-1,65,nabboud,https://www.youtube.com/watch?v=40-GTK0E2k4,"[308, 65, 865, 720]"
26723,hat,40,test,25,1,-1,5,aslu,https://www.youtube.com/watch?v=7byMTWfeQxQ,"[284, 0, 952, 720]"
26724,hat,40,train,25,1,-1,5,aslu,https://www.youtube.com/watch?v=bul0cjvDEEE,"[169, 0, 924, 720]"
26726,hat,40,train,25,1,-1,65,nabboud,https://www.youtube.com/watch?v=QhYtXRY5ULQ,"[307, 61, 888, 720]"
65884,hearing,41,test,25,1,-1,106,aslsignbank,https://aslsignbank.haskins.yale.edu/dictionary/protected_media/glossvideo/ASL/HE/HEARING-1773.mp4,"[159, 36, 488, 370]"
70016,hearing,41,val,25,4707,4798,121,northtexas,https://www.youtube.com/watch?v=25ymRY7hbjs,"[167, 38, 449, 360]"
68350,hearing,41,train,25,1,143,113,lillybauer,https://www.youtube.com/watch?v=ba87IfnWL9s,"[97, 3, 520, 360]"
68070,hearing,41,train,25,1,-1,109,valencia-asl,https://www.youtube.com/watch?v=x5cwBfSKnZc,"[56, 0, 1066, 720]"
26972,hearing,41,train,25,1,-1,36,startasl,https://s3-us-west-1.amazonaws.com/files.startasl.com/asldictionary/hearing.mp4,"[201, 17, 516, 414]"
26973,hearing,41,train,25,1,-1,45,signschool,https://signstock.blob.core.windows.net/signschool/videos/db_uploads/SignSchool%20Hearing%2C%20Public-QTXYOo6ZB8I.mp4,"[623, 138, 1480, 1069]"
26974,hearing,41,train,25,1,-1,4,signschool,https://signstock.blob.core.windows.net/signschool/videos/SignSchool%20Hearing.mp4,"[477, 30, 1040, 717]"
26975,hearing,41,train,25,1,-1,21,asldeafined,https://media.asldeafined.com/vocabulary/1468580423.3306.mp4,"[36, 4, 535, 480]"
26976,hearing,41,train,25,1,-1,15,asldeafined,https://media.asldeafined.com/vocabulary/1522767646.1436.mp4,"[132, 27, 529, 480]"
26977,hearing,41,train,25,1,-1,20,handspeak,https://www.handspeak.com/word/h/hearing-but.mp4,"[102, 0, 465, 360]"
26978,hearing,41,train,25,1,-1,20,handspeak,https://www.handspeak.com/word/h/hearing.mp4,"[120, 21, 468, 360]"
26971,hearing,41,train,25,1,-1,0,spreadthesign,https://media.spreadthesign.com/video/mp4/13/63539.mp4,"[47, 6, 251, 240]"
26980,hearing,41,train,25,1,-1,11,signingsavvy,https://www.signingsavvy.com/signs/mp4/6/6412.mp4,"[62, 17, 218, 192]"
67750,hearing,41,val,25,1,-1,109,asllex,https://youtu.be/eQlq7VX7VSg,"[86, 23, 379, 360]"
26981,hearing,41,train,25,1,-1,69,nabboud,https://www.youtube.com/watch?v=AoyNI1BJmOE,"[362, 55, 836, 720]"
26982,hearing,41,val,25,1,-1,47,scott,https://www.youtube.com/watch?v=djZwwts-OiA,"[245, 26, 932, 719]"
26983,hearing,41,train,25,1,-1,5,aslu,https://www.youtube.com/watch?v=EOUkGLfYQ7M,"[336, 42, 932, 720]"
26984,hearing,41,test,25,1,-1,5,aslu,https://www.youtube.com/watch?v=o8jWmf65mTQ,"[217, 43, 945, 720]"
26985,hearing,41,train,25,1,-1,5,aslu,https://www.youtube.com/watch?v=pm3V4SOB9gk,"[265, 12, 940, 720]"
26986,hearing,41,train,25,1,-1,5,aslu,https://www.youtube.com/watch?v=sMRpqyQK72c,"[267, 13, 939, 720]"
31746,kiss,42,val,25,397,479,9,asl5200,https://www.youtube.com/watch?v=D2Vg3lKjX78,"[0, 0, 360, 240]"
31765,kiss,42,train,25,1,-1,5,aslu,https://www.youtube.com/watch?v=TT0VsmSeuEw,"[344, 27, 960, 720]"
31766,kiss,42,train,25,1,-1,25,aslpro,http://www.aslpro.com/main/k/kiss.swf,"[0, 6, 243, 240]"
31767,kiss,42,train,25,1,-1,41,aslsearch,http://www.aslsearch.com/signs/videos/kiss.mp4,"[229, 48, 487, 400]"
31750,kiss,42,test,25,1,-1,31,signschool,https://signstock.blob.core.windows.net/signschool/videos/db_uploads/SignSchool%20Cheek%20Kissing-igoSeqb5kF8.mp4,"[745, 128, 1540, 1069]"
31751,kiss,42,val,25,1,-1,31,signschool,https://signstock.blob.core.windows.net/signschool/videos/db_uploads/SignSchool%20Kiss%202-pmiprSOQb3U.mp4,"[425, 110, 1565, 1080]"
31752,kiss,42,train,25,1,-1,31,signschool,https://signstock.blob.core.windows.net/signschool/videos/db_uploads/SignSchool%20Kiss-6KDwdmpMIJw.mp4,"[578, 125, 1537, 1075]"
31753,kiss,42,train,25,1,-1,21,asldeafined,https://media.asldeafined.com/vocabulary/1468670470.2614.mp4,"[104, 15, 574, 480]"
31754,kiss,42,train,25,1,-1,20,handspeak,https://www.handspeak.com/word/k/kiss.mp4,"[91, 9, 584, 480]"
31755,kiss,42,train,25,1,-1,11,signingsavvy,https://www.signingsavvy.com/signs/mp4/5/5947.mp4,"[84, 8, 220, 192]"
31756,kiss,42,train,25,1,-1,11,signingsavvy,https://www.signingsavvy.com/signs/mp4/5/5948.mp4,"[79, 8, 220, 192]"
65996,kiss,42,train,25,1,-1,90,aslsignbank,https://aslsignbank.haskins.yale.edu/dictionary/protected_media/glossvideo/ASL/KI/KISS_2-165.mp4,"[199, 15, 504, 370]"
31757,kiss,42,val,25,1,-1,5,aslu,https://www.youtube.com/watch?v=7B830ksHv20,"[366, 59, 995, 720]"
31758,kiss,42,test,25,1,-1,5,aslu,https://www.youtube.com/watch?v=bbunI-2KVKo,"[350, 24, 989, 720]"
31749,kiss,42,test,25,1,-1,38,startasl,https://s3-us-west-1.amazonaws.com/files.startasl.com/asldictionary/kiss.mp4,"[444, 60, 822, 720]"
67817,kiss,42,train,25,1,-1,109,asllex,https://youtu.be/xUtx5xCoVXI,"[70, 18, 361, 360]"
31759,kiss,42,val,25,1,-1,5,aslu,https://www.youtube.com/watch?v=Bpbc7RhARRg,"[333, 33, 941, 720]"
31762,kiss,42,train,25,1,-1,64,aslu,https://www.youtube.com/watch?v=P1JsNQUgyeg,"[151, 34, 415, 345]"
31763,kiss,42,train,25,1,-1,69,nabboud,https://www.youtube.com/watch?v=SbvomlBCAe8,"[382, 45, 827, 720]"
31764,kiss,42,train,25,1,-1,69,nabboud,https://www.youtube.com/watch?v=tp7A4b_dO0k,"[382, 55, 852, 720]"
32146,language,43,train,25,98,124,9,asl5200,https://www.youtube.com/watch?v=EhkIoTNxwGE,"[0, 0, 360, 240]"
68084,language,43,train,25,1,-1,111,valencia-asl,https://www.youtube.com/watch?v=IRuaSHyrm6o,"[102, 0, 750, 480]"
68085,language,43,train,25,1,-1,109,valencia-asl,https://www.youtube.com/watch?v=iYwt-z7Roz4,"[262, 0, 1238, 720]"
68904,language,43,val,25,1,69,113,lillybauer,https://www.youtube.com/watch?v=TaeaJ9r1A5U,"[106, 15, 579, 356]"
32156,language,43,val,25,1,-1,4,signschool,https://signstock.blob.core.windows.net/signschool/videos/db_uploads/SignSchool%20Language%203-3MX4tSI4zV0.mp4,"[236, 72, 1641, 1080]"
32157,language,43,test,25,1,-1,4,signschool,https://signstock.blob.core.windows.net/signschool/videos/db_uploads/SignSchool%20Language%204-a0lbU50n0wI.mp4,"[223, 89, 1635, 1080]"
32158,language,43,train,25,1,-1,4,signschool,https://signstock.blob.core.windows.net/signschool/videos/db_uploads/SignSchool%20Language-QQZBHc4ZCkA.mp4,"[298, 77, 1648, 1080]"
32160,language,43,train,25,1,-1,13,asldeafined,https://media.asldeafined.com/vocabulary/1468671247.1222.mp4,"[36, 0, 616, 480]"
32161,language,43,train,25,1,-1,14,handspeak,https://www.handspeak.com/word/l/language2.mp4,"[70, 6, 633, 480]"
32162,language,43,train,25,1,-1,14,handspeak,https://www.handspeak.com/word/l/language.mp4,"[39, 7, 292, 240]"
32163,language,43,train,25,1,-1,11,signingsavvy,https://www.signingsavvy.com/signs/mp4/6/6380.mp4,"[61, 14, 231, 192]"
66008,language,43,train,25,1,-1,90,aslsignbank,https://aslsignbank.haskins.yale.edu/dictionary/protected_media/glossvideo/ASL/LA/LANGUAGE-2463.mp4,"[179, 14, 537, 370]"
66007,language,43,train,25,1,-1,90,aslsignbank,https://aslsignbank.haskins.yale.edu/dictionary/protected_media/glossvideo/ASL/LA/LANGUAGE-600.mp4,"[191, 14, 501, 370]"
32154,language,43,val,25,1,-1,8,spreadthesign,https://media.spreadthesign.com/video/mp4/13/457488.mp4,"[44, 3, 277, 240]"
67827,language,43,val,25,1,-1,109,asllex,https://youtu.be/ZS5lDC1yMSo,"[48, 0, 488, 360]"
32164,language,43,train,25,1,-1,5,aslu,https://www.youtube.com/watch?v=O8XiLkrSx48,"[340, 45, 989, 720]"
32165,language,43,train,25,1,-1,5,aslu,https://www.youtube.com/watch?v=y3ZYWbCLnGU,"[248, 48, 1027, 720]"
32166,language,43,test,25,1,-1,25,aslpro,http://www.aslpro.com/main/l/language.swf,"[4, 5, 257, 240]"
32167,language,43,test,25,1,-1,12,aslsearch,http://www.aslsearch.com/signs/videos/language.mp4,"[174, 53, 532, 400]"
32155,language,43,train,25,1,-1,4,signschool,https://signstock.blob.core.windows.net/signschool/videos/db_uploads/SignSchool%20Language%202-e7ngY2s5d-w.mp4,"[204, 92, 1777, 1080]"
32319,later,44,train,25,378,410,9,asl5200,https://www.youtube.com/watch?v=EhkIoTNxwGE,"[0, 0, 360, 240]"
32335,later,44,train,25,1,-1,5,aslu,https://www.youtube.com/watch?v=X4003aEoiWo,"[147, 8, 498, 360]"
32336,later,44,train,25,1,-1,87,aslpro,http://www.aslpro.com/main/l/later.swf,"[0, 17, 208, 240]"
32337,later,44,train,25,1,-1,12,aslsearch,http://www.aslsearch.com/signs/videos/later.mp4,"[178, 55, 542, 400]"
32338,later,44,train,25,1,-1,12,aslsearch,http://www.aslsearch.com/signs/videos/later.mp4,"[178, 55, 542, 400]"
32320,later,44,val,25,1,-1,8,spreadthesign,https://media.spreadthesign.com/video/mp4/13/457497.mp4,"[48, 2, 249, 240]"
32321,later,44,train,25,1,-1,4,signschool,https://signstock.blob.core.windows.net/signschool/videos/db_uploads/SignSchool%20Later%202-UlcQ5965pNk.mp4,"[523, 99, 1517, 1080]"
32322,later,44,train,25,1,-1,4,signschool,https://signstock.blob.core.windows.net/signschool/videos/db_uploads/SignSchool%20Later%203-nbbipDhvyVQ.mp4,"[488, 106, 1527, 1080]"
32323,later,44,val,25,1,-1,4,signschool,https://signstock.blob.core.windows.net/signschool/videos/db_uploads/SignSchool%20Later-FVJ2dUlmpXA.mp4,"[446, 99, 1512, 1080]"
32324,later,44,train,25,1,-1,39,signschool,https://signstock.blob.core.windows.net/signschool/videos/db_uploads/SignSchool%20Later-K4l6zXKW2b4.mp4,"[729, 144, 1557, 1077]"
32325,later,44,val,25,1,-1,70,signschool,https://signstock.blob.core.windows.net/signschool/videos/db_uploads/SignSchool%20later-LwQxFlH3wmA.mp4,"[358, 12, 794, 480]"
66015,later,44,val,25,1,-1,96,aslsignbank,https://aslsignbank.haskins.yale.edu/dictionary/protected_media/glossvideo/ASL/LA/LATER-1688.mp4,"[201, 30, 526, 370]"
32326,later,44,train,25,1,-1,13,asldeafined,https://media.asldeafined.com/vocabulary/1468671424.4465.mp4,"[111, 0, 529, 480]"
32327,later,44,train,25,1,-1,20,handspeak,https://www.handspeak.com/word/l/later2.mp4,"[96, 0, 508, 480]"
32328,later,44,train,25,1,-1,20,handspeak,https://www.handspeak.com/word/l/later-inf.mp4,"[65, 0, 543, 480]"
66014,later,44,train,25,1,-1,90,aslsignbank,https://aslsignbank.haskins.yale.edu/dictionary/protected_media/glossvideo/ASL/LA/LATER-169.mp4,"[157, 13, 484, 370]"
67829,later,44,test,25,1,-1,109,asllex,https://youtu.be/s3wDKw4Y4w0,"[76, 17, 375, 360]"
32329,later,44,test,25,1,-1,20,handspeak,https://www.handspeak.com/word/l/later.mp4,"[64, 0, 507, 480]"
32333,later,44,train,25,1,-1,11,signingsavvy,https://www.signingsavvy.com/signs/mp4/7/7458.mp4,"[67, 15, 215, 192]"
32334,later,44,train,25,1,-1,5,aslu,https://www.youtube.com/watch?v=4Md8yfrXzp8,"[260, 53, 910, 720]"
34685,man,45,test,25,298,340,9,asl5200,https://www.youtube.com/watch?v=IxO7unGawfk,"[0, 0, 360, 240]"
69395,man,45,val,25,1,-1,116,aslbrick,http://aslbricks.org/New/ASL-Videos/man.mp4,"[346, 24, 1037, 720]"
68794,man,45,train,25,1,51,115,lillybauer,https://www.youtube.com/watch?v=pi_BA9L-UNk,"[329, 4, 915, 720]"
34746,man,45,train,25,1,-1,41,aslsearch,http://www.aslsearch.com/signs/videos/male.mp4,"[214, 37, 479, 400]"
34733,man,45,train,25,1,-1,36,startasl,https://s3-us-west-1.amazonaws.com/files.startasl.com/asldictionary/man2.mp4,"[183, 17, 527, 414]"
34734,man,45,train,25,1,-1,36,startasl,https://s3-us-west-1.amazonaws.com/files.startasl.com/asldictionary/man.mp4,"[143, 11, 522, 414]"
34736,man,45,train,25,1,-1,4,signschool,https://signstock.blob.core.windows.net/signschool/videos/db_uploads/SignSchool%20Male%2C%20Man-k2HqojTY0ZE.mp4,"[462, 73, 1617, 1080]"
34737,man,45,train,25,1,-1,39,signschool,https://signstock.blob.core.windows.net/signschool/videos/db_uploads/SignSchool%20Man-aifqg8ePLMI.mp4,"[851, 60, 1746, 1067]"
34738,man,45,train,25,1,-1,34,asldeafined,https://media.asldeafined.com/vocabulary/1546574351.9937.mp4,"[127, 17, 577, 480]"
34739,man,45,train,25,1,-1,20,handspeak,https://www.handspeak.com/word/m/man2.mp4,"[88, 0, 590, 480]"
34741,man,45,train,25,1,-1,20,handspeak,https://www.handspeak.com/word/m/man.mp4,"[82, 0, 583, 480]"
66098,man,45,train,25,1,-1,97,aslsignbank,https://aslsignbank.haskins.yale.edu/dictionary/protected_media/glossvideo/ASL/MA/MAN-1627.mp4,"[135, 27, 464, 370]"
66099,man,45,train,25,1,-1,97,aslsignbank,https://aslsignbank.haskins.yale.edu/dictionary/protected_media/glossvideo/ASL/MA/MAN-2000.mp4,"[150, 27, 461, 370]"
66097,man,45,val,25,1,-1,97,aslsignbank,https://aslsignbank.haskins.yale.edu/dictionary/protected_media/glossvideo/ASL/MA/MAN-503.mp4,"[143, 7, 464, 370]"
34732,man,45,train,25,1,-1,37,spreadthesign,https://media.spreadthesign.com/video/mp4/13/456667.mp4,"[36, 0, 248, 240]"
67872,man,45,val,25,1,-1,109,asllex,https://youtu.be/T2R4utmVagc,"[100, 24, 381, 360]"
34742,man,45,train,25,1,-1,11,signingsavvy,https://www.signingsavvy.com/signs/mp4/7/7441.mp4,"[66, 10, 221, 192]"
34743,man,45,test,25,1,-1,5,aslu,https://www.youtube.com/watch?v=lyAWyqDxUqg,"[293, 30, 948, 720]"
34744,man,45,train,25,1,-1,5,aslu,https://www.youtube.com/watch?v=rTUmMfWQ2rw,"[336, 32, 949, 720]"
34745,man,45,train,25,1,-1,87,aslpro,http://www.aslpro.com/main/m/man.swf,"[11, 9, 214, 240]"
51054,shirt,46,train,25,3441,3497,9,asl5200,https://www.youtube.com/watch?v=XB3Q6IX6CBo,"[0, 0, 360, 240]"
68928,shirt,46,train,25,1,56,115,lillybauer,https://www.youtube.com/watch?v=u7GIbrpxyFU,"[328, 24, 921, 720]"
51057,shirt,46,train,25,1,-1,36,startasl,https://s3-us-west-1.amazonaws.com/files.startasl.com/asldictionary/shirt.mp4,"[189, 14, 522, 414]"
51077,shirt,46,test,25,1,-1,72,aslpro,http://www.aslpro.com/main/s/shirt.swf,"[19, 3, 245, 240]"
51081,shirt,46,val,25,1,-1,12,aslsearch,http://www.aslsearch.com/signs/videos/shirt.mp4,"[178, 51, 567, 400]"
51056,shirt,46,train,25,1,-1,63,spreadthesign,https://media.spreadthesign.com/video/mp4/13/50791.mp4,"[26, 0, 278, 240]"
51058,shirt,46,train,25,1,-1,36,startasl,https://s3-us-west-1.amazonaws.com/files.startasl.com/asldictionary/shirt-plaid.mp4,"[209, 17, 526, 414]"
51059,shirt,46,train,25,1,-1,36,startasl,https://s3-us-west-1.amazonaws.com/files.startasl.com/asldictionary/shirt-vneck.mp4,"[231, 13, 575, 414]"
51060,shirt,46,train,25,1,-1,32,signschool,https://signstock.blob.core.windows.net/signschool/videos/db_uploads/SignSchool%20Shirt-Mi3CHINu71M.mp4,"[737, 78, 1666, 1077]"
51061,shirt,46,train,25,1,-1,13,asldeafined,https://media.asldeafined.com/vocabulary/1468766065.7078.mp4,"[53, 0, 527, 480]"
51063,shirt,46,train,25,1,-1,10,signingsavvy,https://www.signingsavvy.com/signs/mp4/23/23615.mp4,"[70, 17, 218, 192]"
51064,shirt,46,train,25,1,-1,10,signingsavvy,https://www.signingsavvy.com/signs/mp4/23/23616.mp4,"[62, 17, 214, 192]"
67188,shirt,46,train,25,1,-1,109,asllex,https://youtu.be/lSqfurbjfDc,"[74, 14, 445, 360]"
51066,shirt,46,test,25,1,-1,10,signingsavvy,https://www.signingsavvy.com/signs/mp4/23/23618.mp4,"[65, 17, 213, 192]"
51067,shirt,46,val,25,1,-1,11,signingsavvy,https://www.signingsavvy.com/signs/mp4/6/6249.mp4,"[65, 12, 216, 192]"
51068,shirt,46,test,25,1,-1,11,signingsavvy,https://www.signingsavvy.com/signs/mp4/7/7169.mp4,"[71, 14, 224, 192]"
51069,shirt,46,train,25,1,-1,5,aslu,https://www.youtube.com/watch?v=4ln_5SQd__w,"[332, 45, 929, 714]"
51070,shirt,46,train,25,1,-1,65,nabboud,https://www.youtube.com/watch?v=8dyicrBmgKE,"[326, 90, 882, 720]"
51071,shirt,46,val,25,1,-1,5,aslu,https://www.youtube.com/watch?v=9Rcg3QJiClc,"[349, 44, 985, 716]"
51072,shirt,46,train,25,1,-1,5,aslu,https://www.youtube.com/watch?v=i14EM0ZbtUY,"[311, 37, 1009, 720]"
55356,study,47,test,25,9873,9919,9,asl5200,https://www.youtube.com/watch?v=XB3Q6IX6CBo,"[0, 0, 360, 240]"
68428,study,47,val,25,1,84,113,lillybauer,https://www.youtube.com/watch?v=edaot0Pm6NI,"[112, 13, 520, 360]"
68162,study,47,train,25,1,-1,109,valencia-asl,https://www.youtube.com/watch?v=JSwDsjPxKk0,"[111, 0, 1149, 720]"
68624,study,47,train,25,1,117,113,lillybauer,https://www.youtube.com/watch?v=kePJ_Y5KPmM,"[219, 29, 999, 720]"
55364,study,47,train,25,1,-1,31,signschool,https://signstock.blob.core.windows.net/signschool/videos/db_uploads/SignSchool%20Study-Yk94i4N_5Ag.mp4,"[598, 84, 1393, 1080]"
55365,study,47,train,25,1,-1,13,asldeafined,https://media.asldeafined.com/vocabulary/1468897455.7527.mp4,"[126, 0, 604, 480]"
55366,study,47,train,25,1,-1,15,asldeafined,https://media.asldeafined.com/vocabulary/1522766622.3153.mp4,"[147, 24, 531, 480]"
55367,study,47,train,25,1,-1,14,handspeak,https://www.handspeak.com/word/s/study.mp4,"[102, 0, 539, 480]"
55368,study,47,train,25,1,-1,10,signingsavvy,https://www.signingsavvy.com/signs/mp4/22/22165.mp4,"[68, 24, 216, 192]"
55369,study,47,train,25,1,-1,10,signingsavvy,https://www.signingsavvy.com/signs/mp4/23/23174.mp4,"[58, 23, 208, 192]"
55370,study,47,train,25,1,-1,5,aslu,https://www.youtube.com/watch?v=MI5yNdCJ7kg,"[215, 28, 1010, 720]"
66575,study,47,train,25,1,-1,100,aslsignbank,https://aslsignbank.haskins.yale.edu/dictionary/protected_media/glossvideo/ASL/ST/STUDY-1139.mp4,"[194, 24, 474, 370]"
55361,study,47,train,25,1,-1,19,elementalasl,https://elementalaslconcepts.weebly.com/uploads/2/4/4/5/24454483/study.mov,"[73, 8, 232, 180]"
55371,study,47,val,25,1,-1,5,aslu,https://www.youtube.com/watch?v=ngmdzuRjqcA,"[332, 51, 965, 720]"
55372,study,47,train,25,1,-1,5,aslu,https://www.youtube.com/watch?v=tGm13N0s4wQ,"[238, 36, 966, 720]"
55373,study,47,val,25,1,-1,5,aslu,https://www.youtube.com/watch?v=ZRgbix3ihv0,"[245, 40, 984, 720]"
55374,study,47,train,25,1,-1,72,aslpro,http://www.aslpro.com/main/s/study.swf,"[19, 9, 226, 240]"
55375,study,47,test,25,1,-1,12,aslsearch,http://www.aslsearch.com/signs/videos/study.mp4,"[190, 52, 574, 400]"
55362,study,47,train,25,1,-1,63,spreadthesign,https://media.spreadthesign.com/video/mp4/13/50835.mp4,"[52, 0, 263, 240]"
55363,study,47,train,25,1,-1,38,startasl,https://s3-us-west-1.amazonaws.com/files.startasl.com/asldictionary/study.mp4,"[390, 50, 799, 720]"
56835,tall,48,test,25,258,310,9,asl5200,https://www.youtube.com/watch?v=x6CehcknaH8,"[0, 0, 360, 240]"
56851,tall,48,train,25,1,-1,24,aslpro,http://www.aslpro.com/main/t/tall.swf,"[0, 0, 211, 240]"
56852,tall,48,train,25,1,-1,12,aslsearch,http://www.aslsearch.com/signs/videos/tall.mp4,"[205, 53, 569, 400]"
56838,tall,48,train,25,1,-1,36,startasl,https://s3-us-west-1.amazonaws.com/files.startasl.com/asldictionary/tall.mp4,"[182, 1, 526, 414]"
56839,tall,48,train,25,1,-1,32,signschool,https://signstock.blob.core.windows.net/signschool/videos/db_uploads/SignSchool%20Big%2C%20Giant%2C%20Tall%2C%20Adult%2C%20Grown-up-oXwKsrsVUE8.mp4,"[620, 70, 1619, 1070]"
56840,tall,48,val,25,1,-1,32,signschool,https://signstock.blob.core.windows.net/signschool/videos/db_uploads/SignSchool%20Big%2C%20Giant%2C%20Tall--OCW9K2ZzVY.mp4,"[409, 38, 1075, 720]"
56841,tall,48,train,25,1,-1,6,signschool,https://signstock.blob.core.windows.net/signschool/videos/db_uploads/SignSchool%20Tall-8d940gDDaKI.mp4,"[451, 55, 1451, 1080]"
56842,tall,48,train,25,1,-1,31,signschool,https://signstock.blob.core.windows.net/signschool/videos/db_uploads/SignSchool%20Tall-WKv937oqhW8.mp4,"[683, 64, 1554, 1075]"
56843,tall,48,test,25,1,-1,13,asldeafined,https://media.asldeafined.com/vocabulary/1468943060.7425.mp4,"[73, 0, 557, 480]"
56844,tall,48,train,25,1,-1,34,asldeafined,https://media.asldeafined.com/vocabulary/1546575217.9786.mp4,"[146, 19, 549, 480]"
56845,tall,48,val,25,1,-1,14,handspeak,https://www.handspeak.com/word/t/tall.mp4,"[112, 0, 516, 480]"
66591,tall,48,val,25,1,-1,88,aslsignbank,https://aslsignbank.haskins.yale.edu/dictionary/protected_media/glossvideo/ASL/TA/TALL_1-1174.mp4,"[163, 10, 468, 370]"
56846,tall,48,train,25,1,-1,11,signingsavvy,https://www.signingsavvy.com/signs/mp4/14/14373.mp4,"[35, 0, 220, 192]"
66592,tall,48,train,25,1,-1,93,aslsignbank,https://aslsignbank.haskins.yale.edu/dictionary/protected_media/glossvideo/ASL/TA/TALL_2-411.mp4,"[135, 19, 462, 370]"
56837,tall,48,train,25,1,-1,63,spreadthesign,https://media.spreadthesign.com/video/mp4/13/50853.mp4,"[64, 0, 264, 240]"
67278,tall,48,test,25,1,-1,109,asllex,https://youtu.be/qk-or6jz0Hk,"[98, 10, 387, 360]"
67279,tall,48,train,25,1,-1,109,asllex,https://youtu.be/sT8fYiXBtZE,"[86, 14, 377, 360]"
56848,tall,48,train,25,1,-1,11,signingsavvy,https://www.signingsavvy.com/signs/mp4/8/8777.mp4,"[65, 10, 211, 192]"
56849,tall,48,train,25,1,-1,5,aslu,https://www.youtube.com/watch?v=3FdpwAJlbaU,"[159, 15, 910, 720]"
56850,tall,48,val,25,1,-1,5,aslu,https://www.youtube.com/watch?v=orl2KrOMEIQ,"[128, 22, 938, 720]"
63191,white,49,test,25,2112,2158,9,asl5200,https://www.youtube.com/watch?v=A5dihMAjeTE,"[0, 0, 360, 240]"
69533,white,49,val,25,1,-1,118,aslbrick,http://aslbricks.org/New/ASL-Videos/white.mp4,"[366, 40, 875, 720]"
68622,white,49,train,25,1,44,115,lillybauer,https://www.youtube.com/watch?v=kddq0oAgBS0,"[337, 4, 904, 720]"
68182,white,49,train,25,1,-1,110,valencia-asl,https://www.youtube.com/watch?v=TomJbyh-XVY,"[214, 0, 603, 480]"
70245,white,49,train,25,1285,1384,121,northtexas,https://www.youtube.com/watch?v=WprUBqi3iBc,"[160, 43, 395, 360]"
63204,white,49,train,25,1,-1,6,signschool,https://signstock.blob.core.windows.net/signschool/videos/db_uploads/SignSchool%20White-PWGruSSI30c.mp4,"[745, 44, 1532, 1080]"
63205,white,49,train,25,1,-1,13,asldeafined,https://media.asldeafined.com/vocabulary/1468928266.3449.mp4,"[109, 5, 519, 480]"
63206,white,49,train,25,1,-1,20,handspeak,https://www.handspeak.com/word/w/white.mp4,"[112, 0, 497, 480]"
63207,white,49,train,25,1,-1,11,signingsavvy,https://www.signingsavvy.com/signs/mp4/7/7061.mp4,"[82, 14, 226, 192]"
63208,white,49,train,25,1,-1,11,signingsavvy,https://www.signingsavvy.com/signs/mp4/7/7064.mp4,"[73, 13, 224, 192]"
63209,white,49,train,25,1,-1,68,nabboud,https://www.youtube.com/watch?v=0FYsztUQnUM,"[358, 71, 886, 720]"
63200,white,49,train,25,1,-1,42,spreadthesign,https://media.spreadthesign.com/video/mp4/13/50906.mp4,"[28, 0, 290, 240]"
63210,white,49,train,25,1,-1,47,scott,https://www.youtube.com/watch?v=O6-OsGXF0Uw,"[322, 11, 920, 720]"
63211,white,49,val,25,1,-1,5,aslu,https://www.youtube.com/watch?v=uLjkLwFvFtw,"[331, 35, 934, 720]"
63212,white,49,train,25,1,-1,5,aslu,https://www.youtube.com/watch?v=v8h6mw4zGys,"[334, 46, 929, 720]"
63213,white,49,val,25,1,-1,87,aslpro,http://www.aslpro.com/main/w/white.swf,"[35, 21, 212, 240]"
63214,white,49,train,25,1,-1,12,aslsearch,http://www.aslsearch.com/signs/videos/white.mp4,"[183, 52, 544, 400]"
63201,white,49,test,25,1,-1,36,startasl,https://s3-us-west-1.amazonaws.com/files.startasl.com/asldictionary/white.mp4,"[237, 13, 537, 414]"
63202,white,49,train,25,1,-1,38,startasl,https://s3-us-west-1.amazonaws.com/files.startasl.com/asldictionary/white-person.mp4,"[410, 57, 816, 720]"
63203,white,49,train,25,1,-1,6,signschool,https://signstock.blob.core.windows.net/signschool/videos/db_uploads/SignSchool%20White-75OHf34DQXk.mp4,"[640, 39, 1468, 1080]"
64082,wrong,50,test,25,4173,4232,9,asl5200,https://www.youtube.com/watch?v=A5dihMAjeTE,"[0, 0, 360, 240]"
68189,wrong,50,val,25,1,-1,110,valencia-asl,https://www.youtube.com/watch?v=BNOGQec2v8M,"[278, 7, 656, 480]"
70296,wrong,50,train,25,4359,4470,121,northtexas,https://www.youtube.com/watch?v=CSj7IScvZnE,"[148, 41, 391, 360]"
70132,wrong,50,train,25,1683,1814,121,northtexas,https://www.youtube.com/watch?v=VwejDy96MzM,"[151, 23, 471, 480]"
64087,wrong,50,train,25,1,-1,13,asldeafined,https://media.asldeafined.com/vocabulary/1468929417.3806.mp4,"[147, 9, 516, 480]"
64088,wrong,50,train,25,1,-1,15,asldeafined,https://media.asldeafined.com/vocabulary/1522768333.3729.mp4,"[133, 24, 513, 480]"
64089,wrong,50,train,25,1,-1,14,handspeak,https://www.handspeak.com/word/w/wrong.mp4,"[56, 2, 289, 240]"
64090,wrong,50,train,25,1,-1,11,signingsavvy,https://www.signingsavvy.com/signs/mp4/6/6969.mp4,"[81, 16, 223, 192]"
64091,wrong,50,train,25,1,-1,11,signingsavvy,https://www.signingsavvy.com/signs/mp4/9/9505.mp4,"[72, 12, 209, 192]"
64092,wrong,50,train,25,1,-1,5,aslu,https://www.youtube.com/watch?v=GLAPZdS-gpU,"[349, 41, 949, 720]"
64093,wrong,50,train,25,1,-1,5,aslu,https://www.youtube.com/watch?v=JI7l0z8hEKY,"[378, 42, 934, 720]"
64084,wrong,50,train,25,1,-1,42,spreadthesign,https://media.spreadthesign.com/video/mp4/13/51102.mp4,"[52, 0, 280, 240]"
67009,wrong,50,train,25,1,-1,109,asllex,https://youtu.be/Dl5AFJH040s,"[105, 16, 370, 360]"
67010,wrong,50,val,25,1,-1,109,asllex,https://youtu.be/hlVM_zS_dzw,"[118, 13, 361, 360]"
64094,wrong,50,train,25,1,-1,5,aslu,https://www.youtube.com/watch?v=UQakVMOT350,"[345, 47, 943, 720]"
64095,wrong,50,val,25,1,-1,5,aslu,https://www.youtube.com/watch?v=xt3jJMKpCqY,"[330, 43, 940, 720]"
64096,wrong,50,train,25,1,-1,87,aslpro,http://www.aslpro.com/main/w/wrong.swf,"[22, 9, 220, 240]"
64097,wrong,50,test,25,1,-1,12,aslsearch,http://www.aslsearch.com/signs/videos/wrong.mp4,"[207, 53, 561, 400]"
64085,wrong,50,train,25,1,-1,38,startasl,https://s3-us-west-1.amazonaws.com/files.startasl.com/asldictionary/wrong.mp4,"[407, 52, 813, 720]"
64086,wrong,50,train,25,1,-1,6,signschool,https://signstock.blob.core.windows.net/signschool/videos/db_uploads/SignSchool%20I%20Was%20Wrong%2C%20I%20Was%20Mistaken-ija9q46y1EA.mp4,"[686, 60, 1432, 1080]"
00618,accident,51,train,25,374,400,9,asl5200,https://www.youtube.com/watch?v=jPn0FQxkdBc,"[0, 0, 360, 240]"
00639,accident,51,train,25,1,-1,12,aslsearch,http://www.aslsearch.com/signs/videos/accident.mp4,"[180, 45, 574, 400]"
00624,accident,51,train,25,1,-1,29,spreadthesign,https://media.spreadthesign.com/video/mp4/13/72311.mp4,"[42, 6, 278, 240]"
00625,accident,51,test,25,1,-1,6,signschool,https://signstock.blob.core.windows.net/signschool/videos/db_uploads/SignSchool%20Accident%2C%20Accidentally-0F9FseAyJb4.mp4,"[675, 50, 1461, 1080]"
00626,accident,51,val,25,1,-1,32,signschool,https://signstock.blob.core.windows.net/signschool/videos/db_uploads/SignSchool%20Car%20Accident-lEGmzocv1g4.mp4,"[485, 85, 1608, 1080]"
00627,accident,51,val,25,1,-1,6,signschool,https://signstock.blob.core.windows.net/signschool/videos/db_uploads/SignSchool%20Oops%2C%20Accident%202-QRE4kaRRdnQ.mp4,"[662, 54, 1434, 1080]"
00628,accident,51,train,25,1,-1,6,signschool,https://signstock.blob.core.windows.net/signschool/videos/db_uploads/SignSchool%20Oops%2C%20Accident-CUc50MMnZ1g.mp4,"[677, 98, 1386, 1080]"
00629,accident,51,train,25,1,-1,13,asldeafined,https://media.asldeafined.com/vocabulary/1466168079.5866.mp4,"[69, 23, 613, 480]"
00630,accident,51,train,25,1,-1,20,handspeak,https://www.handspeak.com/word/a/accident.mp4,"[100, 16, 533, 480]"
00631,accident,51,train,25,1,-1,10,signingsavvy,https://www.signingsavvy.com/signs/mp4/24/24332.mp4,"[40, 15, 252, 192]"
00632,accident,51,train,25,1,-1,11,signingsavvy,https://www.signingsavvy.com/signs/mp4/5/5277.mp4,"[53, 14, 218, 192]"
65009,accident,51,train,25,1,-1,89,aslsignbank,https://aslsignbank.haskins.yale.edu/dictionary/protected_media/glossvideo/ASL/AC/ACCIDENT-2047.mp4,"[622, 126, 1450, 1079]"
00623,accident,51,train,25,1,-1,26,spreadthesign,https://media.spreadthesign.com/video/mp4/13/118182.mp4,"[54, 6, 272, 240]"
67342,accident,51,val,25,1,-1,109,asllex,https://youtu.be/l5KxrD1W7oQ,"[87, 5, 407, 360]"
00633,accident,51,train,25,1,-1,11,signingsavvy,https://www.signingsavvy.com/signs/mp4/6/6969.mp4,"[81, 16, 223, 192]"
00634,accident,51,test,25,1,-1,11,signingsavvy,https://www.signingsavvy.com/signs/mp4/7/7493.mp4,"[61, 12, 227, 192]"
00635,accident,51,test,25,1,-1,5,aslu,https://www.youtube.com/watch?v=SvF0j4h-3uE,"[256, 44, 977, 720]"
00636,accident,51,train,25,1,-1,18,aslpro,http://www.aslpro.com//main/a/accident_1car.swf,"[0, 8, 234, 240]"
00638,accident,51,train,25,1,-1,18,aslpro,http://www.aslpro.com/main/a/accident_3.swf,"[9, 8, 214, 240]"
02997,apple,52,test,25,3181,3233,9,asl5200,https://www.youtube.com/watch?v=jPn0FQxkdBc,"[0, 0, 360, 240]"
69213,apple,52,val,25,1,-1,117,aslbrick,http://aslbricks.org/New/ASL-Videos/apple.mp4,"[304, 41, 916, 720]"
68003,apple,52,train,25,1,-1,109,valencia-asl,https://www.youtube.com/watch?v=BT3cFFLNzD8,"[117, 0, 1158, 720]"
68576,apple,52,train,25,1,59,113,lillybauer,https://www.youtube.com/watch?v=iVgjg202V6M,"[89, 17, 531, 357]"
70309,apple,52,train,25,1682,1790,121,northtexas,https://www.youtube.com/watch?v=pc0-gVEETVg,"[64, 25, 273, 240]"
03004,apple,52,test,25,1,-1,14,handspeak,https://www.handspeak.com/word/a/apple.mp4,"[87, 0, 459, 360]"
03005,apple,52,train,25,1,-1,11,signingsavvy,https://www.signingsavvy.com/signs/mp4/7/7981.mp4,"[64, 15, 229, 192]"
03006,apple,52,train,25,1,-1,5,aslu,https://www.youtube.com/watch?v=4gTs30ozIrA,"[311, 47, 924, 720]"
03007,apple,52,train,25,1,-1,24,aslpro,http://www.aslpro.com/main/a/apple.swf,"[7, 7, 220, 240]"
03008,apple,52,train,25,1,-1,12,aslsearch,http://www.aslsearch.com/signs/videos/apple.mp4,"[158, 50, 541, 399]"
65085,apple,52,train,25,1,-1,89,aslsignbank,https://aslsignbank.haskins.yale.edu/dictionary/protected_media/glossvideo/ASL/AP/APPLE-2072.mp4,"[207, 0, 520, 370]"
65086,apple,52,val,25,1,-1,89,aslsignbank,https://aslsignbank.haskins.yale.edu/dictionary/protected_media/glossvideo/ASL/AP/APPLE-2073.mp4,"[206, 0, 535, 370]"
65084,apple,52,train,25,1,-1,88,aslsignbank,https://aslsignbank.haskins.yale.edu/dictionary/protected_media/glossvideo/ASL/AP/APPLE-406.mp4,"[119, 4, 486, 370]"
02999,apple,52,val,25,1,-1,37,spreadthesign,https://media.spreadthesign.com/video/mp4/13/455436.mp4,"[44, 0, 232, 240]"
67367,apple,52,train,25,1,-1,109,asllex,https://youtu.be/jVqjCsYCoMM,"[77, 19, 377, 360]"
03000,apple,52,train,25,1,-1,28,spreadthesign,https://media.spreadthesign.com/video/mp4/13/480702.mp4,"[41, 13, 259, 240]"
03001,apple,52,train,25,1,-1,38,startasl,https://s3-us-west-1.amazonaws.com/files.startasl.com/asldictionary/apple-2.mp4,"[350, 53, 815, 720]"
03002,apple,52,train,25,1,-1,36,startasl,https://s3-us-west-1.amazonaws.com/files.startasl.com/asldictionary/apple.mp4,"[212, 17, 526, 414]"
03003,apple,52,train,25,1,-1,13,asldeafined,https://media.asldeafined.com/vocabulary/1466511662.3373.mp4,"[24, 13, 526, 480]"
06326,bird,53,test,25,2852,2921,9,asl5200,https://www.youtube.com/watch?v=pDqITge_TGs,"[0, 0, 360, 240]"
69233,bird,53,val,25,1,-1,115,aslbrick,http://aslbricks.org/New/ASL-Videos/bird.mp4,"[550, 70, 1377, 1080]"
70107,bird,53,train,25,830,933,121,northtexas,https://www.youtube.com/watch?v=lvqGMGFmuV4,"[134, 23, 498, 480]"
06333,bird,53,train,25,1,-1,32,signschool,https://signstock.blob.core.windows.net/signschool/videos/db_uploads/SignSchool%20Bird-9B3c2F8jE7M.mp4,"[726, 78, 1601, 1077]"
06334,bird,53,train,25,1,-1,4,signschool,https://signstock.blob.core.windows.net/signschool/videos/db_uploads/SignSchool%20Bird-FoeeEapec3M.mp4,"[656, 92, 1563, 1064]"
06335,bird,53,test,25,1,-1,59,asldeafined,https://media.asldeafined.com/vocabulary/1466682238.9870.mp4,"[86, 18, 509, 480]"
06336,bird,53,train,25,1,-1,14,handspeak,https://www.handspeak.com/word/b/bird.mp4,"[91, 14, 505, 476]"
06337,bird,53,train,25,1,-1,10,signingsavvy,https://www.signingsavvy.com/signs/mp4/23/23779.mp4,"[71, 18, 210, 192]"
06338,bird,53,train,25,1,-1,5,aslu,https://www.youtube.com/watch?v=1ZEAGpAH284,"[332, 38, 938, 720]"
06339,bird,53,train,25,1,-1,67,nabboud,https://www.youtube.com/watch?v=BC2ahgTLYbk,"[324, 59, 890, 720]"
65187,bird,53,train,25,1,-1,90,aslsignbank,https://aslsignbank.haskins.yale.edu/dictionary/protected_media/glossvideo/ASL/BI/BIRD-361.mp4,"[157, 17, 460, 370]"
06330,bird,53,val,25,1,-1,19,elementalasl,https://elementalaslconcepts.weebly.com/uploads/2/4/4/5/24454483/bird.mov,"[90, 12, 232, 180]"
67411,bird,53,train,25,1,-1,109,asllex,https://youtu.be/pq-48yqB8kM,"[114, 15, 385, 360]"
06340,bird,53,val,25,1,-1,5,aslu,https://www.youtube.com/watch?v=Bibgy-yjgYE,"[267, 26, 923, 720]"
06341,bird,53,train,25,1,-1,64,aslu,https://www.youtube.com/watch?v=o9GSFqvikro,"[140, 33, 448, 344]"
06342,bird,53,train,25,1,-1,24,aslpro,http://www.aslpro.com/main/b/bird.swf,"[18, 14, 200, 240]"
06343,bird,53,train,25,1,-1,12,aslsearch,http://www.aslsearch.com/signs/videos/bird.mp4,"[175, 52, 533, 400]"
06331,bird,53,train,25,1,-1,2,spreadthesign,https://media.spreadthesign.com/video/mp4/13/124323.mp4,"[37, 6, 256, 240]"
06332,bird,53,train,25,1,-1,36,startasl,https://s3-us-west-1.amazonaws.com/files.startasl.com/asldictionary/bird.mp4,"[219, 16, 530, 414]"
09945,change,54,test,25,2026,2065,9,asl5200,https://www.youtube.com/watch?v=PPmQd2zWdP0,"[0, 0, 360, 240]"
70379,change,54,val,25,5827,5943,121,northtexas,https://www.youtube.com/watch?v=Z25ng9maolE,"[137, 16, 492, 480]"
09966,change,54,train,25,1,-1,11,signingsavvy,https://www.signingsavvy.com/signs/mp4/5/5424.mp4,"[48, 11, 215, 192]"
09967,change,54,train,25,1,-1,11,signingsavvy,https://www.signingsavvy.com/signs/mp4/5/5425.mp4,"[65, 13, 222, 192]"
09968,change,54,train,25,1,-1,5,aslu,https://www.youtube.com/watch?v=lT0E7jGHIKY,"[367, 45, 952, 720]"
09950,change,54,test,25,1,-1,2,spreadthesign,https://media.spreadthesign.com/video/mp4/13/125921.mp4,"[64, 4, 266, 240]"
09969,change,54,train,25,1,-1,16,aslpro,http://www.aslpro.com/main/c/change.swf,"[8, 8, 223, 240]"
09970,change,54,train,25,1,-1,12,aslsearch,http://www.aslsearch.com/signs/videos/change.mp4,"[190, 56, 551, 400]"
09953,change,54,train,25,1,-1,38,startasl,https://s3-us-west-1.amazonaws.com/files.startasl.com/asldictionary/change.mp4,"[423, 55, 817, 720]"
09954,change,54,train,25,1,-1,31,signschool,https://signstock.blob.core.windows.net/signschool/videos/db_uploads/SignSchool%20Change%202-Xhf4WPaB3tY.mp4,"[753, 142, 1517, 1080]"
65332,change,54,train,25,1,-1,90,aslsignbank,https://aslsignbank.haskins.yale.edu/dictionary/protected_media/glossvideo/CH/CHANGE-2371.mp4,"[192, 14, 480, 370]"
09955,change,54,val,25,1,-1,52,signschool,https://signstock.blob.core.windows.net/signschool/videos/db_uploads/SignSchool%20Change%2C%20Mutation%2C%20Transformation-EW5b3lokmuw.mp4,"[367, 6, 827, 480]"
09956,change,54,train,25,1,-1,31,signschool,https://signstock.blob.core.windows.net/signschool/videos/db_uploads/SignSchool%20Change-f_fl73dep8U.mp4,"[736, 143, 1527, 1080]"
09957,change,54,val,25,1,-1,59,asldeafined,https://media.asldeafined.com/vocabulary/1466729718.948.mp4,"[112, 19, 561, 480]"
09949,change,54,train,25,1,-1,66,elementalasl,https://elementalaslconcepts.weebly.com/uploads/2/4/4/5/24454483/change.mov,"[94, 12, 223, 180]"
09960,change,54,train,25,1,-1,13,asldeafined,https://media.asldeafined.com/vocabulary/1468760882.9730.mp4,"[149, 0, 591, 480]"
09961,change,54,train,25,1,-1,20,handspeak,https://www.handspeak.com/word/c/change2.mp4,"[42, 0, 565, 480]"
09962,change,54,train,25,1,-1,20,handspeak,https://www.handspeak.com/word/c/change.mp4,"[76, 12, 537, 480]"
09963,change,54,train,25,1,-1,11,signingsavvy,https://www.signingsavvy.com/signs/mp4/14/14623.mp4,"[80, 14, 203, 192]"
11752,color,55,test,25,4298,4360,9,asl5200,https://www.youtube.com/watch?v=PPmQd2zWdP0,"[0, 0, 360, 240]"
69274,color,55,val,25,1,-1,116,aslbrick,http://aslbricks.org/New/ASL-Videos/color.mp4,"[149, 18, 499, 480]"
68202,color,55,train,25,1,44,111,lillybauer,https://www.youtube.com/watch?v=13NxXYPYpb0,"[349, 14, 928, 720]"
68027,color,55,train,25,1,-1,111,valencia-asl,https://www.youtube.com/watch?v=MslyAd8WAwU,"[215, 0, 598, 480]"
11771,color,55,train,25,1,-1,20,handspeak,https://www.handspeak.com/word/c/color.mp4,"[114, 0, 503, 480]"
11772,color,55,test,25,1,-1,11,signingsavvy,https://www.signingsavvy.com/signs/mp4/14/14075.mp4,"[54, 9, 215, 192]"
11773,color,55,train,25,1,-1,11,signingsavvy,https://www.signingsavvy.com/signs/mp4/5/5932.mp4,"[85, 9, 215, 192]"
11774,color,55,train,25,1,-1,64,aslu,https://www.youtube.com/watch?v=KaNDm5Xvkzs,"[144, 35, 393, 345]"
11775,color,55,train,25,1,-1,5,aslu,https://www.youtube.com/watch?v=KaNDm5Xvkzs,"[350, 33, 947, 720]"
11776,color,55,train,25,1,-1,5,aslu,https://www.youtube.com/watch?v=-kKuV4iM_NQ,"[387, 37, 969, 720]"
11767,color,55,train,25,1,-1,36,startasl,https://s3-us-west-1.amazonaws.com/files.startasl.com/asldictionary/color.mp4,"[231, 17, 522, 414]"
67514,color,55,val,25,1,-1,109,asllex,https://youtu.be/7Do9s2qJpeA,"[101, 19, 383, 360]"
11777,color,55,train,25,1,-1,47,scott,https://www.youtube.com/watch?v=MIUuj3MCRs8,"[366, 17, 936, 720]"
11778,color,55,val,25,1,-1,5,aslu,https://www.youtube.com/watch?v=R0MW-QKaqeQ,"[372, 41, 945, 720]"
11779,color,55,train,25,1,-1,16,aslpro,http://www.aslpro.com/main/c/color.swf,"[30, 21, 207, 240]"
11780,color,55,train,25,1,-1,12,aslsearch,http://www.aslsearch.com/signs/videos/color.mp4,"[188, 53, 535, 400]"
11768,color,55,train,25,1,-1,38,startasl,https://s3-us-west-1.amazonaws.com/files.startasl.com/asldictionary/colors.mp4,"[404, 53, 799, 720]"
11769,color,55,train,25,1,-1,4,signschool,https://signstock.blob.core.windows.net/signschool/videos/db_uploads/SignSchool%20Color-fdBoYowmVQ8.mp4,"[760, 66, 1612, 1062]"
11770,color,55,train,25,1,-1,59,asldeafined,https://media.asldeafined.com/vocabulary/1466899941.6976.mp4,"[129, 28, 517, 480]"
13309,corn,56,val,25,6138,6190,9,asl5200,https://www.youtube.com/watch?v=PPmQd2zWdP0,"[0, 0, 360, 240]"
69282,corn,56,train,25,1,-1,119,aslbrick,http://aslbricks.org/New/ASL-Videos/corn.mp4,"[317, 29, 861, 720]"
13337,corn,56,train,25,1,-1,12,aslsearch,http://www.aslsearch.com/signs/videos/corn.mp4,"[157, 54, 530, 400]"
13325,corn,56,test,25,1,-1,0,spreadthesign,https://media.spreadthesign.com/video/mp4/13/69483.mp4,"[61, 15, 292, 240]"
13326,corn,56,train,25,1,-1,4,signschool,https://signstock.blob.core.windows.net/signschool/videos/db_uploads/SignSchool%20Corn%202-FKgZc_MRxV4.mp4,"[333, 33, 1027, 720]"
13327,corn,56,train,25,1,-1,4,signschool,https://signstock.blob.core.windows.net/signschool/videos/db_uploads/SignSchool%20Corn-o98GdAgQyjY.mp4,"[382, 27, 1022, 719]"
13328,corn,56,train,25,1,-1,32,signschool,https://signstock.blob.core.windows.net/signschool/videos/db_uploads/SignSchool%20Corn-QaahtFHvNxI.mp4,"[677, 75, 1599, 1074]"
13329,corn,56,train,25,1,-1,59,asldeafined,https://media.asldeafined.com/vocabulary/1466903438.4804.mp4,"[87, 24, 522, 480]"
13330,corn,56,train,25,1,-1,14,handspeak,https://www.handspeak.com/word/c/corn2.mp4,"[3, 6, 320, 240]"
13331,corn,56,train,25,1,-1,14,handspeak,https://www.handspeak.com/word/c/corn.mp4,"[2, 5, 314, 240]"
65408,corn,56,train,25,1,-1,92,aslsignbank,https://aslsignbank.haskins.yale.edu/dictionary/protected_media/glossvideo/ASL/CO/CORN_1-2167.mp4,"[144, 25, 440, 370]"
65409,corn,56,train,25,1,-1,99,aslsignbank,https://aslsignbank.haskins.yale.edu/dictionary/protected_media/glossvideo/ASL/CO/CORN_2-2464.mp4,"[92, 11, 506, 370]"
13323,corn,56,train,25,1,-1,37,spreadthesign,https://media.spreadthesign.com/video/mp4/13/184770.mp4,"[12, 0, 271, 240]"
67531,corn,56,train,25,1,-1,109,asllex,https://youtu.be/0C7Gfubq690,"[58, 19, 418, 360]"
67530,corn,56,test,25,1,-1,109,asllex,https://youtu.be/lPM0S5NBl_0,"[106, 18, 381, 360]"
13333,corn,56,train,25,1,-1,11,signingsavvy,https://www.signingsavvy.com/signs/mp4/7/7286.mp4,"[68, 14, 225, 192]"
13334,corn,56,test,25,1,-1,11,signingsavvy,https://www.signingsavvy.com/signs/mp4/8/8825.mp4,"[67, 9, 218, 192]"
13335,corn,56,val,25,1,-1,24,aslpro,http://www.aslpro.com/main/c/corn_a.swf,"[0, 17, 200, 240]"
13336,corn,56,val,25,1,-1,24,aslpro,http://www.aslpro.com/main/c/corn_b.swf,"[21, 14, 218, 240]"
13681,cow,57,test,25,6767,6803,9,asl5200,https://www.youtube.com/watch?v=PPmQd2zWdP0,"[0, 0, 360, 240]"
69283,cow,57,train,25,1,-1,118,aslbrick,http://aslbricks.org/New/ASL-Videos/cow.mp4,"[219, 15, 1044, 720]"
13697,cow,57,train,25,1,-1,31,signschool,https://signstock.blob.core.windows.net/signschool/videos/db_uploads/SignSchool%20Cow-6-hRTBII8CE.mp4,"[413, 77, 1655, 1080]"
13698,cow,57,val,25,1,-1,31,signschool,https://signstock.blob.core.windows.net/signschool/videos/SignSchool%20Cow%202.mp4,"[477, 60, 1068, 716]"
13699,cow,57,train,25,1,-1,59,asldeafined,https://media.asldeafined.com/vocabulary/1466904642.2093.mp4,"[63, 29, 610, 480]"
13700,cow,57,train,25,1,-1,14,handspeak,https://www.handspeak.com/word/c/cow2.mp4,"[51, 10, 606, 475]"
13701,cow,57,train,25,1,-1,14,handspeak,https://www.handspeak.com/word/c/cow.mp4,"[122, 4, 507, 480]"
13702,cow,57,train,25,1,-1,11,signingsavvy,https://www.signingsavvy.com/signs/mp4/14/14631.mp4,"[36, 0, 220, 192]"
13703,cow,57,val,25,1,-1,11,signingsavvy,https://www.signingsavvy.com/signs/mp4/14/14633.mp4,"[34, 0, 257, 192]"
13704,cow,57,train,25,1,-1,5,aslu,https://www.youtube.com/watch?v=HTCXKjM5h-4,"[225, 0, 966, 720]"
13695,cow,57,train,25,1,-1,35,spreadthesign,https://media.spreadthesign.com/video/mp4/13/357956.mp4,"[36, 0, 254, 240]"
67536,cow,57,train,25,1,-1,109,asllex,https://youtu.be/VO9nCXjgMW4,"[78, 18, 380, 360]"
13705,cow,57,train,25,1,-1,5,aslu,https://www.youtube.com/watch?v=I2_nB2cXP58,"[262, 26, 941, 720]"
13706,cow,57,train,25,1,-1,67,nabboud,https://www.youtube.com/watch?v=-IWU7gZ-gAQ,"[284, 32, 911, 720]"
13707,cow,57,train,25,1,-1,64,aslu,https://www.youtube.com/watch?v=oId_a4wrcds,"[139, 33, 467, 345]"
13708,cow,57,test,25,1,-1,5,aslu,https://www.youtube.com/watch?v=sdr-c7NRai8,"[229, 95, 941, 720]"
13709,cow,57,train,25,1,-1,16,aslpro,http://www.aslpro.com/main/c/cow.swf,"[17, 9, 231, 240]"
13710,cow,57,test,25,1,-1,41,aslsearch,http://www.aslsearch.com/signs/videos/cow.mp4,"[193, 43, 481, 400]"
13696,cow,57,val,25,1,-1,36,startasl,https://s3-us-west-1.amazonaws.com/files.startasl.com/asldictionary/cow.mp4,"[152, 16, 525, 414]"
14621,dance,58,test,25,67,126,9,asl5200,https://www.youtube.com/watch?v=ChIupJBcxjs,"[0, 0, 360, 240]"
68032,dance,58,val,25,1,-1,109,valencia-asl,https://www.youtube.com/watch?v=G6pN8BFQYDI,"[91, 2, 1186, 720]"
70152,dance,58,train,25,7250,7361,121,northtexas,https://www.youtube.com/watch?v=VwejDy96MzM,"[77, 26, 492, 480]"
68988,dance,58,train,25,1,56,115,lillybauer,https://www.youtube.com/watch?v=w6ZfGv4ns64,"[349, 0, 911, 720]"
69048,dance,58,train,25,1,123,115,lillybauer,https://www.youtube.com/watch?v=y8Rm0Q7fDYk,"[110, 10, 547, 357]"
14626,dance,58,test,25,1,-1,20,handspeak,https://www.handspeak.com/word/d/dance.mp4,"[28, 0, 541, 480]"
14627,dance,58,train,25,1,-1,11,signingsavvy,https://www.signingsavvy.com/signs/mp4/6/6768.mp4,"[71, 16, 220, 192]"
14628,dance,58,train,25,1,-1,5,aslu,https://www.youtube.com/watch?v=fbgiLOBY4P0,"[275, 30, 957, 720]"
14629,dance,58,train,25,1,-1,51,nabboud,https://www.youtube.com/watch?v=g67ZXnEx9Z4,"[300, 69, 901, 720]"
14630,dance,58,train,25,1,-1,5,aslu,https://www.youtube.com/watch?v=GfUdx7LmGhc,"[216, 22, 955, 720]"
65434,dance,58,train,25,1,-1,102,aslsignbank,https://aslsignbank.haskins.yale.edu/dictionary/protected_media/glossvideo/ASL/DA/DANCE-1207.mp4,"[137, 14, 498, 370]"
67550,dance,58,val,25,1,-1,109,asllex,https://youtu.be/vrAcHSfVt88,"[79, 9, 387, 360]"
14631,dance,58,train,25,1,-1,5,aslu,https://www.youtube.com/watch?v=p3UKhedGeTA,"[293, 55, 915, 720]"
14632,dance,58,val,25,1,-1,54,aslpro,http://www.aslpro.com/main/d/dance.swf,"[0, 1, 228, 240]"
14633,dance,58,train,25,1,-1,12,aslsearch,http://www.aslsearch.com/signs/videos/dance.mp4,"[182, 61, 554, 400]"
14622,dance,58,train,25,1,-1,2,spreadthesign,https://media.spreadthesign.com/video/mp4/13/93915.mp4,"[54, 19, 223, 240]"
14623,dance,58,train,25,1,-1,38,startasl,https://s3-us-west-1.amazonaws.com/files.startasl.com/asldictionary/dance.mp4,"[333, 54, 820, 720]"
14624,dance,58,train,25,1,-1,6,signschool,https://signstock.blob.core.windows.net/signschool/videos/db_uploads/SignSchool%20Dance-LOxTQ06JyCQ.mp4,"[608, 74, 1589, 1078]"
14625,dance,58,train,25,1,-1,59,asldeafined,https://media.asldeafined.com/vocabulary/1466906258.9856.mp4,"[66, 27, 510, 480]"
14669,dark,59,val,25,240,286,9,asl5200,https://www.youtube.com/watch?v=ChIupJBcxjs,"[0, 0, 360, 240]"
69290,dark,59,train,25,1,-1,116,aslbrick,http://aslbricks.org/New/ASL-Videos/dark.mp4,"[186, 0, 1101, 720]"
14673,dark,59,test,25,1,-1,4,signschool,https://signstock.blob.core.windows.net/signschool/videos/db_uploads/SignSchool%20Dark%203-5soiYfTU5hI.mp4,"[520, 34, 1709, 1080]"
14674,dark,59,train,25,1,-1,4,signschool,https://signstock.blob.core.windows.net/signschool/videos/db_uploads/SignSchool%20Dark-AYvdy-XWNNg.mp4,"[479, 31, 1735, 1080]"
14675,dark,59,train,25,1,-1,59,asldeafined,https://media.asldeafined.com/vocabulary/1466906377.6228.mp4,"[56, 29, 620, 480]"
14676,dark,59,train,25,1,-1,59,asldeafined,https://media.asldeafined.com/vocabulary/1466906399.7678.mp4,"[79, 26, 581, 480]"
14677,dark,59,train,25,1,-1,20,handspeak,https://www.handspeak.com/word/d/dark-color2.mp4,"[163, 6, 549, 360]"
14678,dark,59,train,25,1,-1,20,handspeak,https://www.handspeak.com/word/d/dark-color.mp4,"[117, 15, 472, 360]"
14679,dark,59,train,25,1,-1,14,handspeak,https://www.handspeak.com/word/d/dark.mp4,"[0, 3, 320, 240]"
14680,dark,59,train,25,1,-1,11,signingsavvy,https://www.signingsavvy.com/signs/mp4/14/14847.mp4,"[47, 6, 237, 192]"
65439,dark,59,train,25,1,-1,90,aslsignbank,https://aslsignbank.haskins.yale.edu/dictionary/protected_media/glossvideo/ASL/DA/DARK-100.mp4,"[159, 1, 521, 370]"
65440,dark,59,train,25,1,-1,90,aslsignbank,https://aslsignbank.haskins.yale.edu/dictionary/protected_media/glossvideo/ASL/DA/DARK-101.mp4,"[156, 10, 531, 370]"
14671,dark,59,train,25,1,-1,35,spreadthesign,https://media.spreadthesign.com/video/mp4/13/51156.mp4,"[39, 0, 288, 240]"
14681,dark,59,train,25,1,-1,11,signingsavvy,https://www.signingsavvy.com/signs/mp4/14/14870.mp4,"[69, 5, 221, 192]"
14682,dark,59,test,25,1,-1,5,aslu,https://www.youtube.com/watch?v=CGLQEeEzo1s,"[172, 7, 1065, 720]"
14683,dark,59,val,25,1,-1,68,nabboud,https://www.youtube.com/watch?v=eWiJm1rz0Fk,"[385, 56, 903, 720]"
14684,dark,59,train,25,1,-1,25,aslpro,http://www.aslpro.com/main/d/dark.swf,"[0, 13, 254, 240]"
14685,dark,59,test,25,1,-1,12,aslsearch,http://www.aslsearch.com/signs/videos/dark.mp4,"[169, 52, 568, 400]"
14672,dark,59,val,25,1,-1,4,signschool,https://signstock.blob.core.windows.net/signschool/videos/db_uploads/SignSchool%20Dark%202-DEioenO9U9g.mp4,"[451, 37, 1746, 1080]"
17007,doctor,60,train,25,3820,3869,9,asl5200,https://www.youtube.com/watch?v=ChIupJBcxjs,"[0, 0, 360, 240]"
68842,doctor,60,train,25,1,102,113,lillybauer,https://www.youtube.com/watch?v=QPiZO8Aswgo,"[241, 30, 1066, 720]"
70049,doctor,60,train,25,7390,7475,121,northtexas,https://www.youtube.com/watch?v=sErq0TJMKEo,"[135, 24, 481, 480]"
17015,doctor,60,train,25,1,-1,36,startasl,https://s3-us-west-1.amazonaws.com/files.startasl.com/asldictionary/doctor.mp4,"[229, 14, 528, 414]"
17016,doctor,60,val,25,1,-1,60,signschool,https://signstock.blob.core.windows.net/signschool/videos/db_uploads/SignSchool%20Doctor-zl9aTqYRVXQ.mp4,"[351, 18, 756, 480]"
17017,doctor,60,train,25,1,-1,21,asldeafined,https://media.asldeafined.com/vocabulary/1467772429.4932.mp4,"[93, 12, 562, 480]"
17018,doctor,60,train,25,1,-1,14,handspeak,https://www.handspeak.com/word/d/doctor.mp4,"[54, 0, 556, 480]"
17019,doctor,60,train,25,1,-1,10,signingsavvy,https://www.signingsavvy.com/signs/mp4/22/22643.mp4,"[93, 20, 203, 192]"
17020,doctor,60,test,25,1,-1,10,signingsavvy,https://www.signingsavvy.com/signs/mp4/22/22644.mp4,"[91, 21, 201, 192]"
17022,doctor,60,val,25,1,-1,5,aslu,https://www.youtube.com/watch?v=1t6GrmgKN5U,"[344, 30, 990, 720]"
65503,doctor,60,train,25,1,-1,99,aslsignbank,https://aslsignbank.haskins.yale.edu/dictionary/protected_media/glossvideo/ASL/DO/DOCTOR-344.mp4,"[158, 18, 452, 370]"
65504,doctor,60,train,25,1,-1,99,aslsignbank,https://aslsignbank.haskins.yale.edu/dictionary/protected_media/glossvideo/ASL/DO/DOCTOR-573.mp4,"[146, 16, 458, 370]"
17013,doctor,60,train,25,1,-1,8,spreadthesign,https://media.spreadthesign.com/video/mp4/13/456750.mp4,"[57, 0, 231, 240]"
67579,doctor,60,test,25,1,-1,109,asllex,https://youtu.be/sSpld6bXlM0,"[110, 20, 382, 360]"
17023,doctor,60,val,25,1,-1,5,aslu,https://www.youtube.com/watch?v=IEVgcJA3JWk,"[333, 28, 968, 720]"
17024,doctor,60,test,25,1,-1,72,aslpro,http://www.aslpro.com/main/d/doctor_1.swf,"[18, 7, 216, 240]"
17025,doctor,60,train,25,1,-1,72,aslpro,http://www.aslpro.com/main/d/doctor_2.swf,"[21, 7, 223, 240]"
17026,doctor,60,train,25,1,-1,12,aslsearch,http://www.aslsearch.com/signs/videos/doctor.mp4,"[189, 63, 546, 400]"
17014,doctor,60,train,25,1,-1,36,startasl,https://s3-us-west-1.amazonaws.com/files.startasl.com/asldictionary/doctor2.mp4,"[233, 13, 524, 414]"
18316,eat,61,test,25,672,728,9,asl5200,https://www.youtube.com/watch?v=2oaCeSdHG-A,"[0, 0, 360, 240]"
69307,eat,61,val,25,1,-1,118,aslbrick,http://aslbricks.org/New/ASL-Videos/eat.mp4,"[389, 39, 872, 720]"
68520,eat,61,train,25,1,65,113,lillybauer,https://www.youtube.com/watch?v=HAqSIA2GG3g,"[104, 18, 543, 358]"
68044,eat,61,train,25,1,-1,109,valencia-asl,https://www.youtube.com/watch?v=lsjFBdE3X7M,"[124, 0, 1147, 720]"
69086,eat,61,train,25,1,59,115,lillybauer,https://www.youtube.com/watch?v=zOzgRJ3bAdI,"[316, 24, 921, 720]"
18326,eat,61,test,25,1,-1,20,handspeak,https://www.handspeak.com/word/e/eat-iclpop.mp4,"[113, 0, 474, 360]"
18328,eat,61,train,25,1,-1,20,handspeak,https://www.handspeak.com/word/e/eat.mp4,"[82, 0, 590, 480]"
18329,eat,61,train,25,1,-1,11,signingsavvy,https://www.signingsavvy.com/signs/mp4/14/14883.mp4,"[82, 4, 212, 192]"
18331,eat,61,train,25,1,-1,64,aslu,https://www.youtube.com/watch?v=9AYysHe14jg,"[149, 41, 406, 341]"
18332,eat,61,train,25,1,-1,5,aslu,https://www.youtube.com/watch?v=OmylSinUxns,"[307, 31, 945, 720]"
65601,eat,61,train,25,1,-1,90,aslsignbank,https://aslsignbank.haskins.yale.edu/dictionary/protected_media/glossvideo/ASL/EA/EAT-399.mp4,"[200, 10, 486, 370]"
18323,eat,61,val,25,1,-1,0,spreadthesign,https://media.spreadthesign.com/video/mp4/13/74980.mp4,"[78, 14, 258, 240]"
67610,eat,61,train,25,1,-1,109,asllex,https://youtu.be/FSxHpeiCuBc,"[102, 12, 372, 360]"
67611,eat,61,val,25,1,-1,109,asllex,https://youtu.be/QkTP_AyKk_k,"[103, 14, 373, 360]"
18333,eat,61,train,25,1,-1,80,nabboud,https://www.youtube.com/watch?v=rbnYbQyFvK4,"[317, 119, 844, 720]"
18334,eat,61,train,25,1,-1,16,aslpro,http://www.aslpro.com/main/e/eat.swf,"[25, 9, 226, 240]"
18335,eat,61,train,25,1,-1,12,aslsearch,http://www.aslsearch.com/signs/videos/eat.mp4,"[193, 55, 546, 400]"
18324,eat,61,train,25,1,-1,36,startasl,https://s3-us-west-1.amazonaws.com/files.startasl.com/asldictionary/eat.mp4,"[239, 16, 527, 414]"
18325,eat,61,train,25,1,-1,21,asldeafined,https://media.asldeafined.com/vocabulary/1468347821.5825.mp4,"[106, 13, 550, 480]"
19255,enjoy,62,test,25,1822,1898,9,asl5200,https://www.youtube.com/watch?v=2oaCeSdHG-A,"[0, 0, 360, 240]"
68344,enjoy,62,val,25,1,128,113,lillybauer,https://www.youtube.com/watch?v=aYMV4_YuPi8,"[88, 1, 564, 360]"
68046,enjoy,62,train,25,1,-1,109,valencia-asl,https://www.youtube.com/watch?v=rNb-ogcyRAE,"[319, 0, 1177, 720]"
70051,enjoy,62,train,25,7902,8018,121,northtexas,https://www.youtube.com/watch?v=sErq0TJMKEo,"[100, 22, 542, 480]"
19261,enjoy,62,train,25,1,-1,21,asldeafined,https://media.asldeafined.com/vocabulary/1468376460.8089.mp4,"[37, 6, 600, 480]"
19262,enjoy,62,test,25,1,-1,20,handspeak,https://www.handspeak.com/word/e/enjoy2.mp4,"[62, 0, 552, 480]"
19263,enjoy,62,train,25,1,-1,20,handspeak,https://www.handspeak.com/word/e/enjoy.mp4,"[45, 0, 541, 480]"
19264,enjoy,62,train,25,1,-1,11,signingsavvy,https://www.signingsavvy.com/signs/mp4/6/6907.mp4,"[73, 10, 239, 192]"
19265,enjoy,62,train,25,1,-1,69,nabboud,https://www.youtube.com/watch?v=DAotz9r5g_o,"[338, 51, 880, 720]"
19266,enjoy,62,train,25,1,-1,5,aslu,https://www.youtube.com/watch?v=G7MMoJZRltk,"[156, 0, 1057, 720]"
65635,enjoy,62,train,25,1,-1,90,aslsignbank,https://aslsignbank.haskins.yale.edu/dictionary/protected_media/glossvideo/ASL/EN/ENJOY-574.mp4,"[170, 10, 502, 370]"
19257,enjoy,62,val,25,1,-1,37,spreadthesign,https://media.spreadthesign.com/video/mp4/13/456900.mp4,"[36, 0, 272, 240]"
67624,enjoy,62,train,25,1,-1,109,asllex,https://youtu.be/OL02Odh2dRg,"[58, 15, 439, 360]"
19267,enjoy,62,val,25,1,-1,5,aslu,https://www.youtube.com/watch?v=Uo_AUbP0O9g,"[177, 42, 1051, 720]"
19268,enjoy,62,train,25,1,-1,25,aslpro,http://www.aslpro.com/main/e/enjoy.swf,"[0, 10, 251, 240]"
19269,enjoy,62,train,25,1,-1,12,aslsearch,http://www.aslsearch.com/signs/videos/enjoy.mp4,"[172, 53, 561, 400]"
19258,enjoy,62,train,25,1,-1,38,startasl,https://s3-us-west-1.amazonaws.com/files.startasl.com/asldictionary/enjoy.mp4,"[374, 54, 831, 720]"
19259,enjoy,62,train,25,1,-1,4,signschool,https://signstock.blob.core.windows.net/signschool/videos/db_uploads/SignSchool%20Enjoy-J1S7e-UwSMY.mp4,"[523, 70, 1792, 1080]"
19260,enjoy,62,train,25,1,-1,39,signschool,https://signstock.blob.core.windows.net/signschool/videos/db_uploads/SignSchool%20Enjoy-OqNA--JdTmA.mp4,"[826, 116, 1733, 1077]"
65761,forget,63,test,25,1,-1,94,aslsignbank,https://aslsignbank.haskins.yale.edu/dictionary/protected_media/glossvideo/ASL/FO/FORGET-565.mp4,"[143, 12, 461, 370]"
68053,forget,63,val,25,1,-1,109,valencia-asl,https://www.youtube.com/watch?v=l_aBsu7kVqI,"[53, 0, 1083, 720]"
68692,forget,63,train,25,1,47,113,lillybauer,https://www.youtube.com/watch?v=mK0OtDTC5To,"[115, 8, 525, 358]"
68054,forget,63,train,25,1,-1,110,valencia-asl,https://www.youtube.com/watch?v=TxfYzcnSl-o,"[237, 0, 650, 480]"
70376,forget,63,train,25,4255,4351,121,northtexas,https://www.youtube.com/watch?v=Z25ng9maolE,"[104, 17, 476, 480]"
22954,forget,63,test,25,1,-1,4,signschool,https://signstock.blob.core.windows.net/signschool/videos/db_uploads/SignSchool%20Forget-5pgZiT-vz60.mp4,"[571, 73, 1567, 1080]"
22955,forget,63,train,25,1,-1,21,asldeafined,https://media.asldeafined.com/vocabulary/1468513470.6049.mp4,"[53, 0, 552, 480]"
22956,forget,63,train,25,1,-1,14,handspeak,https://www.handspeak.com/word/f/forget-blank.mp4,"[59, 20, 266, 240]"
22959,forget,63,train,25,1,-1,14,handspeak,https://www.handspeak.com/word/f/forget.mp4,"[34, 28, 269, 240]"
22960,forget,63,train,25,1,-1,11,signingsavvy,https://www.signingsavvy.com/signs/mp4/8/8938.mp4,"[49, 0, 221, 192]"
22961,forget,63,train,25,1,-1,5,aslu,https://www.youtube.com/watch?v=1vXrp5awuHc,"[298, 23, 940, 720]"
22962,forget,63,val,25,1,-1,5,aslu,https://www.youtube.com/watch?v=fCzxDWv0jbo,"[216, 8, 925, 720]"
22963,forget,63,train,25,1,-1,5,aslu,https://www.youtube.com/watch?v=N18WPFcphhs,"[285, 46, 894, 720]"
22964,forget,63,val,25,1,-1,5,aslu,https://www.youtube.com/watch?v=qSzyQByTFps,"[264, 37, 985, 720]"
22965,forget,63,train,25,1,-1,5,aslu,https://www.youtube.com/watch?v=TVFEnWVgoII,"[292, 14, 953, 720]"
22966,forget,63,train,25,1,-1,16,aslpro,http://www.aslpro.com/main/f/forget.swf,"[17, 8, 225, 240]"
22967,forget,63,train,25,1,-1,12,aslsearch,http://www.aslsearch.com/signs/videos/alzheimer.mp4,"[166, 50, 550, 400]"
22952,forget,63,train,25,1,-1,38,startasl,https://s3-us-west-1.amazonaws.com/files.startasl.com/asldictionary/forgot2.mp4,"[415, 51, 834, 720]"
22953,forget,63,train,25,1,-1,4,signschool,https://signstock.blob.core.windows.net/signschool/videos/db_uploads/SignSchool%20Forget%202-cIPsq4HrhFc.mp4,"[495, 68, 1600, 1080]"
69343,give,64,train,25,1,-1,115,aslbrick,http://aslbricks.org/New/ASL-Videos/give.mp4,"[132, 45, 949, 720]"
24655,give,64,train,25,1,-1,5,aslu,https://www.youtube.com/watch?v=PkJpgPxNhwE,"[383, 55, 971, 720]"
24656,give,64,train,25,1,-1,81,nabboud,https://www.youtube.com/watch?v=qMgcmGOiNmw,"[290, 75, 833, 720]"
24657,give,64,train,25,1,-1,5,aslu,https://www.youtube.com/watch?v=U5p42-d-buw,"[263, 31, 913, 720]"
24658,give,64,val,25,1,-1,5,aslu,https://www.youtube.com/watch?v=wEKZPaO7XTQ,"[404, 54, 941, 720]"
24659,give,64,train,25,1,-1,16,aslpro,http://www.aslpro.com/main/g/give.swf,"[20, 3, 237, 240]"
24660,give,64,train,25,1,-1,12,aslsearch,http://www.aslsearch.com/signs/videos/give.mp4,"[181, 63, 541, 400]"
24638,give,64,train,25,1,-1,45,signschool,https://signstock.blob.core.windows.net/signschool/videos/db_uploads/SignSchool%20Give%20You%20Something%202-ysfVqxTJKcg.mp4,"[677, 133, 1465, 1062]"
24639,give,64,val,25,1,-1,45,signschool,https://signstock.blob.core.windows.net/signschool/videos/db_uploads/SignSchool%20Give%20You%20Something--Ma0iHFZKv8.mp4,"[612, 134, 1464, 1066]"
24640,give,64,train,25,1,-1,31,signschool,https://signstock.blob.core.windows.net/signschool/videos/db_uploads/SignSchool%20Give-5M1xfBmmXpg.mp4,"[627, 96, 1364, 1080]"
24641,give,64,val,25,1,-1,21,asldeafined,https://media.asldeafined.com/vocabulary/1468549017.6848.mp4,"[79, 8, 572, 480]"
24642,give,64,val,25,1,-1,14,handspeak,https://www.handspeak.com/word/g/give2.mp4,"[61, 18, 244, 240]"
24643,give,64,train,25,1,-1,14,handspeak,https://www.handspeak.com/word/g/give-hir-from-me.mp4,"[15, 27, 275, 240]"
24645,give,64,train,25,1,-1,14,handspeak,https://www.handspeak.com/word/g/give-you.mp4,"[58, 17, 253, 240]"
24636,give,64,test,25,1,-1,35,spreadthesign,https://media.spreadthesign.com/video/mp4/13/51920.mp4,"[31, 0, 272, 240]"
24648,give,64,train,25,1,-1,11,signingsavvy,https://www.signingsavvy.com/signs/mp4/14/14622.mp4,"[49, 8, 245, 192]"
24649,give,64,test,25,1,-1,10,signingsavvy,https://www.signingsavvy.com/signs/mp4/23/23273.mp4,"[89, 19, 219, 192]"
24651,give,64,train,25,1,-1,11,signingsavvy,https://www.signingsavvy.com/signs/mp4/7/7424.mp4,"[74, 16, 221, 192]"
24652,give,64,train,25,1,-1,5,aslu,https://www.youtube.com/watch?v=bjXPOO_DUMw,"[110, 38, 978, 720]"
66010,last,65,train,25,1,-1,90,aslsignbank,https://aslsignbank.haskins.yale.edu/dictionary/protected_media/glossvideo/ASL/LA/LAST-168.mp4,"[194, 13, 502, 370]"
68086,last,65,train,25,1,-1,110,valencia-asl,https://www.youtube.com/watch?v=BsaWM5I_G1o,"[228, 4, 615, 480]"
69068,last,65,train,25,1,52,115,lillybauer,https://www.youtube.com/watch?v=Yp5z7Px_aV8,"[365, 17, 922, 720]"
32263,last,65,val,25,1,-1,12,aslsearch,http://www.aslsearch.com/signs/videos/last.mp4,"[168, 56, 547, 400]"
32248,last,65,train,25,1,-1,4,signschool,https://signstock.blob.core.windows.net/signschool/videos/db_uploads/SignSchool%20Last%2C%20Final-ZrL9QA06fZs.mp4,"[553, 64, 1679, 1080]"
32249,last,65,train,25,1,-1,13,asldeafined,https://media.asldeafined.com/vocabulary/1468671376.351.mp4,"[146, 0, 572, 480]"
32250,last,65,train,25,1,-1,59,asldeafined,https://media.asldeafined.com/vocabulary/1522766909.4561.mp4,"[139, 31, 518, 480]"
32251,last,65,train,25,1,-1,20,handspeak,https://www.handspeak.com/word/l/last-final.mp4,"[104, 0, 535, 480]"
32252,last,65,train,25,1,-1,20,handspeak,https://www.handspeak.com/word/l/last-past.mp4,"[66, 0, 547, 480]"
32253,last,65,test,25,1,-1,11,signingsavvy,https://www.signingsavvy.com/signs/mp4/5/5971.mp4,"[65, 9, 219, 192]"
32254,last,65,train,25,1,-1,11,signingsavvy,https://www.signingsavvy.com/signs/mp4/6/6063.mp4,"[74, 7, 221, 192]"
32255,last,65,val,25,1,-1,11,signingsavvy,https://www.signingsavvy.com/signs/mp4/6/6164.mp4,"[67, 14, 216, 192]"
32246,last,65,test,25,1,-1,2,spreadthesign,https://media.spreadthesign.com/video/mp4/13/91452.mp4,"[36, 33, 247, 240]"
67826,last,65,val,25,1,-1,109,asllex,https://youtu.be/HV_8ELVFXzU,"[104, 11, 389, 360]"
32257,last,65,train,25,1,-1,11,signingsavvy,https://www.signingsavvy.com/signs/mp4/9/9194.mp4,"[43, 3, 212, 192]"
32258,last,65,test,25,1,-1,5,aslu,https://www.youtube.com/watch?v=f8MfjdWKh24,"[298, 23, 924, 720]"
32259,last,65,train,25,1,-1,87,aslpro,http://www.aslpro.com/main/l/last.swf,"[23, 9, 226, 240]"
32260,last,65,train,25,1,-1,12,aslsearch,http://www.aslsearch.com/signs/videos/last2.mp4,"[174, 51, 560, 400]"
32261,last,65,train,25,1,-1,12,aslsearch,http://www.aslsearch.com/signs/videos/last3.mp4,"[155, 61, 542, 400]"
35506,meet,66,test,25,865,894,9,asl5200,https://www.youtube.com/watch?v=IxO7unGawfk,"[0, 0, 360, 240]"
68099,meet,66,val,25,1,-1,111,valencia-asl,https://www.youtube.com/watch?v=pWFDhzkId9o,"[183, 13, 622, 480]"
68974,meet,66,train,25,1,59,115,lillybauer,https://www.youtube.com/watch?v=VSBIqNFEQxI,"[337, 10, 917, 720]"
35511,meet,66,train,25,1,-1,31,signschool,https://signstock.blob.core.windows.net/signschool/videos/db_uploads/SignSchool%20Meet-SHPBneo_ofY.mp4,"[589, 67, 1810, 1080]"
35512,meet,66,train,25,1,-1,3,signschool,https://signstock.blob.core.windows.net/signschool/videos/db_uploads/SignSchool%20Meet-UvaayIDXkuw.mp4,"[744, 20, 1666, 1080]"
35513,meet,66,test,25,1,-1,13,asldeafined,https://media.asldeafined.com/vocabulary/1468714718.3075.mp4,"[150, 0, 551, 480]"
35514,meet,66,train,25,1,-1,20,handspeak,https://www.handspeak.com/word/m/meet-me.mp4,"[73, 11, 258, 240]"
35515,meet,66,train,25,1,-1,14,handspeak,https://www.handspeak.com/word/m/meet.mp4,"[63, 9, 263, 240]"
35516,meet,66,train,25,1,-1,11,signingsavvy,https://www.signingsavvy.com/signs/mp4/0/517.mp4,"[55, 18, 218, 192]"
35517,meet,66,train,25,1,-1,11,signingsavvy,https://www.signingsavvy.com/signs/mp4/5/5837.mp4,"[82, 7, 205, 192]"
35518,meet,66,train,25,1,-1,11,signingsavvy,https://www.signingsavvy.com/signs/mp4/9/9003.mp4,"[52, 12, 222, 192]"
66112,meet,66,val,25,1,-1,97,aslsignbank,https://aslsignbank.haskins.yale.edu/dictionary/protected_media/glossvideo/ASL/ME/MEET-1620.mp4,"[170, 28, 474, 370]"
35509,meet,66,train,25,1,-1,56,spreadthesign,https://media.spreadthesign.com/video/mp4/13/50874.mp4,"[48, 0, 273, 240]"
67886,meet,66,val,25,1,-1,109,asllex,https://youtu.be/W4FXyEWBu4I,"[87, 18, 379, 360]"
35519,meet,66,train,25,1,-1,47,scott,https://www.youtube.com/watch?v=AsdBSknwrjg,"[319, 21, 933, 720]"
35520,meet,66,train,25,1,-1,5,aslu,https://www.youtube.com/watch?v=eP816GBFVeg,"[171, 7, 495, 360]"
35521,meet,66,train,25,1,-1,5,aslu,https://www.youtube.com/watch?v=FC1R9kyegJY,"[345, 28, 937, 720]"
35522,meet,66,train,25,1,-1,87,aslpro,http://www.aslpro.com/main/m/meet.swf,"[0, 7, 228, 240]"
35523,meet,66,train,25,1,-1,12,aslsearch,http://www.aslsearch.com/signs/videos/meet.mp4,"[184, 54, 560, 400]"
42827,pink,67,train,25,2521,2590,9,asl5200,https://www.youtube.com/watch?v=zHd4YEFzpwE,"[0, 0, 360, 240]"
69430,pink,67,train,25,1,-1,118,aslbrick,http://aslbricks.org/New/ASL-Videos/pink.mp4,"[380, 42, 867, 720]"
68132,pink,67,test,25,1,-1,110,valencia-asl,https://www.youtube.com/watch?v=2igUp9Fvq-E,"[255, 0, 648, 480]"
68398,pink,67,val,25,1,61,115,lillybauer,https://www.youtube.com/watch?v=cx14s_gt60I,"[336, 11, 898, 720]"
70246,pink,67,train,25,1429,1537,121,northtexas,https://www.youtube.com/watch?v=WprUBqi3iBc,"[175, 43, 393, 360]"
42831,pink,67,train,25,1,-1,4,signschool,https://signstock.blob.core.windows.net/signschool/videos/SignSchool%20Pink%20var.mp4,"[412, 44, 1087, 720]"
42832,pink,67,train,25,1,-1,4,signschool,https://signstock.blob.core.windows.net/signschool/videos/SignSchool%20Pink.mp4,"[508, 43, 1090, 715]"
42833,pink,67,val,25,1,-1,13,asldeafined,https://media.asldeafined.com/vocabulary/1468726359.6744.mp4,"[159, 0, 516, 480]"
42835,pink,67,train,25,1,-1,14,handspeak,https://www.handspeak.com/word/p/pink.mp4,"[122, 0, 563, 480]"
42836,pink,67,train,25,1,-1,10,signingsavvy,https://www.signingsavvy.com/signs/mp4/22/22812.mp4,"[89, 21, 200, 192]"
42838,pink,67,train,25,1,-1,5,aslu,https://www.youtube.com/watch?v=aNilWTBIl0g,"[355, 39, 924, 720]"
66296,pink,67,train,25,1,-1,101,aslsignbank,https://aslsignbank.haskins.yale.edu/dictionary/protected_media/glossvideo/ASL/PI/PINK-903.mp4,"[211, 6, 485, 370]"
42829,pink,67,train,25,1,-1,56,spreadthesign,https://media.spreadthesign.com/video/mp4/13/49192.mp4,"[61, 0, 261, 240]"
67990,pink,67,train,25,1,-1,109,asllex,https://youtu.be/9bkVAOz1ips,"[119, 16, 358, 360]"
42840,pink,67,test,25,1,-1,47,scott,https://www.youtube.com/watch?v=S8k8gjRdYXw,"[342, 17, 922, 720]"
42841,pink,67,val,25,1,-1,68,nabboud,https://www.youtube.com/watch?v=TLsGey9Cd7A,"[380, 71, 885, 720]"
42842,pink,67,test,25,1,-1,54,aslpro,http://www.aslpro.com/main/p/pink.swf,"[31, 8, 219, 240]"
42843,pink,67,train,25,1,-1,41,aslsearch,http://www.aslsearch.com/signs/videos/pink.mp4,"[241, 36, 497, 400]"
42830,pink,67,train,25,1,-1,38,startasl,https://s3-us-west-1.amazonaws.com/files.startasl.com/asldictionary/pink.mp4,"[477, 66, 851, 720]"
42953,pizza,68,test,25,2674,2723,9,asl5200,https://www.youtube.com/watch?v=zHd4YEFzpwE,"[0, 0, 360, 240]"
69431,pizza,68,test,25,1,-1,117,aslbrick,http://aslbricks.org/New/ASL-Videos/pizza.mp4,"[339, 35, 924, 720]"
42974,pizza,68,train,25,1,-1,5,aslu,https://www.youtube.com/watch?v=XIZ2DrdEU3k,"[321, 28, 922, 720]"
42976,pizza,68,val,25,1,-1,30,aslpro,http://www.aslpro.com/main/p/pizza.swf,"[7, 10, 228, 240]"
42977,pizza,68,val,25,1,-1,41,aslsearch,http://www.aslsearch.com/signs/videos/pizza.mp4,"[226, 34, 486, 400]"
42958,pizza,68,train,25,1,-1,38,startasl,https://s3-us-west-1.amazonaws.com/files.startasl.com/asldictionary/pizza-2.mp4,"[413, 55, 812, 720]"
42959,pizza,68,train,25,1,-1,38,startasl,https://s3-us-west-1.amazonaws.com/files.startasl.com/asldictionary/pizza.mp4,"[351, 59, 819, 720]"
42960,pizza,68,test,25,1,-1,32,signschool,https://signstock.blob.core.windows.net/signschool/videos/db_uploads/SignSchool%20Pizza%202-Gm8PTVKHF1s.mp4,"[799, 68, 1614, 1062]"
42961,pizza,68,train,25,1,-1,32,signschool,https://signstock.blob.core.windows.net/signschool/videos/db_uploads/SignSchool%20Pizza-mJVC9oI13Lo.mp4,"[576, 79, 1648, 1077]"
66297,pizza,68,train,25,1,-1,101,aslsignbank,https://aslsignbank.haskins.yale.edu/dictionary/protected_media/glossvideo/ASL/PI/PIZZA-904.mp4,"[210, 7, 477, 370]"
42962,pizza,68,val,25,1,-1,13,asldeafined,https://media.asldeafined.com/vocabulary/1468726411.9058.mp4,"[113, 0, 522, 480]"
42963,pizza,68,train,25,1,-1,14,handspeak,https://www.handspeak.com/word/p/pizza-eat.mp4,"[68, 18, 513, 473]"
42964,pizza,68,train,25,1,-1,14,handspeak,https://www.handspeak.com/word/p/pizza-fs.mp4,"[82, 0, 487, 360]"
42956,pizza,68,train,25,1,-1,37,spreadthesign,https://media.spreadthesign.com/video/mp4/13/457790.mp4,"[46, 0, 234, 240]"
42966,pizza,68,train,25,1,-1,11,signingsavvy,https://www.signingsavvy.com/signs/mp4/14/14610.mp4,"[63, 8, 219, 192]"
42967,pizza,68,train,25,1,-1,11,signingsavvy,https://www.signingsavvy.com/signs/mp4/6/6671.mp4,"[70, 14, 224, 192]"
42969,pizza,68,train,25,1,-1,11,signingsavvy,https://www.signingsavvy.com/signs/mp4/6/6673.mp4,"[54, 15, 219, 192]"
42971,pizza,68,train,25,1,-1,5,aslu,https://www.youtube.com/watch?v=JZeO2EXjxOE,"[299, 28, 928, 720]"
42972,pizza,68,train,25,1,-1,5,aslu,https://www.youtube.com/watch?v=nrXA-R3VgJ8,"[331, 39, 940, 716]"
69433,play,69,test,25,1,-1,118,aslbrick,http://aslbricks.org/New/ASL-Videos/play.mp4,"[295, 40, 962, 720]"
43166,play,69,val,25,1,-1,2,spreadthesign,https://media.spreadthesign.com/video/mp4/13/116328.mp4,"[49, 12, 273, 240]"
68288,play,69,train,25,1,88,113,lillybauer,https://www.youtube.com/watch?v=75FwzqQqyM0,"[103, 9, 584, 360]"
68133,play,69,train,25,1,-1,110,valencia-asl,https://www.youtube.com/watch?v=M80w0mda7zM,"[87, 0, 1202, 720]"
43170,play,69,train,25,1,-1,13,asldeafined,https://media.asldeafined.com/vocabulary/1468726646.6390.mp4,"[175, 0, 571, 480]"
43171,play,69,test,25,1,-1,13,asldeafined,https://media.asldeafined.com/vocabulary/1468726677.3753.mp4,"[147, 0, 593, 480]"
43172,play,69,train,25,1,-1,14,handspeak,https://www.handspeak.com/word/p/play.mp4,"[60, 0, 577, 480]"
43173,play,69,train,25,1,-1,11,signingsavvy,https://www.signingsavvy.com/signs/mp4/14/14657.mp4,"[74, 7, 226, 192]"
43174,play,69,train,25,1,-1,11,signingsavvy,https://www.signingsavvy.com/signs/mp4/6/6372.mp4,"[64, 11, 231, 192]"
43175,play,69,train,25,1,-1,5,aslu,https://www.youtube.com/watch?v=ODByBNyosxc,"[201, 23, 1011, 720]"
67081,play,69,train,25,1,-1,109,asllex,https://youtu.be/vz9KBYTBL4o,"[101, 26, 392, 360]"
43176,play,69,val,25,1,-1,80,nabboud,https://www.youtube.com/watch?v=Ui8rn2gM1ZE,"[265, 124, 913, 720]"
43177,play,69,train,25,1,-1,25,aslpro,http://www.aslpro.com/main/p/play_fun.swf,"[0, 0, 255, 240]"
43178,play,69,val,25,1,-1,87,aslpro,http://www.aslpro.com/main/p/play_theater.swf,"[9, 17, 231, 240]"
43179,play,69,train,25,1,-1,12,aslsearch,http://www.aslsearch.com/signs/videos/act.mp4,"[190, 47, 561, 400]"
43180,play,69,train,25,1,-1,41,aslsearch,http://www.aslsearch.com/signs/videos/play.mp4,"[182, 37, 559, 400]"
43167,play,69,train,25,1,-1,36,startasl,https://s3-us-west-1.amazonaws.com/files.startasl.com/asldictionary/play.mp4,"[222, 17, 521, 414]"
43168,play,69,train,25,1,-1,45,signschool,https://signstock.blob.core.windows.net/signschool/videos/db_uploads/SignSchool%20Play%2C%20Algeria-31fxkHUhB_k.mp4,"[489, 129, 1615, 1065]"
43169,play,69,train,25,1,-1,52,signschool,https://signstock.blob.core.windows.net/signschool/videos/db_uploads/SignSchool%20Play-TvZ8pfNOX2U.mp4,"[240, 10, 626, 360]"
49577,school,70,test,25,901,953,9,asl5200,https://www.youtube.com/watch?v=XB3Q6IX6CBo,"[0, 0, 360, 240]"
69455,school,70,val,25,1,-1,118,aslbrick,http://aslbricks.org/New/ASL-Videos/school.mp4,"[378, 37, 893, 720]"
68218,school,70,train,25,1,54,111,lillybauer,https://www.youtube.com/watch?v=2EAilZspev4,"[312, 2, 897, 720]"
68510,school,70,train,25,1,64,113,lillybauer,https://www.youtube.com/watch?v=g-w38Q0QrWE,"[109, 11, 541, 360]"
70207,school,70,train,25,1068,1179,121,northtexas,https://www.youtube.com/watch?v=hjS0dQDgbjo,"[102, 24, 276, 240]"
68145,school,70,test,25,1,-1,109,valencia-asl,https://www.youtube.com/watch?v=ig7SKr3tvWc,"[265, 0, 1052, 720]"
49601,school,70,train,25,1,-1,14,handspeak,https://www.handspeak.com/word/s/school.mp4,"[126, 0, 522, 480]"
49602,school,70,train,25,1,-1,11,signingsavvy,https://www.signingsavvy.com/signs/mp4/6/6564.mp4,"[77, 12, 221, 192]"
49603,school,70,train,25,1,-1,5,aslu,https://www.youtube.com/watch?v=vuE3RN10AGA,"[316, 38, 950, 720]"
49604,school,70,train,25,1,-1,87,aslpro,http://www.aslpro.com/main/s/school.swf,"[25, 6, 223, 240]"
49595,school,70,train,25,1,-1,63,spreadthesign,https://media.spreadthesign.com/video/mp4/13/50778.mp4,"[52, 0, 262, 240]"
67170,school,70,val,25,1,-1,109,asllex,https://youtu.be/A_rNr7i1uAs,"[101, 13, 383, 360]"
49605,school,70,train,25,1,-1,72,aslpro,http://www.aslpro.com/main/s/school_walking_to.swf,"[3, 6, 223, 240]"
49606,school,70,val,25,1,-1,41,aslsearch,http://www.aslsearch.com/signs/videos/school.mp4,"[232, 33, 483, 400]"
49596,school,70,train,25,1,-1,36,startasl,https://s3-us-west-1.amazonaws.com/files.startasl.com/asldictionary/school.mp4,"[216, 17, 526, 414]"
49597,school,70,train,25,1,-1,32,signschool,https://signstock.blob.core.windows.net/signschool/videos/db_uploads/SignSchool%20Academic%2C%20School-ZsoedvSYMpA.mp4,"[663, 66, 1647, 1080]"
49598,school,70,train,25,1,-1,46,signschool,https://signstock.blob.core.windows.net/signschool/videos/SignSchool%20School.mp4,"[221, 9, 785, 720]"
49599,school,70,train,25,1,-1,13,asldeafined,https://media.asldeafined.com/vocabulary/1468763371.5844.mp4,"[114, 0, 526, 480]"
49600,school,70,train,25,1,-1,15,asldeafined,https://media.asldeafined.com/vocabulary/1522768179.9250.mp4,"[125, 30, 517, 480]"
50036,secretary,71,val,25,1618,1677,9,asl5200,https://www.youtube.com/watch?v=XB3Q6IX6CBo,"[0, 0, 360, 240]"
50037,secretary,71,train,25,1,-1,50,spreadthesign,https://media.spreadthesign.com/video/mp4/13/51753.mp4,"[25, 0, 290, 240]"
50038,secretary,71,train,25,1,-1,36,startasl,https://s3-us-west-1.amazonaws.com/files.startasl.com/asldictionary/secretary.mp4,"[218, 15, 549, 414]"
50039,secretary,71,train,25,1,-1,31,signschool,https://signstock.blob.core.windows.net/signschool/videos/db_uploads/SignSchool%20Secetary%202-GLOdTEXLaEQ.mp4,"[549, 81, 1415, 1080]"
50040,secretary,71,train,25,1,-1,31,signschool,https://signstock.blob.core.windows.net/signschool/videos/db_uploads/SignSchool%20Secetary-crVLvTbmEGo.mp4,"[609, 66, 1407, 1080]"
50041,secretary,71,test,25,1,-1,13,asldeafined,https://media.asldeafined.com/vocabulary/1468764756.5155.mp4,"[103, 0, 582, 480]"
50042,secretary,71,train,25,1,-1,14,handspeak,https://www.handspeak.com/word/s/secretary2.mp4,"[97, 0, 571, 480]"
50043,secretary,71,train,25,1,-1,14,handspeak,https://www.handspeak.com/word/s/secretary.mp4,"[116, 0, 567, 480]"
50044,secretary,71,train,25,1,-1,11,signingsavvy,https://www.signingsavvy.com/signs/mp4/6/6921.mp4,"[74, 14, 239, 192]"
50045,secretary,71,train,25,1,-1,11,signingsavvy,https://www.signingsavvy.com/signs/mp4/8/8440.mp4,"[58, 16, 228, 192]"
66441,secretary,71,train,25,1,-1,103,aslsignbank,https://aslsignbank.haskins.yale.edu/dictionary/protected_media/glossvideo/ASL/SE/SECRETARY-1010.mp4,"[141, 32, 494, 370]"
67177,secretary,71,test,25,1,-1,109,asllex,https://youtu.be/rhpYRl3kHQU,"[98, 14, 397, 360]"
50046,secretary,71,train,25,1,-1,11,signingsavvy,https://www.signingsavvy.com/signs/mp4/8/8857.mp4,"[49, 7, 216, 192]"
50047,secretary,71,train,25,1,-1,5,aslu,https://www.youtube.com/watch?v=7FvR0sUKA84,"[358, 27, 927, 720]"
50048,secretary,71,train,25,1,-1,5,aslu,https://www.youtube.com/watch?v=ASCPx0sjuwM,"[337, 24, 941, 720]"
50049,secretary,71,train,25,1,-1,5,aslu,https://www.youtube.com/watch?v=D1Zl-7gp0Zs,"[356, 20, 931, 720]"
50050,secretary,71,test,25,1,-1,5,aslu,https://www.youtube.com/watch?v=U3lM2jSLNno,"[355, 23, 943, 720]"
50051,secretary,71,val,25,1,-1,72,aslpro,http://www.aslpro.com/main/s/secretary.swf,"[24, 7, 219, 240]"
50052,secretary,71,val,25,1,-1,12,aslsearch,http://www.aslsearch.com/signs/videos/secretary.mp4,"[194, 49, 571, 400]"
51206,short,72,train,25,3538,3580,9,asl5200,https://www.youtube.com/watch?v=XB3Q6IX6CBo,"[0, 0, 360, 240]"
70355,short,72,train,25,6591,6697,121,northtexas,https://www.youtube.com/watch?v=bq-HmgjGzmw,"[198, 51, 421, 360]"
51221,short,72,train,25,1,-1,36,startasl,https://s3-us-west-1.amazonaws.com/files.startasl.com/asldictionary/short.mp4,"[171, 14, 525, 414]"
51223,short,72,train,25,1,-1,32,signschool,https://signstock.blob.core.windows.net/signschool/videos/db_uploads/SignSchool%20Child-D-7K4sSsMWw.mp4,"[700, 66, 1636, 1073]"
51224,short,72,val,25,1,-1,32,signschool,https://signstock.blob.core.windows.net/signschool/videos/db_uploads/SignSchool%20Short-bjSx00_gSOs.mp4,"[693, 70, 1631, 1073]"
51225,short,72,train,25,1,-1,59,asldeafined,https://media.asldeafined.com/vocabulary/1466724014.5239.mp4,"[85, 20, 562, 480]"
51226,short,72,train,25,1,-1,13,asldeafined,https://media.asldeafined.com/vocabulary/1468766397.2205.mp4,"[31, 0, 527, 480]"
51227,short,72,val,25,1,-1,34,asldeafined,https://media.asldeafined.com/vocabulary/1546575090.7731.mp4,"[55, 19, 563, 480]"
51228,short,72,train,25,1,-1,14,handspeak,https://www.handspeak.com/word/s/short-duration.mp4,"[64, 14, 263, 240]"
51229,short,72,train,25,1,-1,14,handspeak,https://www.handspeak.com/word/s/short-height.mp4,"[45, 12, 273, 240]"
66469,short,72,train,25,1,-1,103,aslsignbank,https://aslsignbank.haskins.yale.edu/dictionary/protected_media/glossvideo/ASL/SH/SHORT-252.mp4,"[137, 31, 512, 370]"
51220,short,72,val,25,1,-1,0,spreadthesign,https://media.spreadthesign.com/video/mp4/13/65914.mp4,"[56, 12, 265, 240]"
51230,short,72,val,25,1,-1,14,handspeak,https://www.handspeak.com/word/s/short-soon.mp4,"[68, 16, 262, 240]"
51231,short,72,train,25,1,-1,10,signingsavvy,https://www.signingsavvy.com/signs/mp4/23/23534.mp4,"[83, 23, 214, 192]"
51232,short,72,train,25,1,-1,11,signingsavvy,https://www.signingsavvy.com/signs/mp4/9/9191.mp4,"[69, 17, 215, 192]"
51233,short,72,test,25,1,-1,11,signingsavvy,https://www.signingsavvy.com/signs/mp4/9/9192.mp4,"[47, 13, 217, 192]"
51234,short,72,test,25,1,-1,83,aslpro,http://www.aslpro.com/main/s/short.swf,"[2, 16, 235, 240]"
51235,short,72,train,25,1,-1,12,aslsearch,http://www.aslsearch.com/signs/videos/short2.mp4,"[208, 61, 565, 400]"
51236,short,72,train,25,1,-1,12,aslsearch,http://www.aslsearch.com/signs/videos/short.mp4,"[176, 54, 564, 400]"
58488,time,73,test,25,2828,2890,9,asl5200,https://www.youtube.com/watch?v=x6CehcknaH8,"[0, 0, 360, 240]"
69511,time,73,val,25,1,-1,118,aslbrick,http://aslbricks.org/New/ASL-Videos/time.mp4,"[314, 34, 938, 720]"
68294,time,73,train,25,1,80,113,lillybauer,https://www.youtube.com/watch?v=7Mhil9I1Ocs,"[123, 11, 574, 360]"
70356,time,73,train,25,6741,6836,121,northtexas,https://www.youtube.com/watch?v=bq-HmgjGzmw,"[154, 51, 436, 360]"
68171,time,73,train,25,1,-1,109,valencia-asl,https://www.youtube.com/watch?v=m_nEgm4uX6U,"[96, 0, 1244, 720]"
58502,time,73,test,25,1,-1,10,signingsavvy,https://www.signingsavvy.com/signs/mp4/23/23948.mp4,"[77, 13, 230, 192]"
58503,time,73,train,25,1,-1,11,signingsavvy,https://www.signingsavvy.com/signs/mp4/7/7100.mp4,"[82, 14, 223, 192]"
58504,time,73,train,25,1,-1,5,aslu,https://www.youtube.com/watch?v=s-y1OtBgHkU,"[316, 46, 970, 720]"
58505,time,73,train,25,1,-1,72,aslpro,http://www.aslpro.com/main/t/time_fall_back.swf,"[22, 3, 241, 240]"
58506,time,73,train,25,1,-1,72,aslpro,http://www.aslpro.com/main/t/time_spring_forward.swf,"[18, 4, 241, 240]"
66644,time,73,train,25,1,-1,98,aslsignbank,https://aslsignbank.haskins.yale.edu/dictionary/protected_media/glossvideo/ASL/TI/TIME-1233.mp4,"[153, 32, 483, 370]"
58497,time,73,val,25,1,-1,36,startasl,https://s3-us-west-1.amazonaws.com/files.startasl.com/asldictionary/time.mp4,"[222, 13, 541, 414]"
67309,time,73,train,25,1,-1,109,asllex,https://youtu.be/tXhJplJXFmo,"[99, 12, 391, 360]"
58507,time,73,val,25,1,-1,87,aslpro,http://www.aslpro.com/main/t/time.swf,"[6, 8, 231, 240]"
58508,time,73,train,25,1,-1,12,aslsearch,http://www.aslsearch.com/signs/videos/time.mp4,"[182, 52, 551, 400]"
58498,time,73,train,25,1,-1,52,signschool,https://signstock.blob.core.windows.net/signschool/videos/db_uploads/SignSchool%20time-qx01CJ9Rpqw.mp4,"[345, 8, 843, 480]"
58499,time,73,train,25,1,-1,13,asldeafined,https://media.asldeafined.com/vocabulary/1468945476.6416.mp4,"[137, 0, 593, 480]"
58500,time,73,train,25,1,-1,14,handspeak,https://www.handspeak.com/word/t/time2.mp4,"[105, 0, 582, 480]"
58501,time,73,train,25,1,-1,20,handspeak,https://www.handspeak.com/word/t/time-q.mp4,"[127, 2, 440, 360]"
62241,want,74,test,25,297,346,9,asl5200,https://www.youtube.com/watch?v=A5dihMAjeTE,"[0, 0, 360, 240]"
69524,want,74,val,25,1,-1,118,aslbrick,http://aslbricks.org/New/ASL-Videos/want.mp4,"[341, 40, 911, 720]"
68178,want,74,train,25,1,-1,109,valencia-asl,https://www.youtube.com/watch?v=co7zdtkJW1E,"[279, 17, 1047, 720]"
68540,want,74,train,25,1,38,112,lillybauer,https://www.youtube.com/watch?v=I0v6P6HEGCA,"[348, 22, 924, 720]"
62246,want,74,train,25,1,-1,36,startasl,https://s3-us-west-1.amazonaws.com/files.startasl.com/asldictionary/want.mp4,"[239, 13, 528, 414]"
62247,want,74,test,25,1,-1,4,signschool,https://signstock.blob.core.windows.net/signschool/videos/SignSchool%20Want%20copy.mp4,"[387, 30, 1043, 720]"
62248,want,74,train,25,1,-1,13,asldeafined,https://media.asldeafined.com/vocabulary/1468926945.7263.mp4,"[141, 0, 562, 480]"
62249,want,74,train,25,1,-1,14,handspeak,https://www.handspeak.com/word/w/want.mp4,"[39, 0, 254, 240]"
62250,want,74,train,25,1,-1,11,signingsavvy,https://www.signingsavvy.com/signs/mp4/6/6971.mp4,"[77, 15, 234, 192]"
62251,want,74,train,25,1,-1,11,signingsavvy,https://www.signingsavvy.com/signs/mp4/6/6972.mp4,"[83, 15, 225, 192]"
62253,want,74,train,25,1,-1,5,aslu,https://www.youtube.com/watch?v=aGzNpjV6-0I,"[93, 19, 424, 360]"
62244,want,74,val,25,1,-1,56,spreadthesign,https://media.spreadthesign.com/video/mp4/13/50936.mp4,"[51, 0, 272, 240]"
67038,want,74,train,25,1,-1,109,asllex,https://youtu.be/Xl2VNuFGexI,"[112, 20, 342, 360]"
62254,want,74,val,25,1,-1,5,aslu,https://www.youtube.com/watch?v=aGzNpjV6-0I,"[295, 44, 995, 720]"
62256,want,74,train,25,1,-1,69,nabboud,https://www.youtube.com/watch?v=fBVbr5ci0EQ,"[326, 58, 891, 720]"
62257,want,74,train,25,1,-1,7,nabboud,https://www.youtube.com/watch?v=nI-XX3BtUlQ,"[369, 90, 886, 720]"
62258,want,74,train,25,1,-1,87,aslpro,http://www.aslpro.com/main/w/want.swf,"[19, 5, 230, 240]"
62259,want,74,train,25,1,-1,41,aslsearch,http://www.aslsearch.com/signs/videos/want.mp4,"[232, 39, 498, 400]"
62245,want,74,train,25,1,-1,38,startasl,https://s3-us-west-1.amazonaws.com/files.startasl.com/asldictionary/want-2.mp4,"[416, 57, 807, 720]"
63769,work,75,test,25,3525,3574,9,asl5200,https://www.youtube.com/watch?v=A5dihMAjeTE,"[0, 0, 360, 240]"
68924,work,75,val,25,1,62,115,lillybauer,https://www.youtube.com/watch?v=TZ65f_6GglU,"[323, 9, 919, 720]"
63804,work,75,train,25,1,-1,80,nabboud,https://www.youtube.com/watch?v=pDRfD3bNsEo,"[391, 57, 828, 720]"
63805,work,75,train,25,1,-1,25,aslpro,http://www.aslpro.com/main/w/work.swf,"[0, 5, 234, 240]"
63806,work,75,train,25,1,-1,41,aslsearch,http://www.aslsearch.com/signs/videos/work.mp4,"[234, 38, 498, 400]"
63789,work,75,test,25,1,-1,2,spreadthesign,https://media.spreadthesign.com/video/mp4/13/244773.mp4,"[57, 6, 262, 240]"
63790,work,75,train,25,1,-1,36,startasl,https://s3-us-west-1.amazonaws.com/files.startasl.com/asldictionary/work.mp4,"[217, 13, 531, 414]"
63791,work,75,train,25,1,-1,4,signschool,https://signstock.blob.core.windows.net/signschool/videos/db_uploads/SignSchool%20Synagogue%2C%20Work-T8QJNv7wRCs.mp4,"[534, 52, 1589, 1080]"
63792,work,75,train,25,1,-1,3,signschool,https://signstock.blob.core.windows.net/signschool/videos/db_uploads/SignSchool%20Work-hQKYeuN5tMI.mp4,"[501, 0, 1402, 1080]"
63793,work,75,train,25,1,-1,13,asldeafined,https://media.asldeafined.com/vocabulary/1468929052.2546.mp4,"[125, 8, 554, 480]"
63794,work,75,train,25,1,-1,20,handspeak,https://www.handspeak.com/word/w/work.mp4,"[102, 0, 506, 480]"
63795,work,75,val,25,1,-1,11,signingsavvy,https://www.signingsavvy.com/signs/mp4/14/14523.mp4,"[75, 14, 206, 192]"
66804,work,75,train,25,1,-1,88,aslsignbank,https://aslsignbank.haskins.yale.edu/dictionary/protected_media/glossvideo/ASL/WO/WORK-1450.mp4,"[157, 4, 463, 370]"
63788,work,75,val,25,1,-1,19,elementalasl,https://elementalaslconcepts.weebly.com/uploads/2/4/4/5/24454483/work.mov,"[94, 4, 250, 180]"
67003,work,75,train,25,1,-1,109,asllex,https://youtu.be/FwfWrRxzSxw,"[101, 13, 378, 360]"
63799,work,75,train,25,1,-1,11,signingsavvy,https://www.signingsavvy.com/signs/mp4/8/8599.mp4,"[50, 17, 211, 192]"
63801,work,75,train,25,1,-1,5,aslu,https://www.youtube.com/watch?v=1nt04tWWp5s,"[371, 43, 963, 720]"
63802,work,75,train,25,1,-1,69,nabboud,https://www.youtube.com/watch?v=dsZQRTrQjiE,"[399, 57, 836, 720]"
63803,work,75,train,25,1,-1,5,aslu,https://www.youtube.com/watch?v=mJrUYRjvrew,"[357, 44, 953, 720]"
01382,africa,76,val,25,1008,1051,9,asl5200,https://www.youtube.com/watch?v=jPn0FQxkdBc,"[0, 0, 360, 240]"
01383,africa,76,train,25,1,-1,35,spreadthesign,https://media.spreadthesign.com/video/mp4/13/50049.mp4,"[55, 0, 259, 240]"
01384,africa,76,train,25,1,-1,38,startasl,https://s3-us-west-1.amazonaws.com/files.startasl.com/asldictionary/africa.mp4,"[409, 56, 822, 720]"
01385,africa,76,train,25,1,-1,6,signschool,https://signstock.blob.core.windows.net/signschool/videos/db_uploads/SignSchool%20Africa%202-TrChLRg2itY.mp4,"[670, 44, 1529, 1078]"
01386,africa,76,test,25,1,-1,6,signschool,https://signstock.blob.core.windows.net/signschool/videos/db_uploads/SignSchool%20Africa%203-Jn6HQbdJE48.mp4,"[717, 44, 1540, 1080]"
01387,africa,76,train,25,1,-1,6,signschool,https://signstock.blob.core.windows.net/signschool/videos/db_uploads/SignSchool%20Africa-il-R1NptEEw.mp4,"[525, 51, 1520, 1080]"
01388,africa,76,train,25,1,-1,13,asldeafined,https://media.asldeafined.com/vocabulary/1466171159.7047.mp4,"[137, 16, 531, 480]"
01390,africa,76,train,25,1,-1,20,handspeak,https://www.handspeak.com/word/a/africa.mp4,"[72, 24, 574, 480]"
01391,africa,76,val,25,1,-1,11,signingsavvy,https://www.signingsavvy.com/signs/mp4/14/14836.mp4,"[80, 10, 222, 192]"
65029,africa,76,train,25,1,-1,90,aslsignbank,https://aslsignbank.haskins.yale.edu/dictionary/protected_media/glossvideo/ASL/AF/AFRICA-846.mp4,"[129, 22, 473, 370]"
67350,africa,76,train,25,1,-1,109,asllex,https://youtu.be/niBJ6C9Rs_8,"[106, 0, 396, 360]"
01392,africa,76,train,25,1,-1,5,aslu,https://www.youtube.com/watch?v=qtVdE7tBGsU,"[316, 17, 939, 720]"
01393,africa,76,train,25,1,-1,5,aslu,https://www.youtube.com/watch?v=S__GZ7Vki30,"[358, 39, 957, 720]"
01394,africa,76,test,25,1,-1,5,aslu,https://www.youtube.com/watch?v=YnK5IFMrc6Q,"[351, 45, 945, 720]"
01395,africa,76,train,25,1,-1,5,aslu,https://www.youtube.com/watch?v=ZyH7kuEa18Q,"[347, 43, 943, 720]"
01396,africa,76,train,25,1,-1,16,aslpro,http://www.aslpro.com/main/a/africa_1.swf,"[16, 17, 200, 240]"
01397,africa,76,test,25,1,-1,16,aslpro,http://www.aslpro.com/main/a/africa_2.swf,"[8, 19, 201, 240]"
01398,africa,76,val,25,1,-1,41,aslsearch,http://www.aslsearch.com/signs/videos/africa.mp4,"[236, 33, 493, 400]"
05227,basketball,77,test,25,1032,1084,9,asl5200,https://www.youtube.com/watch?v=pDqITge_TGs,"[0, 0, 360, 240]"
69225,basketball,77,test,25,1,-1,120,aslbrick,http://aslbricks.org/New/ASL-Videos/basketball.mp4,"[478, 33, 1478, 1080]"
68612,basketball,77,train,25,1,74,113,lillybauer,https://www.youtube.com/watch?v=JxtYMfvnp58,"[229, 23, 1025, 720]"
05230,basketball,77,train,25,1,-1,36,startasl,https://s3-us-west-1.amazonaws.com/files.startasl.com/asldictionary/basketball.mp4,"[172, 1, 601, 414]"
05231,basketball,77,train,25,1,-1,31,signschool,https://signstock.blob.core.windows.net/signschool/videos/db_uploads/SignSchool%20Basketball%202-F0BtTtlPR7c.mp4,"[678, 144, 1591, 1078]"
05232,basketball,77,val,25,1,-1,31,signschool,https://signstock.blob.core.windows.net/signschool/videos/db_uploads/SignSchool%20Basketball-oRhzgMwL96w.mp4,"[589, 135, 1479, 1069]"
05233,basketball,77,train,25,1,-1,60,signschool,https://signstock.blob.core.windows.net/signschool/videos/SignSchool%20basketball.mp4,"[248, 9, 595, 360]"
05234,basketball,77,train,25,1,-1,13,asldeafined,https://media.asldeafined.com/vocabulary/1466649529.6905.mp4,"[43, 22, 593, 480]"
05236,basketball,77,val,25,1,-1,14,handspeak,https://www.handspeak.com/word/b/basketball-hs5.mp4,"[207, 57, 1074, 720]"
05237,basketball,77,train,25,1,-1,20,handspeak,https://www.handspeak.com/word/b/basketball.mp4,"[45, 10, 612, 480]"
05238,basketball,77,train,25,1,-1,10,signingsavvy,https://www.signingsavvy.com/signs/mp4/23/23590.mp4,"[76, 19, 215, 192]"
65144,basketball,77,train,25,1,-1,91,aslsignbank,https://aslsignbank.haskins.yale.edu/dictionary/protected_media/glossvideo/ASL/BA/BASKETBALL-1973.mp4,"[198, 31, 518, 370]"
65145,basketball,77,train,25,1,-1,89,aslsignbank,https://aslsignbank.haskins.yale.edu/dictionary/protected_media/glossvideo/ASL/BA/BASKETBALL-2093.mp4,"[195, 38, 492, 370]"
05229,basketball,77,train,25,1,-1,8,spreadthesign,https://media.spreadthesign.com/video/mp4/13/455487.mp4,"[52, 0, 246, 240]"
67392,basketball,77,train,25,1,-1,109,asllex,https://youtu.be/CsqxlMUHwyg,"[72, 0, 442, 360]"
05239,basketball,77,val,25,1,-1,11,signingsavvy,https://www.signingsavvy.com/signs/mp4/6/6341.mp4,"[71, 15, 221, 192]"
05241,basketball,77,train,25,1,-1,5,aslu,https://www.youtube.com/watch?v=hMTxTnXCzOo,"[358, 60, 939, 720]"
05243,basketball,77,train,25,1,-1,12,aslsearch,http://www.aslsearch.com/signs/videos/basketball.mp4,"[160, 42, 557, 400]"
06355,birthday,78,val,25,2962,3008,9,asl5200,https://www.youtube.com/watch?v=pDqITge_TGs,"[0, 0, 360, 240]"
65192,birthday,78,train,25,1,-1,90,aslsignbank,https://aslsignbank.haskins.yale.edu/dictionary/protected_media/glossvideo/ASL/BI/BIRTHDAY-412.mp4,"[185, 22, 481, 370]"
68338,birthday,78,train,25,1,47,115,lillybauer,https://www.youtube.com/watch?v=aSvUHxoby4U,"[366, 29, 917, 720]"
70357,birthday,78,train,25,6881,7016,121,northtexas,https://www.youtube.com/watch?v=bq-HmgjGzmw,"[134, 51, 445, 360]"
70359,birthday,78,train,25,7225,7324,121,northtexas,https://www.youtube.com/watch?v=bq-HmgjGzmw,"[202, 51, 425, 360]"
06365,birthday,78,train,25,1,-1,11,signingsavvy,https://www.signingsavvy.com/signs/mp4/8/8986.mp4,"[67, 16, 212, 192]"
06366,birthday,78,test,25,1,-1,5,aslu,https://www.youtube.com/watch?v=1n3eN9v8VV0,"[273, 49, 936, 720]"
06367,birthday,78,train,25,1,-1,5,aslu,https://www.youtube.com/watch?v=eB0lhZn8N9A,"[340, 32, 957, 720]"
06368,birthday,78,train,25,1,-1,64,aslu,https://www.youtube.com/watch?v=m4YhzJV_wzQ,"[139, 33, 414, 341]"
06359,birthday,78,train,25,1,-1,38,startasl,https://s3-us-west-1.amazonaws.com/files.startasl.com/asldictionary/birthday.mp4,"[423, 60, 815, 720]"
67413,birthday,78,train,25,1,-1,109,asllex,https://youtu.be/Kn_IKf8zC1w,"[97, 19, 367, 360]"
06369,birthday,78,val,25,1,-1,5,aslu,https://www.youtube.com/watch?v=NuNbd8a665I,"[264, 37, 1026, 720]"
06370,birthday,78,test,25,1,-1,54,aslpro,http://www.aslpro.com/main/b/birthday.swf,"[25, 5, 241, 240]"
06371,birthday,78,train,25,1,-1,12,aslsearch,http://www.aslsearch.com/signs/videos/birthday.mp4,"[162, 51, 527, 398]"
06360,birthday,78,test,25,1,-1,59,asldeafined,https://media.asldeafined.com/vocabulary/1466682386.9294.mp4,"[75, 24, 510, 480]"
06361,birthday,78,train,25,1,-1,20,handspeak,https://www.handspeak.com/word/b/birthday2.mp4,"[43, 0, 547, 480]"
06362,birthday,78,val,25,1,-1,20,handspeak,https://www.handspeak.com/word/b/birthday.mp4,"[67, 7, 482, 480]"
06363,birthday,78,train,25,1,-1,11,signingsavvy,https://www.signingsavvy.com/signs/mp4/7/7007.mp4,"[61, 11, 231, 192]"
07957,brown,79,test,25,4926,4972,9,asl5200,https://www.youtube.com/watch?v=pDqITge_TGs,"[0, 0, 360, 240]"
69252,brown,79,test,25,1,-1,118,aslbrick,http://aslbricks.org/New/ASL-Videos/brown.mp4,"[335, 37, 874, 720]"
70242,brown,79,train,25,869,964,121,northtexas,https://www.youtube.com/watch?v=WprUBqi3iBc,"[149, 43, 394, 360]"
69028,brown,79,train,25,1,51,115,lillybauer,https://www.youtube.com/watch?v=--Xi-n0DgBU,"[316, 0, 898, 720]"
07963,brown,79,train,25,1,-1,59,asldeafined,https://media.asldeafined.com/vocabulary/1466724587.930.mp4,"[102, 30, 523, 480]"
07964,brown,79,val,25,1,-1,20,handspeak,https://www.handspeak.com/word/b/brown.mp4,"[47, 17, 533, 480]"
07966,brown,79,train,25,1,-1,11,signingsavvy,https://www.signingsavvy.com/signs/mp4/6/6209.mp4,"[62, 15, 217, 192]"
07967,brown,79,train,25,1,-1,47,scott,https://www.youtube.com/watch?v=_7B0lz1PMoc,"[277, 10, 931, 720]"
07968,brown,79,val,25,1,-1,5,aslu,https://www.youtube.com/watch?v=HGBcts4shKw,"[332, 42, 948, 720]"
07969,brown,79,train,25,1,-1,68,nabboud,https://www.youtube.com/watch?v=kpngPVmD_6Q,"[313, 70, 903, 720]"
65263,brown,79,train,25,1,-1,90,aslsignbank,https://aslsignbank.haskins.yale.edu/dictionary/protected_media/glossvideo/ASL/BR/BROWN-53.mp4,"[158, 12, 462, 370]"
07960,brown,79,train,25,1,-1,2,spreadthesign,https://media.spreadthesign.com/video/mp4/13/125573.mp4,"[37, 6, 250, 240]"
67446,brown,79,train,25,1,-1,109,asllex,https://youtu.be/v0PgAPiUeHk,"[94, 20, 370, 360]"
07971,brown,79,train,25,1,-1,5,aslu,https://www.youtube.com/watch?v=PrniQgULERg,"[353, 42, 937, 718]"
07972,brown,79,train,25,1,-1,16,aslpro,http://www.aslpro.com/main/b/brown.swf,"[17, 19, 203, 240]"
07973,brown,79,val,25,1,-1,12,aslsearch,http://www.aslsearch.com/signs/videos/brown.mp4,"[182, 52, 542, 400]"
07961,brown,79,train,25,1,-1,36,startasl,https://s3-us-west-1.amazonaws.com/files.startasl.com/asldictionary/brown.mp4,"[213, 11, 525, 414]"
07962,brown,79,train,25,1,-1,4,signschool,https://signstock.blob.core.windows.net/signschool/videos/SignSchool%20Brown.mp4,"[381, 38, 1076, 720]"
08421,but,80,val,25,5213,5252,9,asl5200,https://www.youtube.com/watch?v=pDqITge_TGs,"[0, 0, 360, 240]"
68368,but,80,train,25,1,39,115,lillybauer,https://www.youtube.com/watch?v=c17A0edBIaA,"[365, 18, 925, 720]"
68016,but,80,train,25,1,-1,110,valencia-asl,https://www.youtube.com/watch?v=cFlUlLhRbTE,"[236, 0, 625, 480]"
08427,but,80,train,25,1,-1,20,handspeak,https://www.handspeak.com/word/b/but-fs.mp4,"[127, 16, 452, 360]"
08428,but,80,train,25,1,-1,20,handspeak,https://www.handspeak.com/word/b/but.mp4,"[59, 0, 553, 480]"
08429,but,80,test,25,1,-1,10,signingsavvy,https://www.signingsavvy.com/signs/mp4/23/23503.mp4,"[82, 25, 220, 192]"
08431,but,80,train,25,1,-1,11,signingsavvy,https://www.signingsavvy.com/signs/mp4/6/6551.mp4,"[81, 13, 222, 192]"
08432,but,80,val,25,1,-1,5,aslu,https://www.youtube.com/watch?v=A-n2pjNaz-k,"[281, 27, 938, 720]"
08433,but,80,train,25,1,-1,5,aslu,https://www.youtube.com/watch?v=BzA6aV3_izM,"[281, 27, 939, 720]"
65278,but,80,train,25,1,-1,90,aslsignbank,https://aslsignbank.haskins.yale.edu/dictionary/protected_media/glossvideo/ASL/BU/BUT-61.mp4,"[151, 11, 502, 370]"
08424,but,80,train,25,1,-1,2,spreadthesign,https://media.spreadthesign.com/video/mp4/13/125640.mp4,"[44, 0, 262, 240]"
67451,but,80,train,25,1,-1,109,asllex,https://youtu.be/A1nZLK4Qodw,"[67, 19, 422, 360]"
08434,but,80,train,25,1,-1,5,aslu,https://www.youtube.com/watch?v=l3pElzy2Png,"[290, 53, 939, 720]"
08435,but,80,train,25,1,-1,5,aslu,https://www.youtube.com/watch?v=Ldw8UzKED8s,"[198, 13, 927, 720]"
08436,but,80,test,25,1,-1,25,aslpro,http://www.aslpro.com/main/b/but.swf,"[5, 15, 253, 240]"
08437,but,80,train,25,1,-1,41,aslsearch,http://www.aslsearch.com/signs/videos/but.mp4,"[214, 40, 515, 400]"
08425,but,80,test,25,1,-1,4,signschool,https://signstock.blob.core.windows.net/signschool/videos/db_uploads/SignSchool%20Different-JM7Z5mfnrSk.mp4,"[386, 61, 1797, 1080]"
08426,but,80,val,25,1,-1,59,asldeafined,https://media.asldeafined.com/vocabulary/1466725437.8006.mp4,"[98, 14, 542, 480]"
10146,cheat,81,train,25,2340,2392,9,asl5200,https://www.youtube.com/watch?v=PPmQd2zWdP0,"[0, 0, 360, 240]"
10161,cheat,81,train,25,1,-1,5,aslu,https://www.youtube.com/watch?v=M-YTVGOSvqA,"[322, 30, 984, 720]"
10162,cheat,81,train,25,1,-1,24,aslpro,http://www.aslpro.com/main/c/cheat_1.swf,"[20, 11, 203, 240]"
10164,cheat,81,train,25,1,-1,24,aslpro,http://www.aslpro.com/main/c/cheat_3.swf,"[5, 12, 244, 240]"
10147,cheat,81,train,25,1,-1,2,spreadthesign,https://media.spreadthesign.com/video/mp4/13/125942.mp4,"[39, 1, 239, 240]"
10166,cheat,81,train,25,1,-1,12,aslsearch,http://www.aslsearch.com/signs/videos/cheat.mp4,"[175, 52, 541, 400]"
10148,cheat,81,train,25,1,-1,4,signschool,https://signstock.blob.core.windows.net/signschool/videos/db_uploads/SignSchool%20Cheat%202-KsLHDSh6t7M.mp4,"[521, 52, 1638, 1080]"
10149,cheat,81,train,25,1,-1,4,signschool,https://signstock.blob.core.windows.net/signschool/videos/db_uploads/SignSchool%20Cheat%203-Sldnni0vyBw.mp4,"[533, 84, 1561, 1080]"
65341,cheat,81,val,25,1,-1,102,aslsignbank,https://aslsignbank.haskins.yale.edu/dictionary/protected_media/glossvideo/ASL/CH/CHEAT_1-1058.mp4,"[162, 17, 492, 370]"
10151,cheat,81,val,25,1,-1,4,signschool,https://signstock.blob.core.windows.net/signschool/videos/db_uploads/SignSchool%20Cheat%20copy-Ct97K7sCACc.mp4,"[396, 69, 1686, 1080]"
65342,cheat,81,val,25,1,-1,94,aslsignbank,https://aslsignbank.haskins.yale.edu/dictionary/protected_media/glossvideo/ASL/CH/CHEAT_2-2514.mp4,"[162, 12, 479, 370]"
67489,cheat,81,train,25,1,-1,109,asllex,https://youtu.be/lmWVuurMMOc,"[154, 20, 428, 360]"
67490,cheat,81,val,25,1,-1,109,asllex,https://youtu.be/U2Nf3gOSPhg,"[88, 15, 403, 360]"
10156,cheat,81,test,25,1,-1,20,handspeak,https://www.handspeak.com/word/c/cheat-us.mp4,"[73, 0, 522, 480]"
10157,cheat,81,train,25,1,-1,11,signingsavvy,https://www.signingsavvy.com/signs/mp4/14/14045.mp4,"[64, 10, 209, 192]"
10158,cheat,81,train,25,1,-1,11,signingsavvy,https://www.signingsavvy.com/signs/mp4/14/14046.mp4,"[75, 13, 197, 192]"
10159,cheat,81,test,25,1,-1,11,signingsavvy,https://www.signingsavvy.com/signs/mp4/14/14047.mp4,"[56, 11, 207, 192]"
10160,cheat,81,train,25,1,-1,5,aslu,https://www.youtube.com/watch?v=hIKTWc-9yKg,"[316, 34, 980, 720]"
10888,city,82,test,25,3489,3538,9,asl5200,https://www.youtube.com/watch?v=PPmQd2zWdP0,"[0, 0, 360, 240]"
69269,city,82,test,25,1,-1,115,aslbrick,http://aslbricks.org/New/ASL-Videos/city.mp4,"[490, 71, 1375, 1080]"
68374,city,82,train,25,1,61,115,lillybauer,https://www.youtube.com/watch?v=cEbPqZiaAqQ,"[344, 17, 967, 720]"
10895,city,82,train,25,1,-1,59,asldeafined,https://media.asldeafined.com/vocabulary/1466898554.85.mp4,"[98, 9, 579, 480]"
10896,city,82,train,25,1,-1,20,handspeak,https://www.handspeak.com/word/c/city.mp4,"[125, 15, 465, 360]"
10898,city,82,val,25,1,-1,11,signingsavvy,https://www.signingsavvy.com/signs/mp4/6/6001.mp4,"[73, 3, 221, 192]"
10899,city,82,train,25,1,-1,5,aslu,https://www.youtube.com/watch?v=e7Tz3OSQBQQ,"[167, 9, 500, 360]"
10900,city,82,train,25,1,-1,5,aslu,https://www.youtube.com/watch?v=R6T2OTSZNck,"[345, 32, 930, 720]"
10901,city,82,val,25,1,-1,5,aslu,https://www.youtube.com/watch?v=y3aZGBOFqtU,"[326, 28, 942, 720]"
65362,city,82,train,25,1,-1,90,aslsignbank,https://aslsignbank.haskins.yale.edu/dictionary/protected_media/glossvideo/ASL/CI/CITY-551.mp4,"[156, 17, 485, 370]"
65363,city,82,train,25,1,-1,95,aslsignbank,https://aslsignbank.haskins.yale.edu/dictionary/protected_media/glossvideo/ASL/CI/CITY-689.mp4,"[167, 11, 461, 370]"
10892,city,82,train,25,1,-1,19,elementalasl,https://elementalaslconcepts.weebly.com/uploads/2/4/4/5/24454483/city.mov,"[82, 11, 250, 180]"
67501,city,82,train,25,1,-1,109,asllex,https://youtu.be/DV17xsFO5Jg,"[76, 8, 396, 360]"
10902,city,82,train,25,1,-1,5,aslu,https://www.youtube.com/watch?v=Y8QX1lAPwOs,"[314, 40, 1019, 720]"
10903,city,82,train,25,1,-1,25,aslpro,http://www.aslpro.com/main/c/city.swf,"[4, 9, 247, 240]"
10904,city,82,val,25,1,-1,12,aslsearch,http://www.aslsearch.com/signs/videos/city.mp4,"[200, 56, 557, 400]"
10893,city,82,train,25,1,-1,42,spreadthesign,https://media.spreadthesign.com/video/mp4/13/399304.mp4,"[39, 3, 291, 240]"
10894,city,82,train,25,1,-1,4,signschool,https://signstock.blob.core.windows.net/signschool/videos/db_uploads/SignSchool%20Community%2C%20City-ullwVrgZsPE.mp4,"[569, 84, 1595, 1077]"
13154,cook,83,test,25,5932,5984,9,asl5200,https://www.youtube.com/watch?v=PPmQd2zWdP0,"[0, 0, 360, 240]"
70030,cook,83,test,25,3522,3613,121,northtexas,https://www.youtube.com/watch?v=sErq0TJMKEo,"[55, 22, 512, 480]"
68029,cook,83,train,25,1,-1,109,valencia-asl,https://www.youtube.com/watch?v=sK9DAZw4_zs,"[86, 2, 1173, 720]"
69004,cook,83,train,25,1,43,115,lillybauer,https://www.youtube.com/watch?v=Wny0hRLOETg,"[124, 8, 548, 360]"
13158,cook,83,train,25,1,-1,59,asldeafined,https://media.asldeafined.com/vocabulary/1466903034.6121.mp4,"[90, 22, 522, 480]"
13159,cook,83,val,25,1,-1,14,handspeak,https://www.handspeak.com/word/c/cook.mp4,"[20, 2, 522, 480]"
13160,cook,83,train,25,1,-1,11,signingsavvy,https://www.signingsavvy.com/signs/mp4/14/14239.mp4,"[62, 10, 205, 192]"
13161,cook,83,train,25,1,-1,11,signingsavvy,https://www.signingsavvy.com/signs/mp4/5/5801.mp4,"[66, 1, 237, 192]"
13162,cook,83,val,25,1,-1,5,aslu,https://www.youtube.com/watch?v=DPOkRwo1a6A,"[294, 59, 918, 720]"
67527,cook,83,train,25,1,-1,109,asllex,https://youtu.be/lvwn7OAGJWk,"[87, 16, 370, 360]"
13164,cook,83,train,25,1,-1,5,aslu,https://www.youtube.com/watch?v=UCVlTV4FF9g,"[321, 69, 940, 720]"
13165,cook,83,train,25,1,-1,5,aslu,https://www.youtube.com/watch?v=Xy0FCuz1KHw,"[337, 43, 946, 720]"
13166,cook,83,train,25,1,-1,30,aslpro,http://www.aslpro.com/main/c/cook.swf,"[0, 14, 226, 240]"
13167,cook,83,train,25,1,-1,12,aslsearch,http://www.aslsearch.com/signs/videos/cook2.mp4,"[164, 54, 522, 400]"
13168,cook,83,train,25,1,-1,12,aslsearch,http://www.aslsearch.com/signs/videos/cook.mp4,"[168, 59, 523, 400]"
13155,cook,83,val,25,1,-1,0,spreadthesign,https://media.spreadthesign.com/video/mp4/13/74942.mp4,"[39, 6, 251, 240]"
13156,cook,83,train,25,1,-1,36,startasl,https://s3-us-west-1.amazonaws.com/files.startasl.com/asldictionary/cook.mp4,"[213, 16, 522, 414]"
13157,cook,83,train,25,1,-1,6,signschool,https://signstock.blob.core.windows.net/signschool/videos/db_uploads/SignSchool%20Cook-OnJxNwHhkIs.mp4,"[569, 54, 1444, 1080]"
15031,decide,84,test,25,678,737,9,asl5200,https://www.youtube.com/watch?v=ChIupJBcxjs,"[0, 0, 360, 240]"
70119,decide,84,test,25,4053,4158,121,northtexas,https://www.youtube.com/watch?v=lvqGMGFmuV4,"[166, 12, 502, 480]"
15034,decide,84,train,25,1,-1,32,signschool,https://signstock.blob.core.windows.net/signschool/videos/db_uploads/SignSchool%20Decide%2C%20Definitely-a6H-G5Vhz6w.mp4,"[678, 71, 1667, 1080]"
15035,decide,84,train,25,1,-1,59,asldeafined,https://media.asldeafined.com/vocabulary/1466909021.4675.mp4,"[124, 18, 613, 480]"
15036,decide,84,train,25,1,-1,20,handspeak,https://www.handspeak.com/word/d/decide.mp4,"[28, 1, 566, 480]"
15037,decide,84,val,25,1,-1,10,signingsavvy,https://www.signingsavvy.com/signs/mp4/23/23917.mp4,"[71, 17, 209, 192]"
15038,decide,84,train,25,1,-1,11,signingsavvy,https://www.signingsavvy.com/signs/mp4/9/9203.mp4,"[53, 15, 230, 192]"
15039,decide,84,train,25,1,-1,5,aslu,https://www.youtube.com/watch?v=hIj1mcPpVC4,"[63, 16, 431, 360]"
15040,decide,84,val,25,1,-1,5,aslu,https://www.youtube.com/watch?v=hIj1mcPpVC4,"[153, 0, 978, 720]"
65449,decide,84,train,25,1,-1,102,aslsignbank,https://aslsignbank.haskins.yale.edu/dictionary/protected_media/glossvideo/ASL/DE/DECIDE-1226.mp4,"[154, 16, 494, 370]"
65450,decide,84,train,25,1,-1,102,aslsignbank,https://aslsignbank.haskins.yale.edu/dictionary/protected_media/glossvideo/ASL/DE/DECIDE-2280.mp4,"[156, 18, 503, 370]"
67555,decide,84,train,25,1,-1,109,asllex,https://youtu.be/0F7ugTN-VX8,"[95, 11, 386, 360]"
67556,decide,84,train,25,1,-1,109,asllex,https://youtu.be/AFkia1eR0_E,"[87, 20, 374, 360]"
15041,decide,84,train,25,1,-1,5,aslu,https://www.youtube.com/watch?v=N0969RhLMp0,"[100, 3, 499, 360]"
15042,decide,84,train,25,1,-1,16,aslpro,http://www.aslpro.com/main/d/decide.swf,"[8, 4, 224, 240]"
15043,decide,84,val,25,1,-1,41,aslsearch,http://www.aslsearch.com/signs/videos/decide.mp4,"[200, 44, 539, 400]"
15032,decide,84,train,25,1,-1,78,spreadthesign,https://media.spreadthesign.com/video/mp4/13/399467.mp4,"[65, 0, 262, 240]"
15033,decide,84,train,25,1,-1,38,startasl,https://s3-us-west-1.amazonaws.com/files.startasl.com/asldictionary/decide.mp4,"[428, 57, 815, 720]"
65792,full,85,val,25,1,-1,94,aslsignbank,https://aslsignbank.haskins.yale.edu/dictionary/protected_media/glossvideo/ASL/FU/FULL-139.mp4,"[124, 14, 452, 370]"
70029,full,85,test,25,3367,3478,121,northtexas,https://www.youtube.com/watch?v=sErq0TJMKEo,"[91, 23, 485, 480]"
23782,full,85,train,25,1,-1,12,aslsearch,http://www.aslsearch.com/signs/videos/full.mp4,"[182, 52, 545, 400]"
23771,full,85,train,25,1,-1,21,asldeafined,https://media.asldeafined.com/vocabulary/1468514615.3604.mp4,"[23, 2, 558, 480]"
23772,full,85,train,25,1,-1,20,handspeak,https://www.handspeak.com/word/f/full-eat.mp4,"[0, 0, 571, 480]"
23773,full,85,train,25,1,-1,20,handspeak,https://www.handspeak.com/word/f/full.mp4,"[65, 0, 517, 480]"
23774,full,85,train,25,1,-1,10,signingsavvy,https://www.signingsavvy.com/signs/mp4/23/23323.mp4,"[70, 18, 219, 192]"
23775,full,85,val,25,1,-1,10,signingsavvy,https://www.signingsavvy.com/signs/mp4/23/23324.mp4,"[77, 18, 219, 192]"
23766,full,85,train,25,1,-1,28,spreadthesign,https://media.spreadthesign.com/video/mp4/13/486573.mp4,"[37, 0, 283, 240]"
23776,full,85,val,25,1,-1,11,signingsavvy,https://www.signingsavvy.com/signs/mp4/7/7838.mp4,"[67, 18, 218, 192]"
23777,full,85,train,25,1,-1,5,aslu,https://www.youtube.com/watch?v=BOBKWrkwqUI,"[219, 30, 967, 720]"
67697,full,85,train,25,1,-1,109,asllex,https://youtu.be/vMLkIHIe_fA,"[51, 19, 383, 360]"
23778,full,85,val,25,1,-1,5,aslu,https://www.youtube.com/watch?v=OUY3FFvAjJ0,"[294, 51, 973, 720]"
23779,full,85,train,25,1,-1,5,aslu,https://www.youtube.com/watch?v=U8mXqYD9S4Q,"[348, 44, 950, 720]"
23780,full,85,train,25,1,-1,25,aslpro,http://www.aslpro.com/main/f/full.swf,"[0, 6, 239, 240]"
23767,full,85,test,25,1,-1,38,startasl,https://s3-us-west-1.amazonaws.com/files.startasl.com/asldictionary/full.mp4,"[242, 46, 836, 720]"
23768,full,85,train,25,1,-1,31,signschool,https://signstock.blob.core.windows.net/signschool/videos/db_uploads/SignSchool%20Full-0j0Nsjb8e-s.mp4,"[593, 124, 1663, 1080]"
23769,full,85,train,25,1,-1,52,signschool,https://signstock.blob.core.windows.net/signschool/videos/db_uploads/SignSchool%20Full-K3DhCup57Cs.mp4,"[277, 3, 798, 480]"
28187,how,86,test,25,2382,2418,9,asl5200,https://www.youtube.com/watch?v=SiBub8VD5wo,"[0, 0, 360, 240]"
69370,how,86,test,25,1,-1,115,aslbrick,http://aslbricks.org/New/ASL-Videos/how.mp4,"[378, 49, 894, 720]"
70295,how,86,train,25,4221,4314,121,northtexas,https://www.youtube.com/watch?v=CSj7IScvZnE,"[146, 42, 397, 360]"
68954,how,86,val,25,1,64,115,lillybauer,https://www.youtube.com/watch?v=uVXtydfzLIo,"[320, 12, 924, 720]"
28205,how,86,train,25,1,-1,21,asldeafined,https://media.asldeafined.com/vocabulary/1468638815.8605.mp4,"[76, 13, 544, 480]"
28206,how,86,val,25,1,-1,55,handspeak,https://www.handspeak.com/word/h/how-1913.mp4,"[100, 30, 371, 382]"
28207,how,86,train,25,1,-1,20,handspeak,https://www.handspeak.com/word/h/how2.mp4,"[114, 0, 552, 480]"
28208,how,86,train,25,1,-1,20,handspeak,https://www.handspeak.com/word/h/how.mp4,"[109, 0, 549, 478]"
28210,how,86,train,25,1,-1,11,signingsavvy,https://www.signingsavvy.com/signs/mp4/5/5874.mp4,"[74, 4, 218, 192]"
28201,how,86,test,25,1,-1,8,spreadthesign,https://media.spreadthesign.com/video/mp4/13/456602.mp4,"[51, 0, 255, 240]"
67776,how,86,train,25,1,-1,109,asllex,https://youtu.be/X9k65VXITzY,"[89, 17, 376, 360]"
28211,how,86,train,25,1,-1,11,signingsavvy,https://www.signingsavvy.com/signs/mp4/5/5875.mp4,"[77, 5, 217, 192]"
28212,how,86,train,25,1,-1,5,aslu,https://www.youtube.com/watch?v=awmySeWaTkk,"[250, 0, 951, 720]"
28213,how,86,train,25,1,-1,30,aslpro,http://www.aslpro.com/main/h/how.swf,"[0, 6, 229, 240]"
28214,how,86,train,25,1,-1,12,aslsearch,http://www.aslsearch.com/signs/videos/how.mp4,"[176, 54, 560, 400]"
28202,how,86,train,25,1,-1,36,startasl,https://s3-us-west-1.amazonaws.com/files.startasl.com/asldictionary/how2.mp4,"[223, 16, 527, 414]"
28203,how,86,val,25,1,-1,36,startasl,https://s3-us-west-1.amazonaws.com/files.startasl.com/asldictionary/how.mp4,"[195, 15, 548, 414]"
28204,how,86,train,25,1,-1,46,signschool,https://signstock.blob.core.windows.net/signschool/videos/db_uploads/SignSchool%20How-4-FrL86gJFo.mp4,"[634, 35, 1554, 1080]"
30830,jacket,87,test,25,34,73,9,asl5200,https://www.youtube.com/watch?v=8kWVajLqBL4,"[0, 0, 360, 240]"
68320,jacket,87,test,25,1,49,115,lillybauer,https://www.youtube.com/watch?v=9YdNdSUawfc,"[283, 0, 1019, 720]"
68079,jacket,87,train,25,1,-1,110,valencia-asl,https://www.youtube.com/watch?v=lMSfIEHvClM,"[116, 5, 694, 480]"
30847,jacket,87,train,25,1,-1,72,aslpro,http://www.aslpro.com//main/j/jacket_smoking.swf,"[13, 7, 237, 240]"
30848,jacket,87,train,25,1,-1,72,aslpro,http://www.aslpro.com/main/j/jacket.swf,"[9, 8, 241, 240]"
30849,jacket,87,val,25,1,-1,12,aslsearch,http://www.aslsearch.com/signs/videos/jacket.mp4,"[176, 59, 566, 400]"
30831,jacket,87,train,25,1,-1,37,spreadthesign,https://media.spreadthesign.com/video/mp4/13/458051.mp4,"[33, 0, 288, 240]"
30832,jacket,87,train,25,1,-1,38,startasl,https://s3-us-west-1.amazonaws.com/files.startasl.com/asldictionary/jacket.mp4,"[370, 70, 935, 720]"
30833,jacket,87,val,25,1,-1,31,signschool,https://signstock.blob.core.windows.net/signschool/videos/db_uploads/SignSchool%20Coat%2C%20Jacket%2C%20Put%20Jacket%20Or%20Coat%20On-GiSk_5R3-1I.mp4,"[488, 132, 1703, 1080]"
30834,jacket,87,train,25,1,-1,32,signschool,https://signstock.blob.core.windows.net/signschool/videos/db_uploads/SignSchool%20Jacket%2C%20Coat-S0s-qh1GpmE.mp4,"[769, 70, 1629, 1080]"
30835,jacket,87,train,25,1,-1,21,asldeafined,https://media.asldeafined.com/vocabulary/1468668730.7199.mp4,"[36, 11, 587, 480]"
30837,jacket,87,train,25,1,-1,20,handspeak,https://www.handspeak.com/word/j/jacket.mp4,"[99, 5, 567, 360]"
30838,jacket,87,train,25,1,-1,20,handspeak,https://www.handspeak.com/word/j/jacket-thin.mp4,"[116, 0, 596, 360]"
67802,jacket,87,train,25,1,-1,109,asllex,https://youtu.be/rSdZfzJZZh8,"[78, 22, 412, 360]"
30840,jacket,87,train,25,1,-1,10,signingsavvy,https://www.signingsavvy.com/signs/mp4/22/22145.mp4,"[45, 15, 252, 192]"
30841,jacket,87,val,25,1,-1,65,nabboud,https://www.youtube.com/watch?v=5E38gLsXn3E,"[300, 63, 941, 720]"
30842,jacket,87,train,25,1,-1,65,nabboud,https://www.youtube.com/watch?v=dqRCKjpXV4Q,"[347, 61, 931, 720]"
30843,jacket,87,train,25,1,-1,5,aslu,https://www.youtube.com/watch?v=RhHvcp1K0-g,"[207, 37, 1051, 720]"
66038,letter,88,train,25,1,-1,90,aslsignbank,https://aslsignbank.haskins.yale.edu/dictionary/protected_media/glossvideo/ASL/LE/LETTER-642.mp4,"[197, 11, 490, 370]"
68636,letter,88,test,25,1,46,115,lillybauer,https://www.youtube.com/watch?v=Kw9nFq7HD4Y,"[347, 16, 930, 720]"
70325,letter,88,test,25,5137,5241,121,northtexas,https://www.youtube.com/watch?v=pc0-gVEETVg,"[130, 31, 288, 240]"
68089,letter,88,val,25,1,-1,111,valencia-asl,https://www.youtube.com/watch?v=XYWN81jAkgY,"[196, 0, 621, 480]"
32948,letter,88,val,25,1,-1,31,signschool,https://signstock.blob.core.windows.net/signschool/videos/db_uploads/SignSchool%20Stamp-8KA4BvqtdOg.mp4,"[717, 124, 1569, 1074]"
32949,letter,88,train,25,1,-1,13,asldeafined,https://media.asldeafined.com/vocabulary/1468711203.8119.mp4,"[155, 0, 574, 480]"
32950,letter,88,test,25,1,-1,15,asldeafined,https://media.asldeafined.com/vocabulary/1553868352.971.mp4,"[127, 26, 515, 480]"
32951,letter,88,train,25,1,-1,20,handspeak,https://www.handspeak.com/word/l/letter.mp4,"[110, 0, 574, 480]"
32953,letter,88,train,25,1,-1,11,signingsavvy,https://www.signingsavvy.com/signs/mp4/6/6847.mp4,"[71, 16, 215, 192]"
32954,letter,88,train,25,1,-1,11,signingsavvy,https://www.signingsavvy.com/signs/mp4/6/6848.mp4,"[67, 15, 227, 192]"
32945,letter,88,train,25,1,-1,8,spreadthesign,https://media.spreadthesign.com/video/mp4/13/457528.mp4,"[57, 3, 240, 240]"
67840,letter,88,train,25,1,-1,109,asllex,https://youtu.be/cIC4tYLHaME,"[100, 13, 382, 360]"
32955,letter,88,train,25,1,-1,11,signingsavvy,https://www.signingsavvy.com/signs/mp4/6/6850.mp4,"[68, 11, 229, 192]"
32956,letter,88,val,25,1,-1,5,aslu,https://www.youtube.com/watch?v=fLkoJvqUUi8,"[336, 42, 973, 720]"
32957,letter,88,train,25,1,-1,87,aslpro,http://www.aslpro.com/main/l/letter.swf,"[1, 18, 212, 240]"
32959,letter,88,train,25,1,-1,41,aslsearch,http://www.aslsearch.com/signs/videos/letter.mp4,"[231, 40, 481, 400]"
32946,letter,88,train,25,1,-1,8,spreadthesign,https://media.spreadthesign.com/video/mp4/13/457529.mp4,"[49, 0, 245, 240]"
32947,letter,88,train,25,1,-1,4,signschool,https://signstock.blob.core.windows.net/signschool/videos/db_uploads/SignSchool%20Letter%20copy-aho9YprKA0M.mp4,"[657, 37, 1680, 1080]"
66111,medicine,89,test,25,1,-1,97,aslsignbank,https://aslsignbank.haskins.yale.edu/dictionary/protected_media/glossvideo/ASL/ME/MEDICINE-1621.mp4,"[181, 28, 456, 370]"
68810,medicine,89,test,25,1,102,113,lillybauer,https://www.youtube.com/watch?v=pupBwmtznhI,"[221, 33, 1044, 720]"
35454,medicine,89,train,25,1,-1,60,signschool,https://signstock.blob.core.windows.net/signschool/videos/SignSchool%20Medicine.mp4,"[245, 24, 559, 360]"
35455,medicine,89,train,25,1,-1,13,asldeafined,https://media.asldeafined.com/vocabulary/1468714638.9395.mp4,"[92, 0, 511, 480]"
35456,medicine,89,train,25,1,-1,34,asldeafined,https://media.asldeafined.com/vocabulary/1546574540.142.mp4,"[182, 61, 508, 480]"
35457,medicine,89,val,25,1,-1,20,handspeak,https://www.handspeak.com/word/m/medicine.mp4,"[57, 0, 546, 480]"
35458,medicine,89,train,25,1,-1,11,signingsavvy,https://www.signingsavvy.com/signs/mp4/6/6826.mp4,"[79, 19, 212, 191]"
35460,medicine,89,train,25,1,-1,5,aslu,https://www.youtube.com/watch?v=88xSMjuFPHA,"[241, 54, 927, 720]"
35461,medicine,89,val,25,1,-1,5,aslu,https://www.youtube.com/watch?v=R62C5PdSB1o,"[265, 28, 1007, 720]"
35452,medicine,89,train,25,1,-1,2,spreadthesign,https://media.spreadthesign.com/video/mp4/13/157839.mp4,"[81, 10, 288, 240]"
67890,medicine,89,train,25,1,-1,109,asllex,https://youtu.be/AUEQVbV588c,"[87, 26, 393, 360]"
35462,medicine,89,train,25,1,-1,65,nabboud,https://www.youtube.com/watch?v=rdtLwk9PeEU,"[321, 69, 880, 720]"
35463,medicine,89,train,25,1,-1,65,nabboud,https://www.youtube.com/watch?v=vAVSxCCr9jk,"[405, 69, 875, 720]"
35464,medicine,89,train,25,1,-1,44,aslpro,http://www.aslpro.com/main/l/liquid_medicine.swf,"[0, 6, 211, 240]"
35465,medicine,89,train,25,1,-1,44,aslpro,http://www.aslpro.com/main/m/medicine.swf,"[9, 0, 202, 240]"
35466,medicine,89,val,25,1,-1,44,aslpro,http://www.aslpro.com/main/m/medicine_taking.swf,"[0, 5, 217, 240]"
35467,medicine,89,train,25,1,-1,12,aslsearch,http://www.aslsearch.com/signs/videos/medical.mp4,"[195, 54, 546, 400]"
35453,medicine,89,train,25,1,-1,38,startasl,https://s3-us-west-1.amazonaws.com/files.startasl.com/asldictionary/medicine.mp4,"[435, 63, 835, 720]"
37879,need,90,test,25,507,546,9,asl5200,https://www.youtube.com/watch?v=1_jXxjd0lKE,"[0, 0, 360, 240]"
70237,need,90,test,25,5549,5666,121,northtexas,https://www.youtube.com/watch?v=4Nh1iFv2BMc,"[154, 44, 399, 360]"
68544,need,90,train,25,1,59,115,lillybauer,https://www.youtube.com/watch?v=ieLzL1Sl6SU,"[355, 30, 941, 720]"
37885,need,90,train,25,1,-1,20,handspeak,https://www.handspeak.com/word/n/need.mp4,"[75, 0, 573, 480]"
37886,need,90,train,25,1,-1,11,signingsavvy,https://www.signingsavvy.com/signs/mp4/9/9563.mp4,"[69, 15, 215, 192]"
37887,need,90,val,25,1,-1,5,aslu,https://www.youtube.com/watch?v=Eo-vEE1gFxM,"[251, 0, 926, 720]"
37888,need,90,train,25,1,-1,5,aslu,https://www.youtube.com/watch?v=Eo-vEE1gFxM,"[251, 0, 926, 720]"
37889,need,90,train,25,1,-1,5,aslu,https://www.youtube.com/watch?v=kgmz82HWI-I,"[284, 42, 938, 720]"
37890,need,90,val,25,1,-1,5,aslu,https://www.youtube.com/watch?v=n5hGwUxGm0Y,"[373, 18, 989, 720]"
37881,need,90,train,25,1,-1,0,spreadthesign,https://media.spreadthesign.com/video/mp4/13/63549.mp4,"[27, 8, 248, 240]"
67925,need,90,train,25,1,-1,109,asllex,https://youtu.be/JPvbOOrG-gU,"[97, 20, 347, 360]"
37891,need,90,train,25,1,-1,5,aslu,https://www.youtube.com/watch?v=RoY7cjIPNxY,"[341, 45, 946, 718]"
37892,need,90,train,25,1,-1,51,nabboud,https://www.youtube.com/watch?v=rul1iWBt3Jg,"[286, 68, 887, 720]"
37893,need,90,train,25,1,-1,87,aslpro,http://www.aslpro.com/main/n/need.swf,"[27, 9, 228, 240]"
37894,need,90,train,25,1,-1,41,aslsearch,http://www.aslsearch.com/signs/videos/shall.mp4,"[245, 39, 505, 400]"
37882,need,90,val,25,1,-1,36,startasl,https://s3-us-west-1.amazonaws.com/files.startasl.com/asldictionary/need.mp4,"[217, 16, 522, 414]"
37883,need,90,train,25,1,-1,27,signschool,https://signstock.blob.core.windows.net/signschool/videos/db_uploads/SignSchool%20Need-0qij0e7-5Ak.mp4,"[777, 75, 1751, 1074]"
37884,need,90,train,25,1,-1,13,asldeafined,https://media.asldeafined.com/vocabulary/1468718141.8252.mp4,"[109, 0, 496, 480]"
40816,paint,91,test,25,101,173,9,asl5200,https://www.youtube.com/watch?v=zHd4YEFzpwE,"[0, 0, 360, 240]"
68364,paint,91,test,25,1,91,115,lillybauer,https://www.youtube.com/watch?v=bzeoojCEbX0,"[117, 11, 546, 358]"
68125,paint,91,train,25,1,-1,109,valencia-asl,https://www.youtube.com/watch?v=VPeBrHewtSY,"[97, 0, 1173, 720]"
40838,paint,91,train,25,1,-1,14,handspeak,https://www.handspeak.com/word/p/paint-art.mp4,"[110, 16, 537, 480]"
40839,paint,91,train,25,1,-1,14,handspeak,https://www.handspeak.com/word/p/paint-wall.mp4,"[109, 17, 541, 480]"
40840,paint,91,val,25,1,-1,11,signingsavvy,https://www.signingsavvy.com/signs/mp4/14/14823.mp4,"[80, 12, 209, 192]"
40841,paint,91,train,25,1,-1,11,signingsavvy,https://www.signingsavvy.com/signs/mp4/14/14824.mp4,"[78, 11, 210, 192]"
40842,paint,91,train,25,1,-1,5,aslu,https://www.youtube.com/watch?v=9V_pXf6tP_U,"[193, 23, 991, 720]"
40843,paint,91,val,25,1,-1,5,aslu,https://www.youtube.com/watch?v=iZ713O5fNos,"[331, 47, 935, 720]"
40834,paint,91,train,25,1,-1,31,signschool,https://signstock.blob.core.windows.net/signschool/videos/db_uploads/SignSchool%20Paint%202-na0od_u1s8k.mp4,"[672, 123, 1519, 1071]"
67958,paint,91,train,25,1,-1,109,asllex,https://youtu.be/2x5hblbX1Ho,"[75, 20, 384, 360]"
40844,paint,91,train,25,1,-1,81,nabboud,https://www.youtube.com/watch?v=NGNoEmYEpCQ,"[361, 70, 838, 720]"
40845,paint,91,train,25,1,-1,5,aslu,https://www.youtube.com/watch?v=WXDexpGu-zU,"[321, 48, 939, 720]"
40846,paint,91,train,25,1,-1,87,aslpro,http://www.aslpro.com/main/p/paint.swf,"[16, 20, 206, 240]"
40847,paint,91,train,25,1,-1,12,aslsearch,http://www.aslsearch.com/signs/videos/paint.mp4,"[183, 59, 560, 400]"
40835,paint,91,val,25,1,-1,31,signschool,https://signstock.blob.core.windows.net/signschool/videos/db_uploads/SignSchool%20Paint-e962KC5Cm5w.mp4,"[630, 123, 1712, 1072]"
40836,paint,91,train,25,1,-1,31,signschool,https://signstock.blob.core.windows.net/signschool/videos/db_uploads/SignSchool%20Paint-qTA0nc4WYOc.mp4,"[639, 65, 1578, 1080]"
40837,paint,91,train,25,1,-1,13,asldeafined,https://media.asldeafined.com/vocabulary/1468723124.3329.mp4,"[121, 0, 529, 480]"
41008,paper,92,test,25,247,296,9,asl5200,https://www.youtube.com/watch?v=zHd4YEFzpwE,"[0, 0, 360, 240]"
68446,paper,92,test,25,1,56,115,lillybauer,https://www.youtube.com/watch?v=f85vUmJJP8I,"[326, 0, 915, 720]"
70211,paper,92,train,25,2006,2106,121,northtexas,https://www.youtube.com/watch?v=hjS0dQDgbjo,"[112, 24, 274, 240]"
68127,paper,92,train,25,1,-1,110,valencia-asl,https://www.youtube.com/watch?v=LXLQyvK23hc,"[247, 1, 671, 480]"
41030,paper,92,train,25,1,-1,15,asldeafined,https://media.asldeafined.com/vocabulary/1522767936.333.mp4,"[132, 28, 517, 480]"
41031,paper,92,val,25,1,-1,14,handspeak,https://www.handspeak.com/word/p/paper.mp4,"[105, 6, 504, 480]"
41032,paper,92,train,25,1,-1,11,signingsavvy,https://www.signingsavvy.com/signs/mp4/5/5899.mp4,"[75, 8, 210, 192]"
41033,paper,92,train,25,1,-1,5,aslu,https://www.youtube.com/watch?v=zNSQm23fGzI,"[276, 39, 988, 720]"
41034,paper,92,val,25,1,-1,5,aslu,https://www.youtube.com/watch?v=zNSQm23fGzI,"[276, 39, 988, 720]"
41025,paper,92,train,25,1,-1,56,spreadthesign,https://media.spreadthesign.com/video/mp4/13/49171.mp4,"[55, 3, 261, 240]"
67961,paper,92,train,25,1,-1,109,asllex,https://youtu.be/f_l5OkjlEpw,"[126, 21, 380, 360]"
41035,paper,92,train,25,1,-1,5,aslu,https://www.youtube.com/watch?v=ZrdOYM36B9I,"[299, 45, 952, 720]"
41036,paper,92,train,25,1,-1,87,aslpro,http://www.aslpro.com/main/p/paper.swf,"[23, 9, 221, 240]"
41037,paper,92,train,25,1,-1,41,aslsearch,http://www.aslsearch.com/signs/videos/paper.mp4,"[230, 37, 491, 400]"
41026,paper,92,train,25,1,-1,36,startasl,https://s3-us-west-1.amazonaws.com/files.startasl.com/asldictionary/paper.mp4,"[225, 18, 531, 414]"
41027,paper,92,val,25,1,-1,31,signschool,https://signstock.blob.core.windows.net/signschool/videos/db_uploads/SignSchool%20Paper%202-wnfSW4-iXHY.mp4,"[619, 68, 1535, 1072]"
41028,paper,92,train,25,1,-1,31,signschool,https://signstock.blob.core.windows.net/signschool/videos/SignSchool%20Paper.mp4,"[419, 45, 1006, 720]"
41029,paper,92,train,25,1,-1,13,asldeafined,https://media.asldeafined.com/vocabulary/1468723544.417.mp4,"[112, 0, 519, 480]"
45252,pull,93,test,25,6706,6755,9,asl5200,https://www.youtube.com/watch?v=zHd4YEFzpwE,"[0, 0, 360, 240]"
69439,pull,93,test,25,1,-1,115,aslbrick,http://aslbricks.org/New/ASL-Videos/pull.mp4,"[71, 38, 1022, 720]"
70378,pull,93,train,25,5233,5344,121,northtexas,https://www.youtube.com/watch?v=Z25ng9maolE,"[137, 16, 463, 480]"
45265,pull,93,train,25,1,-1,13,asldeafined,https://media.asldeafined.com/vocabulary/1468757283.4828.mp4,"[156, 0, 567, 480]"
45266,pull,93,train,25,1,-1,20,handspeak,https://www.handspeak.com/word/p/pull.mp4,"[121, 0, 548, 480]"
45267,pull,93,val,25,1,-1,10,signingsavvy,https://www.signingsavvy.com/signs/mp4/22/22921.mp4,"[60, 29, 223, 192]"
45268,pull,93,train,25,1,-1,5,aslu,https://www.youtube.com/watch?v=i5qAkbXqz9Y,"[346, 36, 1036, 720]"
45269,pull,93,train,25,1,-1,5,aslu,https://www.youtube.com/watch?v=kO_5FgRTVCs,"[358, 56, 944, 720]"
45270,pull,93,val,25,1,-1,7,nabboud,https://www.youtube.com/watch?v=v_raVhhnAIE,"[324, 92, 946, 720]"
66351,pull,93,train,25,1,-1,101,aslsignbank,https://aslsignbank.haskins.yale.edu/dictionary/protected_media/glossvideo/ASL/PU/PULL-229.mp4,"[214, 7, 518, 370]"
45261,pull,93,train,25,1,-1,26,spreadthesign,https://media.spreadthesign.com/video/mp4/13/306777.mp4,"[62, 21, 290, 240]"
67111,pull,93,train,25,1,-1,109,asllex,https://youtu.be/nsRQOdkyTP8,"[92, 19, 372, 360]"
45271,pull,93,train,25,1,-1,5,aslu,https://www.youtube.com/watch?v=zfNH9EdhgNo,"[134, 5, 535, 360]"
45272,pull,93,train,25,1,-1,24,aslpro,http://www.aslpro.com/main/p/pull.swf,"[14, 16, 204, 240]"
45273,pull,93,train,25,1,-1,41,aslsearch,http://www.aslsearch.com/signs/videos/pull.mp4,"[213, 38, 551, 400]"
45262,pull,93,val,25,1,-1,32,signschool,https://signstock.blob.core.windows.net/signschool/videos/db_uploads/SignSchool%20Pull2-3gtcnXxKZHs.mp4,"[687, 88, 1685, 1080]"
45263,pull,93,train,25,1,-1,31,signschool,https://signstock.blob.core.windows.net/signschool/videos/db_uploads/SignSchool%20Pull-78bHeANdyYc.mp4,"[368, 108, 1509, 1078]"
45264,pull,93,train,25,1,-1,32,signschool,https://signstock.blob.core.windows.net/signschool/videos/db_uploads/SignSchool%20Pull-N_bMKvAGxjs.mp4,"[744, 77, 1564, 1080]"
45432,purple,94,test,25,6859,6898,9,asl5200,https://www.youtube.com/watch?v=zHd4YEFzpwE,"[0, 0, 360, 240]"
69440,purple,94,test,25,1,-1,118,aslbrick,http://aslbricks.org/New/ASL-Videos/purple.mp4,"[169, 38, 878, 720]"
68137,purple,94,train,25,1,-1,110,valencia-asl,https://www.youtube.com/watch?v=ESK6NAvvsKg,"[247, 0, 640, 480]"
68726,purple,94,train,25,1,59,115,lillybauer,https://www.youtube.com/watch?v=nBhhhS7HXIo,"[346, 6, 896, 720]"
70247,purple,94,train,25,1581,1681,121,northtexas,https://www.youtube.com/watch?v=WprUBqi3iBc,"[99, 44, 394, 360]"
45438,purple,94,val,25,1,-1,11,signingsavvy,https://www.signingsavvy.com/signs/mp4/6/6858.mp4,"[73, 19, 220, 191]"
45439,purple,94,train,25,1,-1,47,scott,https://www.youtube.com/watch?v=lKzYzA2JZaI,"[321, 11, 939, 720]"
45440,purple,94,train,25,1,-1,5,aslu,https://www.youtube.com/watch?v=zgdzYtHB6jg,"[334, 50, 955, 720]"
45441,purple,94,val,25,1,-1,68,nabboud,https://www.youtube.com/watch?v=zW5FrLEDRiM,"[285, 70, 911, 720]"
66355,purple,94,train,25,1,-1,101,aslsignbank,https://aslsignbank.haskins.yale.edu/dictionary/protected_media/glossvideo/ASL/PU/PURPLE-989.mp4,"[195, 6, 478, 370]"
67114,purple,94,train,25,1,-1,109,asllex,https://youtu.be/54csIWbS-Gc,"[85, 13, 372, 360]"
45442,purple,94,train,25,1,-1,30,aslpro,http://www.aslpro.com/main/p/purple.swf,"[0, 11, 217, 240]"
45443,purple,94,train,25,1,-1,12,aslsearch,http://www.aslsearch.com/signs/videos/purple.mp4,"[153, 54, 563, 400]"
45433,purple,94,train,25,1,-1,56,spreadthesign,https://media.spreadthesign.com/video/mp4/13/49224.mp4,"[21, 0, 266, 240]"
45434,purple,94,train,25,1,-1,36,startasl,https://s3-us-west-1.amazonaws.com/files.startasl.com/asldictionary/purple.mp4,"[216, 13, 520, 414]"
45435,purple,94,val,25,1,-1,4,signschool,https://signstock.blob.core.windows.net/signschool/videos/SignSchool%20Purple.mp4,"[286, 36, 1094, 720]"
45436,purple,94,train,25,1,-1,13,asldeafined,https://media.asldeafined.com/vocabulary/1468757349.9136.mp4,"[174, 3, 535, 480]"
45437,purple,94,train,25,1,-1,20,handspeak,https://www.handspeak.com/word/p/purple.mp4,"[84, 0, 573, 480]"
68142,right,95,train,25,1,-1,111,valencia-asl,https://www.youtube.com/watch?v=e1RF5h4OgOg,"[190, 0, 603, 480]"
48122,right,95,train,25,1,-1,24,aslpro,http://www.aslpro.com/main/r/right_correct.swf,"[26, 9, 200, 240]"
48123,right,95,val,25,1,-1,44,aslpro,http://www.aslpro.com/main/r/right_direction.swf,"[14, 0, 215, 240]"
48105,right,95,train,25,1,-1,36,startasl,https://s3-us-west-1.amazonaws.com/files.startasl.com/asldictionary/right.mp4,"[222, 16, 525, 414]"
48124,right,95,val,25,1,-1,12,aslsearch,http://www.aslsearch.com/signs/videos/correct.mp4,"[163, 54, 523, 400]"
48126,right,95,test,25,1,-1,12,aslsearch,http://www.aslsearch.com/signs/videos/right.mp4,"[147, 49, 540, 398]"
48106,right,95,train,25,1,-1,4,signschool,https://signstock.blob.core.windows.net/signschool/videos/db_uploads/SignSchool%20Right%2C%20Correct-XhAAfS8YF4o.mp4,"[500, 46, 1574, 1080]"
48107,right,95,train,25,1,-1,31,signschool,https://signstock.blob.core.windows.net/signschool/videos/db_uploads/SignSchool%20Right-VC1zsuX_WU4.mp4,"[663, 79, 1478, 1080]"
48108,right,95,val,25,1,-1,59,asldeafined,https://media.asldeafined.com/vocabulary/1466903512.8429.mp4,"[126, 24, 523, 480]"
67143,right,95,train,25,1,-1,109,asllex,https://youtu.be/0AbAh8gsQZg,"[101, 16, 341, 360]"
48109,right,95,train,25,1,-1,13,asldeafined,https://media.asldeafined.com/vocabulary/1468761005.7507.mp4,"[47, 0, 566, 480]"
48111,right,95,train,25,1,-1,14,handspeak,https://www.handspeak.com/word/r/right-correct2.mp4,"[86, 15, 249, 240]"
48112,right,95,val,25,1,-1,14,handspeak,https://www.handspeak.com/word/r/right-dir.mp4,"[20, 16, 275, 240]"
67142,right,95,train,25,1,-1,109,asllex,https://youtu.be/bmc1BJWo_Pw,"[114, 18, 339, 360]"
48114,right,95,train,25,1,-1,10,signingsavvy,https://www.signingsavvy.com/signs/mp4/22/22624.mp4,"[76, 20, 212, 192]"
48115,right,95,test,25,1,-1,11,signingsavvy,https://www.signingsavvy.com/signs/mp4/6/6234.mp4,"[86, 15, 214, 192]"
48117,right,95,train,25,1,-1,5,aslu,https://www.youtube.com/watch?v=5UnUWDYxfv0,"[353, 46, 958, 720]"
48120,right,95,train,25,1,-1,5,aslu,https://www.youtube.com/watch?v=mxX9mVMl8O4,"[319, 39, 933, 719]"
49173,same,96,test,25,1,-1,63,spreadthesign,https://media.spreadthesign.com/video/mp4/13/50775.mp4,"[61, 0, 257, 240]"
68856,same,96,train,25,1,39,115,lillybauer,https://www.youtube.com/watch?v=rDAGt54vEsI,"[356, 5, 922, 720]"
49175,same,96,train,25,1,-1,4,signschool,https://signstock.blob.core.windows.net/signschool/videos/db_uploads/SignSchool%20Same%2C%20Similar-u52CAu7ygrY.mp4,"[349, 56, 1688, 1072]"
49176,same,96,val,25,1,-1,6,signschool,https://signstock.blob.core.windows.net/signschool/videos/db_uploads/SignSchool%20Same-DeqpnWES_bs.mp4,"[534, 73, 1483, 1079]"
49178,same,96,train,25,1,-1,13,asldeafined,https://media.asldeafined.com/vocabulary/1468762687.6352.mp4,"[126, 0, 522, 480]"
49179,same,96,test,25,1,-1,14,handspeak,https://www.handspeak.com/word/s/same-also.mp4,"[14, 0, 320, 240]"
49180,same,96,test,25,1,-1,14,handspeak,https://www.handspeak.com/word/s/same-as.mp4,"[140, 0, 540, 480]"
49181,same,96,train,25,1,-1,11,signingsavvy,https://www.signingsavvy.com/signs/mp4/14/14298.mp4,"[70, 11, 209, 192]"
49182,same,96,val,25,1,-1,11,signingsavvy,https://www.signingsavvy.com/signs/mp4/8/8807.mp4,"[60, 10, 211, 192]"
67159,same,96,train,25,1,-1,109,asllex,https://youtu.be/BZxoTuwBHvA,"[102, 16, 374, 360]"
67161,same,96,train,25,1,-1,109,asllex,https://youtu.be/sR_PzooQLx4,"[102, 14, 382, 360]"
49183,same,96,train,25,1,-1,11,signingsavvy,https://www.signingsavvy.com/signs/mp4/8/8808.mp4,"[65, 11, 211, 192]"
49184,same,96,train,25,1,-1,5,aslu,https://www.youtube.com/watch?v=cnX45VWbjmc,"[340, 48, 932, 719]"
49185,same,96,train,25,1,-1,5,aslu,https://www.youtube.com/watch?v=o1NMZAc7vO4,"[328, 45, 950, 720]"
49186,same,96,train,25,1,-1,5,aslu,https://www.youtube.com/watch?v=OwtSP1QozuE,"[319, 70, 894, 720]"
49187,same,96,val,25,1,-1,87,aslpro,http://www.aslpro.com/main/s/same.swf,"[17, 8, 230, 240]"
49188,same,96,train,25,1,-1,12,aslsearch,http://www.aslsearch.com/signs/videos/same.mp4,"[199, 48, 574, 400]"
49174,same,96,train,25,1,-1,4,signschool,https://signstock.blob.core.windows.net/signschool/videos/db_uploads/SignSchool%20Same%202-YS_M2kWlN4E.mp4,"[500, 45, 1725, 1080]"
53258,son,97,test,25,6645,6694,9,asl5200,https://www.youtube.com/watch?v=XB3Q6IX6CBo,"[0, 0, 360, 240]"
68336,son,97,test,25,1,57,112,lillybauer,https://www.youtube.com/watch?v=Aq6l7fEWRVM,"[225, 12, 987, 720]"
70335,son,97,train,25,1749,1869,121,northtexas,https://www.youtube.com/watch?v=bq-HmgjGzmw,"[157, 46, 440, 360]"
53272,son,97,train,25,1,-1,14,handspeak,https://www.handspeak.com/word/s/son.mp4,"[53, 13, 267, 240]"
53273,son,97,train,25,1,-1,11,signingsavvy,https://www.signingsavvy.com/signs/mp4/6/6483.mp4,"[51, 14, 212, 192]"
53274,son,97,val,25,1,-1,11,signingsavvy,https://www.signingsavvy.com/signs/mp4/8/8467.mp4,"[47, 17, 208, 192]"
53275,son,97,train,25,1,-1,11,signingsavvy,https://www.signingsavvy.com/signs/mp4/8/8468.mp4,"[51, 16, 208, 192]"
53276,son,97,train,25,1,-1,5,aslu,https://www.youtube.com/watch?v=IRIy8xUFfHk,"[94, 5, 512, 360]"
53277,son,97,val,25,1,-1,5,aslu,https://www.youtube.com/watch?v=JtgGFe8HIFQ,"[242, 43, 1010, 720]"
66531,son,97,train,25,1,-1,108,aslsignbank,https://aslsignbank.haskins.yale.edu/dictionary/protected_media/glossvideo/ASL/SO/SON-1095.mp4,"[148, 44, 479, 370]"
66532,son,97,train,25,1,-1,90,aslsignbank,https://aslsignbank.haskins.yale.edu/dictionary/protected_media/glossvideo/ASL/SO/SON-2294.mp4,"[159, 16, 465, 370]"
53268,son,97,train,25,1,-1,38,startasl,https://s3-us-west-1.amazonaws.com/files.startasl.com/asldictionary/son.mp4,"[397, 71, 853, 720]"
67227,son,97,train,25,1,-1,109,asllex,https://youtu.be/rbEp5hFQljM,"[96, 11, 384, 360]"
53278,son,97,train,25,1,-1,87,aslpro,http://www.aslpro.com/main/s/son.swf,"[12, 8, 229, 240]"
53279,son,97,train,25,1,-1,12,aslsearch,http://www.aslsearch.com/signs/videos/son.mp4,"[188, 53, 566, 400]"
53269,son,97,val,25,1,-1,4,signschool,https://signstock.blob.core.windows.net/signschool/videos/db_uploads/SignSchool%20Son%20old-cbYUv1Dfe-E.mp4,"[397, 48, 1640, 1080]"
53270,son,97,train,25,1,-1,39,signschool,https://signstock.blob.core.windows.net/signschool/videos/db_uploads/SignSchool%20Son-xK7RVeNsExY.mp4,"[790, 55, 1742, 1080]"
53271,son,97,train,25,1,-1,13,asldeafined,https://media.asldeafined.com/vocabulary/1468776548.4657.mp4,"[123, 0, 564, 480]"
57273,tell,98,test,25,840,876,9,asl5200,https://www.youtube.com/watch?v=x6CehcknaH8,"[0, 0, 360, 240]"
57278,tell,98,test,25,1,-1,13,asldeafined,https://media.asldeafined.com/vocabulary/1468943705.2416.mp4,"[134, 0, 506, 480]"
57279,tell,98,train,25,1,-1,14,handspeak,https://www.handspeak.com/word/t/tell-me.mp4,"[95, 0, 452, 480]"
57280,tell,98,train,25,1,-1,14,handspeak,https://www.handspeak.com/word/t/tell.mp4,"[124, 0, 493, 480]"
57281,tell,98,train,25,1,-1,14,handspeak,https://www.handspeak.com/word/t/tell-them.mp4,"[45, 0, 567, 480]"
57282,tell,98,val,25,1,-1,11,signingsavvy,https://www.signingsavvy.com/signs/mp4/14/14398.mp4,"[74, 9, 216, 192]"
57283,tell,98,train,25,1,-1,11,signingsavvy,https://www.signingsavvy.com/signs/mp4/6/6412.mp4,"[62, 17, 218, 192]"
57284,tell,98,train,25,1,-1,11,signingsavvy,https://www.signingsavvy.com/signs/mp4/7/7823.mp4,"[80, 14, 228, 192]"
57285,tell,98,val,25,1,-1,11,signingsavvy,https://www.signingsavvy.com/signs/mp4/9/9494.mp4,"[69, 11, 209, 192]"
57276,tell,98,train,25,1,-1,0,spreadthesign,https://media.spreadthesign.com/video/mp4/13/58555.mp4,"[62, 6, 245, 240]"
67287,tell,98,train,25,1,-1,109,asllex,https://youtu.be/giIzGcYftow,"[112, 21, 340, 360]"
57286,tell,98,train,25,1,-1,11,signingsavvy,https://www.signingsavvy.com/signs/mp4/9/9495.mp4,"[73, 13, 209, 192]"
57287,tell,98,train,25,1,-1,11,signingsavvy,https://www.signingsavvy.com/signs/mp4/9/9828.mp4,"[76, 11, 211, 192]"
57288,tell,98,train,25,1,-1,5,aslu,https://www.youtube.com/watch?v=SvfopPYaJJU,"[388, 44, 937, 720]"
57289,tell,98,train,25,1,-1,5,aslu,https://www.youtube.com/watch?v=Uda6XJH18yw,"[305, 40, 944, 720]"
57290,tell,98,val,25,1,-1,25,aslpro,http://www.aslpro.com/main/t/tell.swf,"[0, 7, 232, 240]"
57291,tell,98,train,25,1,-1,12,aslsearch,http://www.aslsearch.com/signs/videos/tell.mp4,"[186, 52, 541, 400]"
57277,tell,98,train,25,1,-1,6,signschool,https://signstock.blob.core.windows.net/signschool/videos/db_uploads/SignSchool%20Tell-BJ_V7T3naFY.mp4,"[794, 68, 1572, 1080]"
58359,thursday,99,test,25,2655,2707,9,asl5200,https://www.youtube.com/watch?v=x6CehcknaH8,"[0, 0, 360, 240]"
70026,thursday,99,test,25,1402,1493,121,northtexas,https://www.youtube.com/watch?v=sErq0TJMKEo,"[166, 19, 472, 480]"
58362,thursday,99,train,25,1,-1,3,signschool,https://signstock.blob.core.windows.net/signschool/videos/db_uploads/SignSchool%20Thursday-rvL5KYKyuS8.mp4,"[523, 13, 1374, 1080]"
58363,thursday,99,train,25,1,-1,13,asldeafined,https://media.asldeafined.com/vocabulary/1468945192.6467.mp4,"[92, 0, 507, 480]"
58364,thursday,99,train,25,1,-1,20,handspeak,https://www.handspeak.com/word/t/thursday.mp4,"[34, 9, 275, 240]"
58365,thursday,99,val,25,1,-1,11,signingsavvy,https://www.signingsavvy.com/signs/mp4/6/6019.mp4,"[77, 10, 217, 192]"
58366,thursday,99,train,25,1,-1,11,signingsavvy,https://www.signingsavvy.com/signs/mp4/6/6020.mp4,"[79, 11, 217, 192]"
58367,thursday,99,train,25,1,-1,5,aslu,https://www.youtube.com/watch?v=avbqdo5HoQc,"[358, 37, 952, 719]"
58368,thursday,99,val,25,1,-1,5,aslu,https://www.youtube.com/watch?v=PJs5VaRTMak,"[352, 44, 947, 720]"
66637,thursday,99,train,25,1,-1,98,aslsignbank,https://aslsignbank.haskins.yale.edu/dictionary/protected_media/glossvideo/ASL/TH/THURSDAY-1224.mp4,"[166, 30, 453, 370]"
66638,thursday,99,train,25,1,-1,98,aslsignbank,https://aslsignbank.haskins.yale.edu/dictionary/protected_media/glossvideo/ASL/TH/THURSDAY-1228.mp4,"[177, 30, 453, 370]"
66639,thursday,99,train,25,1,-1,98,aslsignbank,https://aslsignbank.haskins.yale.edu/dictionary/protected_media/glossvideo/ASL/TH/THURSDAY-1229.mp4,"[133, 32, 455, 370]"
66640,thursday,99,train,25,1,-1,98,aslsignbank,https://aslsignbank.haskins.yale.edu/dictionary/protected_media/glossvideo/ASL/TH/THURSDAY-1331.mp4,"[134, 30, 459, 370]"
67306,thursday,99,train,25,1,-1,109,asllex,https://youtu.be/3HztBiJlikY,"[95, 13, 372, 360]"
58369,thursday,99,train,25,1,-1,24,aslpro,http://www.aslpro.com/main/t/thursday.swf,"[6, 19, 201, 240]"
58370,thursday,99,val,25,1,-1,12,aslsearch,http://www.aslsearch.com/signs/videos/thursday.mp4,"[163, 53, 540, 400]"
58360,thursday,99,train,25,1,-1,56,spreadthesign,https://media.spreadthesign.com/video/mp4/13/50882.mp4,"[54, 0, 281, 240]"
58361,thursday,99,train,25,1,-1,38,startasl,https://s3-us-west-1.amazonaws.com/files.startasl.com/asldictionary/thursday.mp4,"[401, 54, 815, 720]"
